"Product title","Product variant title","Product variant SKU","Month","Shipping country","Day","Net items sold","Gross sales","Discounts","Returns","Net sales","Taxes","Total sales"
"Pesado EP Filter Basket","EP-Breville54-18g","EP-BR-18g","2025-01-01","United States","2025-01-07",1,20,0,0,20,0,20
"Espresso Shot Mirror","Default Title","PSDshot-mirror","2025-01-01","United States","2025-01-05",1,28,-2.8,0,25.2,0,25.2
"Hybrid LM/E61/NS/GA Portafilter - Versatile Bottomless & Spouted","E61 5mm / Black | Silver","PF02MV-BSL-HY","2025-01-01","Singapore","2025-01-14",1,140.4,-14.04,0,126.36,0,126.36
"Bottomless LM/E61/NS/GA Portafilter (Hybrid)","Breville 54mm / Black / Riga","PF00BR54BK-Riga-HY","2025-01-01","United States","2025-01-25",1,120,-12,0,108,0,108
"Spring-Loaded Self-Leveling Tamper – Pesado x AD Coffee","Default Title","PSD-ADcoffee-Tamper","2025-01-01","United States","2025-01-31",1,120,0,0,120,0,120
"53.5 & 58.5mm Puck Diffuser Screen","53.5mm","PSD-puck-54","2025-01-01","United States","2025-01-13",2,40,-2,0,38,0,38
"Magnetic Espresso Dosing Ring","54mm Dosing Ring / Black","V2-PSDring-54mm","2025-01-01","United States","2025-01-22",1,22.5,0,0,22.5,0,22.5
"High Extraction He[%] 54mm Breville Filter Basket - Dosing 18g-20g","Default Title","PSD-HE-54","2025-01-01","United States","2025-01-26",1,65,-6.5,0,58.5,0,58.5
"Bottomless LM/E61/NS/GA Portafilter (Hybrid)","Breville 54mm / White / Silver","PF00BR54-WSL-HY","2025-01-01","United States","2025-01-28",1,112,-11.2,0,100.8,0,100.8
"Coffee Tamper: 58.5mm & 53.5mm","58.5mm / Black / Riga","PSDTMBKRiga","2025-01-01","United States","2025-01-06",1,97.5,0,0,97.5,0,97.5
"Magnetic Espresso Dosing Ring","54mm Dosing Ring / Black","V2-PSDring-54mm","2025-01-01","United States","2025-01-11",1,22.5,0,0,22.5,0,22.5
"Bottomless LM/E61/NS/GA Portafilter (Hybrid)","La Marzocco 6mm / Black / Bronze","PF00LM-BBZ-HY","2025-01-01","United States","2025-01-09",1,112,0,0,112,0,112
"Hybrid LM/E61/NS/GA Portafilter - Versatile Bottomless & Spouted","E61 5mm / Black | Riga","PF02MVBK-Riga-HY","2025-01-01","Singapore","2025-01-10",1,148.32,-14.83,0,133.49,0,133.49
"Pesado EP Filter Basket","EP-22g","EP-22g","2025-01-01","United States","2025-01-25",1,20,-2.01,0,17.99,0,17.99
"High Extraction He[%] Filter Baskets for a Fuller Coffee Experience","Pesado He[%] Basket - Medium","PSD-HE-ME","2025-01-01","United Kingdom","2025-01-15",1,67.16,0,0,67.16,0,67.16
"Naked/Bottomless Portafilter - Head Only (HYBRID)","E61 5mm","PFH00MV-HY","2025-01-01","United States","2025-01-17",1,67.5,0,0,67.5,0,67.5
"Stainless Steel Clump Crusher V2.0 (WDT espresso distribution tool)","Black","V2-PSDcrusher-Black","2025-01-01","Turkey","2025-01-15",1,34.35,-34.35,0,0,0,0
"53.5 & 58.5mm Puck Diffuser Screen","53.5mm","PSD-puck-54","2025-01-01","United States","2025-01-25",1,20,0,0,20,0,20
"Full Moon Wave - Convex Tamper","Black | Riga","PSDT-WAVE-BKRiga","2025-01-01","Singapore","2025-01-04",1,117.51,-11.75,0,105.76,0,105.76
"Impact Gravity Espresso Grounds Distributor (58.4mm)","Black","V2-PSD-distributor","2025-01-01","United States","2025-01-15",1,120,0,0,120,0,120
"Pesado Single Dose Coffee Cellar Stand + 4 Pack of Bean Cellars","Default Title","PSD-Beanstand-combo","2025-01-01","United States","2025-01-16",1,75,0,0,75,0,75
"Pesado 58.5 Portafilter Hybrid Head - Versatile & Easy to Use","La Marzocco 6mm Hybrid","PFH02LM-HY","2025-01-01","United Arab Emirates","2025-01-14",1,94.47,0,0,94.47,0,94.47
"High Extraction He[%] Filter Baskets for a Fuller Coffee Experience","Pesado He[%] Basket - Small","PSD-HE-SM","2025-01-01","United States","2025-01-13",1,65,0,0,65,0,65
"High Extraction He[%] Filter Baskets for a Fuller Coffee Experience","Pesado He[%] Basket - Medium","PSD-HE-ME","2025-01-01","United States","2025-01-09",2,130,0,0,130,0,130
"Modular Portafilter Handles","White / Silver",,"2025-01-01","United States","2025-01-04",1,49.89,0,0,49.89,5.11,55
"Modular Puck Screen Holder - Aluminum Matte Black","Default Title","PSD-PuckHolder","2025-01-01","United States","2025-01-22",1,18,0,0,18,0,18
"Dusk & Haze Clump Crusher (WDT tool)","Dusk","PSDcrusher-Dusk","2025-01-01","United States","2025-01-13",1,34.35,-3.44,0,30.91,0,30.91
"High Extraction He[%] 54mm Breville Filter Basket - Dosing 18g-20g","Default Title","PSD-HE-54","2025-01-01","United States","2025-01-19",3,191.03,-65,0,126.03,3.97,130
"Hybrid LM/E61/NS/GA Portafilter - Versatile Bottomless & Spouted","Nuova Simonelli / Black | Silver","PF02NS-BSL-HY","2025-01-01","Singapore","2025-01-04",1,140.13,-14.01,0,126.12,0,126.12
"Magnetic Espresso Dosing Ring","54mm Dosing Ring / Black","V2-PSDring-54mm","2025-01-01","United States","2025-01-31",2,45,-2.26,0,42.74,0,42.74
"Magnetic Espresso Dosing Ring","58mm Dosing Ring / Black","V2-PSDring-58mm","2025-01-01","United States","2025-01-17",1,22.5,0,0,22.5,0,22.5
"Espresso Shot Mirror","Default Title","PSDshot-mirror","2025-01-01","United States","2025-01-31",1,28,0,0,28,0,28
"Impact Gravity Espresso Grounds Distributor (58.4mm)","Black","V2-PSD-distributor","2025-01-01","United States","2025-01-18",2,240,-24,0,216,0,216
"High Extraction He[%] Filter Baskets for a Fuller Coffee Experience","Pesado He[%] Basket - Medium","PSD-HE-ME","2025-01-01","United States","2025-01-06",1,65,0,0,65,0,65
"Hybrid Breville 54/58mm Portafilter - Versatile and Easy to Use","Breville 54 / White | Iris","PF02BR54WH-Iris-HY","2025-01-01","United States","2025-01-10",1,145,0,0,145,0,145
"Modular Puck Screen Holder - Aluminum Matte Black","Default Title","PSD-PuckHolder","2025-01-01","United States","2025-01-10",1,18,0,0,18,0,18
"Pesado EP Filter Basket","EP-22g","EP-22g","2025-01-01","United States","2025-01-17",1,20,0,0,20,0,20
"Impact Gravity Espresso Grounds Distributor (58.4mm)","Black","V2-PSD-distributor","2025-01-01","United States","2025-01-14",1,120,0,0,120,0,120
"Precision 58mm Breville Bundle: 58mm Portafilter & He[%] Basket","Black","PRE-BR58-SET","2025-01-01","Canada","2025-01-12",-1,0,0,-157.88,-157.88,0,-157.88
,"",,"2025-01-01","United States","2025-01-08",3,0,0,0,0,0,0
"Hybrid Breville 54/58mm Portafilter - Versatile and Easy to Use","Breville 54 / White | Silver","PF02BR54-WSL-HY","2025-01-01","United States","2025-01-13",1,137,-13.7,0,123.3,0,123.3
"Hybrid Breville 54/58mm Portafilter - Versatile and Easy to Use","Breville 54 / Black | Black","PF02BR54-BBK-HY","2025-01-01","Turkey","2025-01-15",1,137,-137,0,0,0,0
"Bottomless LM/E61/NS/GA Portafilter (Hybrid)","La Marzocco 6mm / Black Full POM","PF00LM-FullPOM-HY","2025-01-01","South Korea","2025-01-04",1,86.5,0,0,86.5,0,86.5
"High Extraction He[%] Filter Baskets for a Fuller Coffee Experience","Pesado He[%] Basket - X-Large","PSD-HE-XL","2025-01-01","United Arab Emirates","2025-01-13",1,66.44,0,0,66.44,0,66.44
"Wooden Clump Crusher - WDT Distribution Tool for Fluffy Espresso Puck","Iris","PSDcrusherIRIS","2025-01-01","United States","2025-01-01",1,34.35,-3.43,0,30.92,0,30.92
"High Extraction He[%] Filter Baskets for a Fuller Coffee Experience","Pesado He[%] Basket - Medium","PSD-HE-ME","2025-01-01","United States","2025-01-21",1,65,0,0,65,0,65
"High Extraction He[%] Filter Baskets for a Fuller Coffee Experience","Pesado He[%] Basket - X-Large","PSD-HE-XL","2025-01-01","United States","2025-01-26",1,65,0,0,65,0,65
"53.5 & 58.5mm Puck Diffuser Screen","58.5mm","PSD-puck","2025-01-01","United States","2025-01-31",1,20,0,0,20,0,20
"High Extraction He[%] 54mm Breville Filter Basket - Dosing 18g-20g","Default Title","PSD-HE-54","2025-01-01","United States","2025-01-01",1,65,-6.51,0,58.49,0,58.49
"High Extraction He[%] Filter Baskets for a Fuller Coffee Experience","Pesado He[%] Basket - Medium","PSD-HE-ME","2025-01-01","United States","2025-01-08",1,65,0,0,65,0,65
"Pesado 58.5 Portafilter Hybrid Head - Versatile & Easy to Use","Nuova Simonelli Hybrid","PFH02NS-HY","2025-01-01","United States","2025-01-09",1,92.5,0,0,92.5,0,92.5
"Bottomless LM/E61/NS/GA Portafilter (Hybrid)","E61 5mm / Raya","PF00MVRaya-HY","2025-01-01","United States","2025-01-17",1,120,-12,0,108,0,108
"Modular Portafilter Handles","Black / Bronze","PSDHMODBBZ","2025-01-01","France","2025-01-18",1,56.46,0,0,56.46,0,56.46
"High Extraction He[%] 54mm Breville Filter Basket - Dosing 18g-20g","Default Title","PSD-HE-54","2025-01-01","United States","2025-01-18",1,65,-6.5,0,58.5,0,58.5
"Impact Gravity Espresso Grounds Distributor (58.4mm)","Black","V2-PSD-distributor","2025-01-01","United States","2025-01-19",1,120,-12,0,108,0,108
"Magnetic Espresso Dosing Ring","58mm Dosing Ring / Black","V2-PSDring-58mm","2025-01-01","United States","2025-01-16",2,45,-4.5,0,40.5,0,40.5
"Sunrise Ceramic Coffee Cup and Saucer Set (White)","Default Title","PSD-CeramicSet","2025-01-01","Saudi Arabia","2025-01-29",1,10.4,0,0,10.4,0,10.4
"53.5 & 58.5mm Puck Diffuser Screen","58.5mm","PSD-puck","2025-01-01","United States","2025-01-22",0,20,0,-20,0,0,0
"Hybrid LM/E61/NS/GA Portafilter - Versatile Bottomless & Spouted","E61 5mm / Black | Iris","PF02MVBK-Iris-HY","2025-01-01","Saudi Arabia","2025-01-29",1,147.97,0,0,147.97,0,147.97
"Spring-Loaded Self-Leveling Tamper – Pesado x AD Coffee","Default Title","PSD-ADcoffee-Tamper","2025-01-01","United States","2025-01-30",1,120,0,0,120,0,120
"Impact Gravity Espresso Grounds Distributor (58.4mm)","Black","V2-PSD-distributor","2025-01-01","United States","2025-01-26",1,120,-12,0,108,0,108
"High Extraction He[%] Filter Baskets for a Fuller Coffee Experience","Pesado He[%] Basket - Large","PSD-HE-LG","2025-01-01","United States","2025-01-08",1,65,-6.5,0,58.5,0,58.5
"Pesado EP Filter Basket","EP-Breville54-18g","EP-BR-18g","2025-01-01","United States","2025-01-21",1,20,0,0,20,0,20
"Bottomless LM/E61/NS/GA Portafilter (Hybrid)","E61 5mm / Black / Black","PF00MV-BBK-HY","2025-01-01","United States","2025-01-17",1,112,0,0,112,0,112
"Gravity Coffee Distributor 53.5mm","54 mm","PSD-distributor-54m","2025-01-01","United States","2025-01-23",1,110,0,0,110,0,110
"Pesado EP Filter Basket","EP-22g","EP-22g","2025-01-01","Singapore","2025-01-04",1,20.44,-2.04,0,18.4,0,18.4
"Pesado EP Filter Basket","EP-20g","EP-20g","2025-01-01","United States","2025-01-11",1,20,0,0,20,0,20
"Dusk & Haze Leva Accents","Dusk","PSDleva-dusk","2025-01-01","United States","2025-01-08",2,40.8,-40.8,0,0,0,0
"Hybrid Breville 54/58mm Portafilter - Versatile and Easy to Use","Breville 58 / Black | Black","PF02BR58-BBK-HY","2025-01-01","United States","2025-01-02",1,137,-13.7,0,123.3,0,123.3
,"",,"2025-01-01","Philippines","2025-01-15",2,0,0,0,0,0,0
"Bottomless LM/E61/NS/GA Portafilter (Hybrid)","La Marzocco 6mm / White / Silver","PF00LM-WSL-HY","2025-01-01","United States","2025-01-23",1,112,0,0,112,0,112
"Milk Jug with Sharp Spout - 16.5oz / 490ml","Default Title","PSDjug","2025-01-01","Romania","2025-01-12",1,35.21,-3.52,0,31.69,0,31.69
"Precision 58mm Breville Bundle: 58mm Portafilter & He[%] Basket","Black","PRE-BR58-SET","2025-01-01","United States","2025-01-10",1,185.32,-18.53,0,166.79,15.01,181.8
"Pesado EP Filter Basket","EP-18g","EP-18g","2025-01-01","Turkey","2025-01-15",1,20,-20,0,0,0,0
"Pesado Single Dose Coffee Cellar Stand + 4 Pack of Bean Cellars","Default Title","PSD-Beanstand-combo","2025-01-01","United States","2025-01-24",1,75,0,0,75,0,75
"Pesado EP Filter Basket","EP-Breville54-20g","EP-BR-20g","2025-01-01","United States","2025-01-07",1,20,0,0,20,0,20
"Pesado EP Filter Basket","EP-20g","EP-20g","2025-01-01","Mexico","2025-01-25",2,40,0,0,40,0,40
"Pesado EP Filter Basket","EP-20g","EP-20g","2025-01-01","Saudi Arabia","2025-01-29",1,20.53,0,0,20.53,0,20.53
"53.5 & 58.5mm Puck Diffuser Screen","53.5mm","PSD-puck-54","2025-01-01","United States","2025-01-02",1,20,0,0,20,0,20
"Alloy Modular Stand for Clump Crusher (WDT tool)","Default Title","PSDcrusher-Stand","2025-01-01","United States","2025-01-24",1,18,0,0,18,0,18
"Espresso Shot Mirror","Default Title","PSDshot-mirror","2025-01-01","United States","2025-01-06",1,28,0,0,28,0,28
"High Extraction He[%] 54mm Breville Filter Basket - Dosing 18g-20g","Default Title","PSD-HE-54","2025-01-01","United States","2025-01-25",1,65,0,0,65,0,65
"Impact Gravity Espresso Grounds Distributor (58.4mm)","Black","V2-PSD-distributor","2025-01-01","Singapore","2025-01-04",1,122.61,-12.26,0,110.35,0,110.35
"Modular Portafilter Handles","White / Dusk",,"2025-01-01","United Arab Emirates","2025-01-14",1,56.36,0,0,56.36,0,56.36
"High Extraction He[%] Filter Baskets for a Fuller Coffee Experience","Pesado He[%] Basket - Large","PSD-HE-LG","2025-01-01","United States","2025-01-10",1,65,0,0,65,0,65
"Hybrid LM/E61/NS/GA Portafilter - Versatile Bottomless & Spouted","E61 5mm / Black | Dusk","PF02MV-BDK-HY","2025-01-01","United States","2025-01-29",1,145,-14.5,0,130.5,0,130.5
"Gravity Coffee Distributor 53.5mm","54 mm","PSD-distributor-54m","2025-01-01","United States","2025-01-08",1,110,0,0,110,0,110
"Espresso Shot Mirror","Default Title","PSDshot-mirror","2025-01-01","United States","2025-01-21",1,28,0,0,28,0,28
"High Extraction He[%] Filter Baskets for a Fuller Coffee Experience","Pesado He[%] Basket - X-Large","PSD-HE-XL","2025-01-01","United States","2025-01-02",1,65,-6.5,0,58.5,0,58.5
"53.5 & 58.5mm Puck Diffuser Screen","58.5mm","PSD-puck","2025-01-01","United States","2025-01-07",1,20,-2,0,18,0,18
"Pesado 58.5 Portafilter Hybrid Head - Versatile & Easy to Use","La Marzocco 6mm Hybrid","PFH02LM-HY","2025-01-01","United States","2025-01-17",1,92.5,0,0,92.5,0,92.5
"Coffee Tamper: 58.5mm & 53.5mm","58.5mm / Black / Bronze","PSDTMBBZ","2025-01-01","United States","2025-01-09",1,90,-9,0,81,0,81
"Dosing Cup","54mm Dosing Cup / Black","PSDdosingCup-BK-54","2025-01-01","United States","2025-01-31",1,26.25,-2.62,0,23.63,0,23.63
"Alloy Modular Stand for Clump Crusher (WDT tool)","Default Title","PSDcrusher-Stand","2025-01-01","United States","2025-01-26",1,18,0,0,18,0,18
"High Extraction He[%] Filter Baskets for a Fuller Coffee Experience","Pesado He[%] Basket - Small","PSD-HE-SM","2025-01-01","United States","2025-01-26",1,65,0,0,65,0,65
"Pesado EP Filter Basket","EP-18g","EP-18g","2025-01-01","United States","2025-01-05",1,20,-2,0,18,0,18
"Magnetic Espresso Dosing Ring","54mm Dosing Ring / Black","V2-PSDring-54mm","2025-01-01","United States","2025-01-28",1,22.5,-2.25,0,20.25,0,20.25
"Pesado EP Filter Basket","EP-18g","EP-18g","2025-01-01","United Kingdom","2025-01-29",1,21.15,-2.12,0,19.03,0,19.03
"Hybrid Breville 54/58mm Portafilter - Versatile and Easy to Use","Breville 54 / Black Full POM","PF02BR54-FullPOM-HY","2025-01-01","United States","2025-01-21",1,115,-11.5,0,103.5,0,103.5
"Spring-Loaded Self-Leveling Tamper – Pesado x AD Coffee","Default Title","PSD-ADcoffee-Tamper","2025-01-01","Saudi Arabia","2025-01-29",1,122.65,0,0,122.65,0,122.65
"Impact Gravity Espresso Grounds Distributor (58.4mm)","Black","V2-PSD-distributor","2025-01-01","United States","2025-01-12",1,120,0,0,120,0,120
"Magnetic Espresso Dosing Ring","58mm Dosing Ring / Black","V2-PSDring-58mm","2025-01-01","United States","2025-01-15",2,45,-22.5,0,22.5,0,22.5
"Spring-Loaded Self-Leveling Tamper – Pesado x AD Coffee","Default Title","PSD-ADcoffee-Tamper","2025-01-01","United States","2025-01-08",-1,0,0,-120,-120,0,-120
"Gravity Coffee Distributor 53.5mm","54 mm","PSD-distributor-54m","2025-01-01","United States","2025-01-28",1,110,-11,0,99,0,99
"Modular Puck Screen Holder - Aluminum Matte Black","Default Title","PSD-PuckHolder","2025-01-01","United States","2025-01-08",1,18,0,0,18,0,18
"High Extraction He[%] 54mm Breville Filter Basket - Dosing 18g-20g","Default Title","PSD-HE-54","2025-01-01","United States","2025-01-13",1,65,-6.5,0,58.5,0,58.5
"Pesado Portafilter Tamping Station","Default Title","PSD-TampingStation","2025-01-01","United States","2025-01-09",1,119.99,-12,0,107.99,0,107.99
"Pesado EP Filter Basket","EP-18g","EP-18g","2025-01-01","United States","2025-01-11",1,20,0,0,20,0,20
"Pesado EP Filter Basket","EP-22g","EP-22g","2025-01-01","Mexico","2025-01-09",2,40,0,0,40,0,40
"Coffee Tamper: 58.5mm & 53.5mm","53.5mm / Black / Black","PSDT-53.5-BBK","2025-01-01","Turkey","2025-01-15",1,90,-90,0,0,0,0
"High Extraction He[%] 54mm Breville Filter Basket - Dosing 18g-20g","Default Title","PSD-HE-54","2025-01-01","United States","2025-01-03",1,65,0,0,65,0,65
"Sunrise Ceramic Coffee Cup and Saucer Set (White)","Default Title","PSD-CeramicSet","2025-01-01","United States","2025-01-08",1,10,-10,0,0,0,0
"Stainless Steel Clump Crusher V2.0 (WDT espresso distribution tool)","Bronze","V2-PSDcrusher-Bronze","2025-01-01","United States","2025-01-09",1,34.35,-3.44,0,30.91,0,30.91
"Dosing Cup","54mm Dosing Cup / Black","PSDdosingCup-BK-54","2025-01-01","United States","2025-01-11",1,26.25,0,0,26.25,0,26.25
"Impact Gravity Espresso Grounds Distributor (58.4mm)","Black","V2-PSD-distributor","2025-01-01","United States","2025-01-17",1,120,0,0,120,0,120
"Coffee Tamper: 58.5mm & 53.5mm","53.5mm / Black / Silver","PSDT-53.5-BSL","2025-01-01","United States","2025-01-25",1,90,0,0,90,0,90
"High Extraction He[%] Filter Baskets for a Fuller Coffee Experience","Pesado He[%] Basket - Medium","PSD-HE-ME","2025-01-01","Latvia","2025-01-07",1,67.26,-6.72,0,60.54,0,60.54
"53.5 & 58.5mm Puck Diffuser Screen","58.5mm","PSD-puck","2025-01-01","United Kingdom","2025-01-15",1,20.76,0,0,20.76,0,20.76
"High Extraction He[%] Filter Baskets for a Fuller Coffee Experience","Pesado He[%] Basket - Large","PSD-HE-LG","2025-01-01","United States","2025-01-04",1,65,-6.5,0,58.5,0,58.5
"Spring-Loaded Self-Leveling Tamper – Pesado x AD Coffee","Default Title","PSD-ADcoffee-Tamper","2025-01-01","United States","2025-01-09",1,120,0,0,120,0,120
"Gravity Coffee Distributor 53.5mm","54 mm","PSD-distributor-54m","2025-01-01","United States","2025-01-29",1,110,0,0,110,0,110
"Hybrid LM/E61/NS/GA Portafilter - Versatile Bottomless & Spouted","E61 5mm / Black | Dusk","PF02MV-BDK-HY","2025-01-01","United States","2025-01-08",1,145,-145,0,0,0,0
"Precision Espresso Portafilter & Basket Bundle - LM & E61","E61 5mm / Black","PRE_SETMV","2025-01-01","United States","2025-01-09",1,202,0,0,202,0,202
"Hybrid Breville 54/58mm Portafilter - Versatile and Easy to Use","Breville 54 / Black | Bronze","PF02BR54-BBZ-HY","2025-01-01","United States","2025-01-11",1,137,-13.7,0,123.3,0,123.3
"Modular Puck Screen Holder - Aluminum Matte Black","Default Title","PSD-PuckHolder","2025-01-01","United States","2025-01-09",1,18,0,0,18,0,18
"53.5 & 58.5mm Puck Diffuser Screen","58.5mm","PSD-puck","2025-01-01","Greece","2025-01-02",1,20.65,0,0,20.65,0,20.65
"High Extraction He[%] Filter Baskets for a Fuller Coffee Experience","Pesado He[%] Basket - Medium","PSD-HE-ME","2025-01-01","United States","2025-01-05",2,130,-13,0,117,0,117
"Magnetic Espresso Dosing Ring","58mm Dosing Ring / Black","V2-PSDring-58mm","2025-01-01","United Kingdom","2025-01-23",1,23.46,-2.35,0,21.11,0,21.11
"High Extraction He[%] Filter Baskets for a Fuller Coffee Experience","Pesado He[%] Basket - Medium","PSD-HE-ME","2025-01-01","United States","2025-01-22",2,130,0,0,130,0,130
"Hybrid LM/E61/NS/GA Portafilter - Versatile Bottomless & Spouted","E61 5mm / Black | Black","PF02MV-BBK-HY","2025-01-01","Turkey","2025-01-15",1,137,-137,0,0,0,0
"Alloy Modular Stand for Clump Crusher (WDT tool)","Default Title","PSDcrusher-Stand","2025-01-01","United States","2025-01-18",1,18,0,0,18,0,18
"High Extraction He[%] Filter Baskets for a Fuller Coffee Experience","Pesado He[%] Basket - Medium","PSD-HE-ME","2025-01-01","United States","2025-01-11",1,65,0,0,65,0,65
"Bottomless LM/E61/NS/GA Portafilter (Hybrid)","Breville 54mm / Raya","PF00BR54-Raya-HY","2025-01-01","United States","2025-01-18",1,120,0,0,120,0,120
"Dosing Cup","54mm Dosing Cup / White","PSDdosingCup-WH-54","2025-01-01","United States","2025-01-13",1,26.25,-2.62,0,23.63,0,23.63
"High Extraction He[%] 54mm Breville Filter Basket - Dosing 18g-20g","Default Title","PSD-HE-54","2025-01-01","United States","2025-01-02",1,65,0,0,65,0,65
"Bottomless LM/E61/NS/GA Portafilter (Hybrid)","Breville 54mm / Black Full POM","PF00BR54-FullPOM-HY","2025-01-01","United States","2025-01-26",1,90,-9,0,81,0,81
"Precision Espresso Portafilter & Basket Bundle - LM & E61","E61 5mm / Black","PRE_SETMV","2025-01-01","United States","2025-01-07",1,202,-20.2,0,181.8,0,181.8
"Impact Gravity Espresso Grounds Distributor (58.4mm)","Black","V2-PSD-distributor","2025-01-01","United States","2025-01-03",1,120,-12,0,108,0,108
"Pesado Portafilter Tamping Station","Default Title","PSD-TampingStation","2025-01-01","Saudi Arabia","2025-01-29",1,122.65,0,0,122.65,0,122.65
"Modular Puck Screen Holder - Aluminum Matte Black","Default Title","PSD-PuckHolder","2025-01-01","Singapore","2025-01-10",1,19,-1.9,0,17.1,0,17.1
"Sunrise Ceramic Coffee Cup and Saucer Set (White)","Default Title","PSD-CeramicSet","2025-01-01","United States","2025-01-09",1,10,0,0,10,0,10
"Magnetic Espresso Dosing Ring","58mm Dosing Ring / Black","V2-PSDring-58mm","2025-01-01","United States","2025-01-19",-1,0,0,-20.25,-20.25,0,-20.25
,"",,"2025-01-01","Mexico","2025-01-19",2,0,0,0,0,0,0
"53.5 & 58.5mm Puck Diffuser Screen","58.5mm","PSD-puck","2025-01-01","United States","2025-01-21",2,40,0,0,40,0,40
"Pesado EP Filter Basket","EP-20g","EP-20g","2025-01-01","United States","2025-01-06",1,20,-2,0,18,0,18
"Spouted Portafilter - Head Only","LM/E61","PFHLM","2025-01-01","United States","2025-01-26",1,67.5,-6.76,0,60.74,0,60.74
"53.5 & 58.5mm Puck Diffuser Screen","58.5mm","PSD-puck","2025-01-01","United States","2025-01-06",2,40,-4,0,36,0,36
"Crusher Threaded Pin Assembly for DIY WDT Tool","4 pack of WDT pins","PSD-removablepins","2025-01-01","United Kingdom","2025-01-23",4,4.92,-0.49,0,4.43,0,4.43
"Magnetic Espresso Dosing Ring","58mm Dosing Ring / Black","V2-PSDring-58mm","2025-01-01","United States","2025-01-26",3,67.5,-2.25,0,65.25,0,65.25
,"",,"2025-01-01","United Arab Emirates","2025-01-14",1,0,0,0,0,0,0
"Single-Dose Coffee Tubes (Bean Cellar 4-Pack)","Default Title","PSD-beantube","2025-01-01","United States","2025-01-24",1,27,0,0,27,0,27
"Dosing Cup","58mm Dosing Cup / Charcoal",,"2025-01-01","United States","2025-01-10",1,26.25,0,0,26.25,0,26.25
"53.5 & 58.5mm Puck Diffuser Screen","53.5mm","PSD-puck-54","2025-01-01","United States","2025-01-18",1,20,-2.01,0,17.99,0,17.99
"Espresso Shot Mirror","Default Title","PSDshot-mirror","2025-01-01","United States","2025-01-09",1,28,0,0,28,0,28
"High Extraction He[%] Filter Baskets for a Fuller Coffee Experience","Pesado He[%] Basket - Large","PSD-HE-LG","2025-01-01","United States","2025-01-05",2,130,-13,0,117,0,117
"Hybrid Breville 54/58mm Portafilter - Versatile and Easy to Use","Breville 54 / Black | Iris","PF02BR54BK-Iris-HY","2025-01-01","United States","2025-01-24",1,145,0,0,145,0,145
"Bottomless LM/E61/NS/GA Portafilter (Hybrid)","E61 5mm / Black / Haze","PF00MV-BHZ-HY","2025-01-01","United States","2025-01-16",1,120,0,0,120,0,120
"High Extraction He[%] Filter Baskets for a Fuller Coffee Experience","Pesado He[%] Basket - Medium","PSD-HE-ME","2025-01-01","United States","2025-01-18",2,130,0,0,130,0,130
"Bottomless LM/E61/NS/GA Portafilter (Hybrid)","E61 5mm / Black Full POM","PF00MV-FullPOM-HY","2025-01-01","United States","2025-01-19",1,90,0,0,90,0,90
"Stainless Steel Clump Crusher V2.0 (WDT espresso distribution tool)","Black","V2-PSDcrusher-Black","2025-01-01","United States","2025-01-31",1,34.35,0,0,34.35,0,34.35
"Spring-Loaded Self-Leveling Tamper – Pesado x AD Coffee","Default Title","PSD-ADcoffee-Tamper","2025-01-01","Germany","2025-01-26",1,122.66,-12.27,0,110.39,0,110.39
"Sunrise Ceramic Coffee Cup and Saucer Set (White)","Default Title","PSD-CeramicSet","2025-01-01","United States","2025-01-16",1,10,-1,0,9,0,9
"Alloy Modular Stand for Clump Crusher (WDT tool)","Default Title","PSDcrusher-Stand","2025-01-01","United States","2025-01-22",1,18,0,0,18,0,18
"Magnetic Espresso Dosing Ring","58mm Dosing Ring / Black","V2-PSDring-58mm","2025-01-01","United States","2025-01-10",1,22.5,0,0,22.5,0,22.5
"Gravity Coffee Distributor 53.5mm","54 mm","PSD-distributor-54m","2025-01-01","United States","2025-01-25",1,110,0,0,110,0,110
"53.5 & 58.5mm Puck Diffuser Screen","53.5mm","PSD-puck-54","2025-01-01","United States","2025-01-31",1,20,-2,0,18,0,18
"Sunrise Ceramic Coffee Cup and Saucer Set (White)","Default Title","PSD-CeramicSet","2025-01-01","United States","2025-01-03",2,20,0,0,20,0,20
"Wooden Clump Crusher - WDT Distribution Tool for Fluffy Espresso Puck","Raya","PSDcrusherRAYA","2025-01-01","Greece","2025-01-02",1,36.18,0,0,36.18,0,36.18
"Impact Gravity Espresso Grounds Distributor (58.4mm)","Black","V2-PSD-distributor","2025-01-01","United States","2025-01-09",1,120,0,0,120,0,120
"High Extraction He[%] Filter Baskets for a Fuller Coffee Experience","Pesado He[%] Basket - Large","PSD-HE-LG","2025-01-01","United States","2025-01-27",2,130,-13,0,117,0,117
"High Extraction He[%] 54mm Breville Filter Basket - Dosing 18g-20g","Default Title","PSD-HE-54","2025-01-01","United States","2025-01-08",1,65,0,0,65,0,65
"Dusk & Haze Clump Crusher (WDT tool)","Dusk","PSDcrusher-Dusk","2025-01-01","United States","2025-01-22",1,34.35,0,0,34.35,0,34.35
"Portafilter with a Double Spout for Espresso Machines","Breville 54 / Black | Black","PF02BR54-BBK","2025-01-01","United States","2025-01-07",1,112,0,0,112,0,112
"Espresso Shot Mirror","Default Title","PSDshot-mirror","2025-01-01","United States","2025-01-25",1,28,-2.8,0,25.2,0,25.2
"Portafilter with a Double Spout for Espresso Machines","La Marzocco / E61 / Black | Dusk","PF02LM-BDK","2025-01-01","United States","2025-01-08",2,240,0,0,240,0,240
"Hybrid LM/E61/NS/GA Portafilter - Versatile Bottomless & Spouted","La Marzocco 6mm / Black | Dusk","PF02LM-BDK-HY","2025-01-01","United States","2025-01-03",1,145,0,0,145,0,145
"Bottomless LM/E61/NS/GA Portafilter (Hybrid)","E61 5mm / Black / Bronze","PF00MV-BBZ-HY","2025-01-01","United States","2025-01-12",1,112,-11.2,0,100.8,0,100.8
"Modular Puck Screen Holder - Aluminum Matte Black","Default Title","PSD-PuckHolder","2025-01-01","United States","2025-01-16",1,18,-1.8,0,16.2,0,16.2
"Hybrid LM/E61/NS/GA Portafilter - Versatile Bottomless & Spouted","E61 5mm / White | Bronze","PF02MV-WBZ-HY","2025-01-01","Greece","2025-01-25",1,140.59,0,0,140.59,0,140.59
"High Extraction He[%] Filter Baskets for a Fuller Coffee Experience","Pesado He[%] Basket - Medium","PSD-HE-ME","2025-01-01","United States","2025-01-15",1,65,-65,0,0,0,0
"Spouted Portafilter - Head Only","LM/E61","PFHLM","2025-01-01","France","2025-01-12",2,139.18,0,0,139.18,0,139.18
"Precision 58mm Breville Bundle: 58mm Portafilter & He[%] Basket","Black","PRE-BR58-SET","2025-01-01","United States","2025-01-25",1,202,-20.2,0,181.8,0,181.8
"Single-Dose Coffee Tubes (Bean Cellar 4-Pack)","Default Title","PSD-beantube","2025-01-01","United States","2025-01-16",1,27,-2.7,0,24.3,0,24.3
"Stainless Steel Clump Crusher V2.0 (WDT espresso distribution tool)","Silver","V2-PSDcrusher-Silver","2025-01-01","United States","2025-01-18",1,34.35,0,0,34.35,0,34.35
"Pesado 58.5 Portafilter Hybrid Head - Versatile & Easy to Use","E61 5mm Hybrid","PFH02MV-HY","2025-01-01","United States","2025-01-04",1,83.9,0,0,83.9,8.6,92.5
"High Extraction He[%] 54mm Breville Filter Basket - Dosing 18g-20g","Default Title","PSD-HE-54","2025-01-01","United States","2025-01-28",1,65,-6.5,0,58.5,0,58.5
"53.5 & 58.5mm Puck Diffuser Screen","58.5mm","PSD-puck","2025-01-01","United States","2025-01-02",1,20,-2,0,18,0,18
"Spring-Loaded Self-Leveling Tamper – Pesado x AD Coffee","Default Title","PSD-ADcoffee-Tamper","2025-01-01","United States","2025-01-25",1,120,-12,0,108,0,108
"Espresso Shot Mirror","Default Title","PSDshot-mirror","2025-01-01","United States","2025-01-16",1,28,-2.8,0,25.2,0,25.2
"Coffee Tamper: 58.5mm & 53.5mm","58.5mm / Black / Iris","PSDTMBKIris","2025-01-01","United States","2025-01-19",1,97.5,-9.75,0,87.75,0,87.75
"Alloy Modular Stand for Clump Crusher (WDT tool)","Default Title","PSDcrusher-Stand","2025-01-01","United States","2025-01-31",1,18,0,0,18,0,18
"Pesado 58.5 Portafilter Hybrid Head - Versatile & Easy to Use","LM/E61 & NS/BR58mm Hybrid Attachment Only","PSDHY","2025-01-01","Taiwan","2025-01-19",1,25.26,0,0,25.26,0,25.26
"53.5 & 58.5mm Puck Diffuser Screen","58.5mm","PSD-puck","2025-01-01","United States","2025-01-12",1,20,-2,0,18,0,18
"Coffee Tamper: 58.5mm & 53.5mm","58.5mm / Black / Dusk","PSDTMBDk","2025-01-01","United States","2025-01-15",1,97.5,-97.5,0,0,0,0
"Pesado 58.5 Portafilter Hybrid Head - Versatile & Easy to Use","LM/E61 & NS/BR58mm Hybrid Attachment Only","PSDHY","2025-01-01","United States","2025-01-12",1,25,-2.5,0,22.5,0,22.5
"High Extraction He[%] 54mm Breville Filter Basket - Dosing 18g-20g","Default Title","PSD-HE-54","2025-01-01","Romania","2025-01-09",1,66.55,0,0,66.55,0,66.55
"Espresso Shot Mirror","Default Title","PSDshot-mirror","2025-01-01","United States","2025-01-13",1,28,-2.8,0,25.2,0,25.2
"53.5 & 58.5mm Puck Diffuser Screen","53.5mm","PSD-puck-54","2025-01-01","United States","2025-01-22",2,40,0,0,40,0,40
"Gravity Coffee Distributor 53.5mm","54 mm","PSD-distributor-54m","2025-01-01","United States","2025-01-16",1,110,-11,0,99,0,99
"High Extraction He[%] Filter Baskets for a Fuller Coffee Experience","Pesado He[%] Basket - Large","PSD-HE-LG","2025-01-01","United States","2025-01-14",1,65,0,0,65,0,65
"Impact Gravity Espresso Grounds Distributor (58.4mm)","Black","V2-PSD-distributor","2025-01-01","Canada","2025-01-31",1,122.88,0,0,122.88,0,122.88
"High Extraction He[%] Filter Baskets for a Fuller Coffee Experience","Pesado He[%] Basket - X-Large","PSD-HE-XL","2025-01-01","United States","2025-01-06",3,195,-19.5,0,175.5,0,175.5
"Gravity Coffee Distributor 53.5mm","54 mm","PSD-distributor-54m","2025-01-01","United States","2025-01-12",1,110,0,0,110,0,110
"53.5 & 58.5mm Puck Diffuser Screen","58.5mm","PSD-puck","2025-01-01","United States","2025-01-03",1,20,-2,0,18,0,18
"Pesado EP Filter Basket","EP-20g","EP-20g","2025-01-01","United States","2025-01-03",1,20,-2,0,18,0,18
"53.5 & 58.5mm Puck Diffuser Screen","58.5mm","PSD-puck","2025-01-01","United States","2025-01-16",1,20,-2,0,18,0,18
"Coffee Tamper: 58.5mm & 53.5mm","53.5mm / White / Iris","PSDT-53.5-WHIris","2025-01-01","United States","2025-01-01",1,97.5,-9.75,0,87.75,0,87.75
"Bottomless LM/E61/NS/GA Portafilter (Hybrid)","E61 5mm / White / Dusk","PF00MV-WDK-HY","2025-01-01","United States","2025-01-27",1,120,-12,0,108,0,108
"Bottomless LM/E61/NS/GA Portafilter (Hybrid)","Breville 54mm / White / Haze","PF00BR54-WHZ-HY","2025-01-01","United States","2025-01-19",1,112.68,0,0,112.68,7.32,120
"Espresso Shot Mirror","Default Title","PSDshot-mirror","2025-01-01","United States","2025-01-02",1,28,-2.8,0,25.2,0,25.2
"Crusher Threaded Pin Assembly for DIY WDT Tool","WDT pin assembly (0.3mm)","PSD-PinUP","2025-01-01","United States","2025-01-26",1,14,0,0,14,0,14
"Portafilter with a Double Spout for Espresso Machines","Nuova Simonelli / White | Gold","PF02NS-WGD","2025-01-01","Mexico","2025-01-09",1,112,0,0,112,0,112
"Pesado EP Filter Basket","EP-18g","EP-18g","2025-01-01","United States","2025-01-27",-1,0,0,-20,-20,0,-20
"Pesado Portafilter Tamping Station","Default Title","PSD-TampingStation","2025-01-01","United States","2025-01-25",1,119.99,-12,0,107.99,0,107.99
"53.5 & 58.5mm Puck Diffuser Screen","58.5mm","PSD-puck","2025-01-01","United States","2025-01-13",1,20,0,0,20,0,20
"Sunrise Ceramic Coffee Cup and Saucer Set (White)","Default Title","PSD-CeramicSet","2025-01-01","United Arab Emirates","2025-01-13",1,10.35,0,0,10.35,0,10.35
"Crusher Threaded Pin Assembly for DIY WDT Tool","4 pack of WDT pins","PSD-removablepins","2025-01-01","United States","2025-01-26",4,4,0,0,4,0,4
"High Extraction He[%] Filter Baskets for a Fuller Coffee Experience","Pesado He[%] Basket - X-Large","PSD-HE-XL","2025-01-01","United States","2025-01-08",1,65,-6.5,0,58.5,0,58.5
"High Extraction He[%] Filter Baskets for a Fuller Coffee Experience","Pesado He[%] Basket - Medium","PSD-HE-ME","2025-01-01","United States","2025-01-26",7,455,-39,0,416,0,416
"High Extraction He[%] Filter Baskets for a Fuller Coffee Experience","Pesado He[%] Basket - Large","PSD-HE-LG","2025-01-01","United States","2025-01-19",1,65,-6.5,0,58.5,0,58.5
"Precision Espresso Portafilter & Basket Bundle - LM & E61","La Marzocco 6mm / Black","PRE_SET","2025-01-01","Philippines","2025-01-15",1,206.96,0,0,206.96,0,206.96
"Milk Jug with Sharp Spout - 16.5oz / 490ml","Default Title","PSDjug","2025-01-01","United States","2025-01-26",1,34.35,-3.43,0,30.92,0,30.92
"Coffee Tamper: 58.5mm & 53.5mm","58.5mm / Black / Black","PSDTMBBk","2025-01-01","Turkey","2025-01-15",1,90,-90,0,0,0,0
"Hybrid Breville 54/58mm Portafilter - Versatile and Easy to Use","Breville 58 / Black Full POM","PF02BR58-FullPOM-HY","2025-01-01","United States","2025-01-05",1,115,-11.5,0,103.5,0,103.5
"Hybrid LM/E61/NS/GA Portafilter - Versatile Bottomless & Spouted","Nuova Simonelli / Black Full Pom","PF02NS-FullPOM-HY","2025-01-01","United States","2025-01-02",1,115,0,0,115,0,115
"Coffee Tamper: 58.5mm & 53.5mm","53.5mm / White / Haze","PSDT-53.5-WHZ","2025-01-01","United States","2025-01-28",1,97.5,0,0,97.5,0,97.5
"Depth Adjuster","Default Title","PSdepth","2025-01-01","United Kingdom","2025-01-23",1,46.92,-4.69,0,42.23,0,42.23
"Pesado EP Filter Basket","EP-18g","EP-18g","2025-01-01","United States","2025-01-15",1,20,-20,0,0,0,0
"High Extraction He[%] Filter Baskets for a Fuller Coffee Experience","Pesado He[%] Basket - Medium","PSD-HE-ME","2025-01-01","United States","2025-01-19",0,130,-6.5,-117,6.5,0,6.5
"Bottomless LM/E61/NS/GA Portafilter (Hybrid)","E61 5mm / White / Gold","PF00MV-WGD-HY","2025-01-01","Mexico","2025-01-09",0,112,0,-112,0,0,0
"Bottomless LM/E61/NS/GA Portafilter (Hybrid)","E61 5mm / White / Silver","PF00MV-WSL-HY","2025-01-01","United States","2025-01-15",-1,0,0,-100.8,-100.8,0,-100.8
"Impact Gravity Espresso Grounds Distributor (58.4mm)","Black","V2-PSD-distributor","2025-01-01","United States","2025-01-08",1,120,0,0,120,0,120
"Dosing Cup","54mm Dosing Cup / Black","PSDdosingCup-BK-54","2025-01-01","United States","2025-01-18",1,26.25,-2.62,0,23.63,0,23.63
"Impact Gravity Espresso Grounds Distributor (58.4mm)","Black","V2-PSD-distributor","2025-01-01","United States","2025-01-21",1,120,0,0,120,0,120
"Hybrid LM/E61/NS/GA Portafilter - Versatile Bottomless & Spouted","E61 5mm / White | Silver","PF02MV-WSL-HY","2025-01-01","United Kingdom","2025-01-22",1,140.86,0,0,140.86,0,140.86
"Spring-Loaded Self-Leveling Tamper – Pesado x AD Coffee","Default Title","PSD-ADcoffee-Tamper","2025-01-01","United States","2025-01-17",1,120,0,0,120,0,120
"Breville 54mm Portafilter & Basket Precision Bundle","Black","PRE-BR54-SET","2025-01-01","United Kingdom","2025-01-23",1,220.33,-22.03,0,198.3,0,198.3
"53.5 & 58.5mm Puck Diffuser Screen","58.5mm","PSD-puck","2025-01-01","United States","2025-01-27",2,40,-4,0,36,0,36
"Dusk & Haze Clump Crusher (WDT tool)","Haze","PSDcrusher-Haze","2025-01-01","United States","2025-01-24",1,34.35,0,0,34.35,0,34.35
"53.5 & 58.5mm Puck Diffuser Screen","58.5mm","PSD-puck","2025-01-01","Philippines","2025-01-15",1,20.46,0,0,20.46,0,20.46
"Pesado EP Filter Basket","EP-Breville54-18g","EP-BR-18g","2025-01-01","Turkey","2025-01-15",1,20,-20,0,0,0,0
"High Extraction He[%] Filter Baskets for a Fuller Coffee Experience","Pesado He[%] Basket - Medium","PSD-HE-ME","2025-01-01","United States","2025-01-12",2,130,-13,0,117,0,117
"53.5 & 58.5mm Puck Diffuser Screen","53.5mm","PSD-puck-54","2025-01-01","United Kingdom","2025-01-23",1,20.93,-2.09,0,18.84,0,18.84
"Sunrise Ceramic Coffee Cup and Saucer Set (White)","Default Title","PSD-CeramicSet","2025-01-01","United States","2025-01-19",-1,0,0,-9,-9,0,-9
"Pesado Portafilter Tamping Station","Default Title","PSD-TampingStation","2025-01-01","United States","2025-01-15",1,119.99,0,0,119.99,0,119.99
"High Extraction He[%] Filter Baskets for a Fuller Coffee Experience","Pesado He[%] Basket - Medium","PSD-HE-ME","2025-01-01","United States","2025-01-17",2,130,-6.5,0,123.5,0,123.5
"High Extraction He[%] Filter Baskets for a Fuller Coffee Experience","Pesado He[%] Basket - Medium","PSD-HE-ME","2025-01-01","United States","2025-01-02",2,130,-13,0,117,0,117
"Impact Gravity Espresso Grounds Distributor (58.4mm)","Black","V2-PSD-distributor","2025-01-01","United States","2025-01-10",1,120,-18,0,102,0,102
"Hybrid LM/E61/NS/GA Portafilter - Versatile Bottomless & Spouted","E61 5mm / Black | Dusk","PF02MV-BDK-HY","2025-01-01","United States","2025-01-15",1,145,-145,0,0,0,0
"High Extraction He[%] 54mm Breville Filter Basket - Dosing 18g-20g","Default Title","PSD-HE-54","2025-01-01","Canada","2025-01-09",1,66.64,0,0,66.64,0,66.64
"53.5 & 58.5mm Puck Diffuser Screen","58.5mm","PSD-puck","2025-01-01","Singapore","2025-01-10",1,20.46,-2.05,0,18.41,0,18.41
"Bottomless LM/E61/NS/GA Portafilter (Hybrid)","La Marzocco 6mm / Black / Bronze","PF00LM-BBZ-HY","2025-01-01","United States","2025-01-24",1,112,0,0,112,0,112
"Pesado EP Filter Basket","EP-18g","EP-18g","2025-01-01","United States","2025-01-03",2,40,-2,0,38,0,38
"Modular Puck Screen Holder - Aluminum Matte Black","Default Title","PSD-PuckHolder","2025-01-01","United States","2025-01-19",1,18,-1.8,0,16.2,0,16.2
"Depth Adjuster","Default Title","PSdepth","2025-01-01","United States","2025-01-26",1,45,0,0,45,0,45
"Bottomless LM/E61/NS/GA Portafilter (Hybrid)","E61 5mm / Black / Dusk","PF00MV-BDK-HY","2025-01-01","United Arab Emirates","2025-01-13",1,122.53,0,0,122.53,0,122.53
"High Extraction He[%] 54mm Breville Filter Basket - Dosing 18g-20g","Default Title","PSD-HE-54","2025-01-01","United States","2025-01-22",1,65,0,0,65,0,65
"Pesado EP Filter Basket","EP-20g","EP-20g","2025-01-01","United States","2025-01-27",1,20,-2,0,18,0,18
"Pesado 58.5 Portafilter Hybrid Head - Versatile & Easy to Use","E61 5mm Hybrid","PFH02MV-HY","2025-01-01","Singapore","2025-01-04",1,94.88,-9.49,0,85.39,0,85.39
"Dosing Cup","54mm Dosing Cup / Black","PSDdosingCup-BK-54","2025-01-01","United States","2025-01-13",1,26.25,-2.63,0,23.62,0,23.62
"Bottomless LM/E61/NS/GA Portafilter (Hybrid)","Nuova Simonelli / Black Full POM","PF00NS-FullPOM-HY","2025-01-01","United Kingdom","2025-01-20",4,370.68,0,0,370.68,0,370.68
"High Extraction He[%] Filter Baskets for a Fuller Coffee Experience","Pesado He[%] Basket - Small","PSD-HE-SM","2025-01-01","United States","2025-01-08",1,65,0,0,65,0,65
,"",,"2025-01-01","United States","2025-01-05",1,0,0,0,0,0,0
"High Extraction He[%] 54mm Breville Filter Basket - Dosing 18g-20g","Default Title","PSD-HE-54","2025-01-01","Mexico","2025-01-14",1,65,0,0,65,0,65
"Precision Espresso Portafilter & Basket Bundle - LM & E61","E61 5mm / Black","PRE_SETMV","2025-01-01","United States","2025-01-02",1,202,-20.2,0,181.8,0,181.8
"Bottomless LM/E61/NS/GA Portafilter (Hybrid)","E61 5mm / Black / Silver","PF00MV-BSL-HY","2025-01-01","United States","2025-01-13",1,112,-11.2,0,100.8,0,100.8
"Bottomless LM/E61/NS/GA Portafilter (Hybrid)","E61 5mm / White / Silver","PF00MV-WSL-HY","2025-01-01","United States","2025-01-01",1,112,-11.2,0,100.8,0,100.8
"Impact Gravity Espresso Grounds Distributor (58.4mm)","Black","V2-PSD-distributor","2025-01-01","United States","2025-01-06",3,360,-12,0,348,0,348
"Espresso Shot Mirror","Default Title","PSDshot-mirror","2025-01-01","United States","2025-01-19",-1,0,0,-25.2,-25.2,0,-25.2
"53.5 & 58.5mm Puck Diffuser Screen","53.5mm","PSD-puck-54","2025-01-01","United States","2025-01-08",2,40,0,0,40,0,40
"Bottomless LM/E61/NS/GA Portafilter (Hybrid)","Breville 54mm / White / Iris","PF00BR54WH-Iris-HY","2025-01-01","United States","2025-01-01",1,120,-12,0,108,0,108
"Pesado EP Filter Basket","EP-Breville54-20g","EP-BR-20g","2025-01-01","United States","2025-01-13",1,20,0,0,20,0,20
"High Extraction He[%] 54mm Breville Filter Basket - Dosing 18g-20g","Default Title","PSD-HE-54","2025-01-01","United States","2025-01-31",2,130,-6.5,0,123.5,0,123.5
"Hybrid Breville 54/58mm Portafilter - Versatile and Easy to Use","Breville 54 / Black | Black","PF02BR54-BBK-HY","2025-01-01","United States","2025-01-23",1,137,0,0,137,0,137
"Pesado EP Filter Basket","EP-18g","EP-18g","2025-01-01","United States","2025-01-25",2,40,0,0,40,0,40
"Bottomless LM/E61/NS/GA Portafilter (Hybrid)","Breville 54mm / White / Bronze","PF00BR54-WBZ-HY","2025-01-01","United States","2025-01-10",1,112,0,0,112,0,112
"Pesado EP Filter Basket","EP-20g","EP-20g","2025-01-01","South Korea","2025-01-04",1,19.75,0,0,19.75,0,19.75
"Impact Gravity Espresso Grounds Distributor (58.4mm)","Black","V2-PSD-distributor","2025-01-01","Greece","2025-01-18",1,123.26,0,0,123.26,0,123.26
"Wooden Clump Crusher - WDT Distribution Tool for Fluffy Espresso Puck","Raya","PSDcrusherRAYA","2025-01-01","United States","2025-01-26",1,34.35,-3.43,0,30.92,0,30.92
"Magnetic Espresso Dosing Ring","58mm Dosing Ring / Black","V2-PSDring-58mm","2025-01-01","Greece","2025-01-02",1,23.76,0,0,23.76,0,23.76
"53.5 & 58.5mm Puck Diffuser Screen","58.5mm","PSD-puck","2025-01-01","United Arab Emirates","2025-01-13",1,20.42,0,0,20.42,0,20.42
"53.5 & 58.5mm Puck Diffuser Screen","58.5mm","PSD-puck","2025-01-01","Latvia","2025-01-07",1,20.66,-2.07,0,18.59,0,18.59
"Pesado EP Filter Basket","EP-20g","EP-20g","2025-01-01","United States","2025-01-19",1,20,-20,0,0,0,0
"Maximum Distribution Bundle","Black","DistributionBundle","2025-01-01","United States","2025-01-25",1,214.85,-21.48,0,193.37,0,193.37
"High Extraction He[%] Filter Baskets for a Fuller Coffee Experience","Pesado He[%] Basket - Medium","PSD-HE-ME","2025-01-01","Turkey","2025-01-15",1,65,-65,0,0,0,0
"Naked/Bottomless Portafilter - Head Only (HYBRID)","Breville 54mm","PFH00BR54-HY","2025-01-01","United States","2025-01-19",1,67.5,-67.5,0,0,0,0
"Coffee Tamper: 58.5mm & 53.5mm","58.5mm / Black / Dusk","PSDTMBDk","2025-01-01","United States","2025-01-03",1,97.5,-9.75,0,87.75,0,87.75
"Pesado Portafilter Tamping Station","Default Title","PSD-TampingStation","2025-01-01","United States","2025-01-26",1,119.99,-11.99,0,108,0,108
"Magnetic Espresso Dosing Ring","54mm Dosing Ring / Black","V2-PSDring-54mm","2025-01-01","United States","2025-01-01",1,22.5,-3.37,0,19.13,0,19.13
"Pesado EP Filter Basket","EP-18g","EP-18g","2025-01-01","New Zealand","2025-01-08",8,166.64,0,0,166.64,0,166.64
"Pesado EP Filter Basket","EP-18g","EP-18g","2025-01-01","Singapore","2025-01-04",1,20.44,-2.04,0,18.4,0,18.4
"Stainless Steel Clump Crusher V2.0 (WDT espresso distribution tool)","Black","V2-PSDcrusher-Black","2025-01-01","United States","2025-01-09",1,34.35,0,0,34.35,0,34.35
"Full Moon Wave - Convex Tamper","Raya","PSDT-WAVE-Raya","2025-01-01","United States","2025-01-31",1,105.77,0,0,105.77,8.73,114.5
"53.5 & 58.5mm Puck Diffuser Screen","58.5mm","PSD-puck","2025-01-01","United States","2025-01-19",1,20,-2,0,18,0,18
"Full Moon Wave - Convex Tamper","Black | Black","PSDT-WAVE-BBK","2025-01-01","Japan","2025-01-08",1,109.36,0,0,109.36,0,109.36
"Sunrise Ceramic Coffee Cup and Saucer Set (White)","Default Title","PSD-CeramicSet","2025-01-01","United States","2025-01-27",1,10,-1,0,9,0,9
"Pesado EP Filter Basket","EP-Breville54-20g","EP-BR-20g","2025-01-01","United States","2025-01-02",1,20,0,0,20,0,20
"High Extraction He[%] Filter Baskets for a Fuller Coffee Experience","Pesado He[%] Basket - Medium","PSD-HE-ME","2025-01-01","Mexico","2025-01-09",3,195,0,0,195,0,195
"Sunrise Ceramic Coffee Cup and Saucer Set (White)","Default Title","PSD-CeramicSet","2025-01-01","Romania","2025-01-12",1,10.29,-1.03,0,9.26,0,9.26
"Pesado EP Filter Basket","EP-Breville54-18g","EP-BR-18g","2025-01-01","United States","2025-01-13",1,20,0,0,20,0,20
"Modular Portafilter Handles","Black / Haze","PSDHMODBHZ","2025-01-01","United States","2025-01-24",1,55,0,0,55,0,55
"Impact Gravity Espresso Grounds Distributor (58.4mm)","Black","V2-PSD-distributor","2025-01-01","Saudi Arabia","2025-01-29",1,122.65,0,0,122.65,0,122.65
"High Extraction He[%] Filter Baskets for a Fuller Coffee Experience","Pesado He[%] Basket - Medium","PSD-HE-ME","2025-01-01","United States","2025-01-16",3,195,-13,0,182,0,182
"Magnetic Espresso Dosing Ring","58mm Dosing Ring / Black","V2-PSDring-58mm","2025-01-01","Singapore","2025-01-05",1,23.35,0,0,23.35,0,23.35
"High Extraction He[%] 54mm Breville Filter Basket - Dosing 18g-20g","Default Title","PSD-HE-54","2025-01-01","United States","2025-01-10",1,65,0,0,65,0,65
"High Extraction He[%] Filter Baskets for a Fuller Coffee Experience","Pesado He[%] Basket - Large","PSD-HE-LG","2025-01-01","United States","2025-01-25",1,65,0,0,65,0,65
"High Extraction He[%] Filter Baskets for a Fuller Coffee Experience","Pesado He[%] Basket - Large","PSD-HE-LG","2025-01-01","Canada","2025-01-17",1,66.38,0,0,66.38,0,66.38
"Bottomless LM/E61/NS/GA Portafilter (Hybrid)","Nuova Simonelli / White / Gold","PF00NS-WGD-HY","2025-01-01","Mexico","2025-01-09",1,112,0,0,112,0,112
"Spring-Loaded Self-Leveling Tamper – Pesado x AD Coffee","Default Title","PSD-ADcoffee-Tamper","2025-01-01","United States","2025-01-15",1,120,0,0,120,0,120
"Crusher Threaded Pin Assembly for DIY WDT Tool","4 pack of WDT pins","PSD-removablepins","2025-01-01","United States","2025-01-03",2,2,-0.2,0,1.8,0,1.8
,"",,"2025-01-01","United States","2025-01-15",1,5,-5,0,0,0,0
"Hybrid LM/E61/NS/GA Portafilter - Versatile Bottomless & Spouted","E61 5mm / Black Full Pom","PF02MV-FullPOM-HY","2025-01-01","United States","2025-01-06",1,115,0,0,115,0,115
"Spring-Loaded Self-Leveling Tamper – Pesado x AD Coffee","Default Title","PSD-ADcoffee-Tamper","2025-01-01","Romania","2025-01-12",1,122.5,-12.25,0,110.25,0,110.25
"High Extraction He[%] Filter Baskets for a Fuller Coffee Experience","Pesado He[%] Basket - Large","PSD-HE-LG","2025-01-01","Romania","2025-01-12",1,66.5,-6.65,0,59.85,0,59.85
"Bottomless LM/E61/NS/GA Portafilter (Hybrid)","Breville 54mm / Black / Riga","PF00BR54BK-Riga-HY","2025-01-01","United States","2025-01-07",1,120,0,0,120,0,120
"53.5 & 58.5mm Puck Diffuser Screen","58.5mm","PSD-puck","2025-01-01","United States","2025-01-26",2,40,-2.01,0,37.99,0,37.99
"Modular Portafilter Handles","Black / Bronze","PSDHMODBBZ","2025-01-01","Germany","2025-01-23",1,56.11,0,0,56.11,0,56.11
"Alloy Modular Stand for Clump Crusher (WDT tool)","Default Title","PSDcrusher-Stand","2025-01-01","United States","2025-01-09",1,18,0,0,18,0,18
"Precision 58mm Breville Bundle: 58mm Portafilter & He[%] Basket","Black","PRE-BR58-SET","2025-01-01","Philippines","2025-01-15",0,206.26,0,-206.26,0,0,0
"High Extraction He[%] Filter Baskets for a Fuller Coffee Experience","Pesado He[%] Basket - Medium","PSD-HE-ME","2025-01-01","United States","2025-01-13",1,65,0,0,65,0,65
"Pesado Portafilter Tamping Station","Default Title","PSD-TampingStation","2025-01-01","United States","2025-01-19",1,119.99,0,0,119.99,0,119.99
"Coffee Tamper: 58.5mm & 53.5mm","58.5mm / White / Haze","PSDTMWHz","2025-02-01","United States","2025-02-14",1,97.5,0,0,97.5,0,97.5
"Bottomless LM/E61/NS/GA Portafilter (Hybrid)","Breville 54mm / Black Full POM","PF00BR54-FullPOM-HY","2025-02-01","Italy","2025-02-21",1,91.99,0,0,91.99,0,91.99
"Single-Dose Coffee Tubes (Bean Cellar 4-Pack)","Default Title","PSD-beantube","2025-02-01","United States","2025-02-21",1,27,0,0,27,0,27
"53.5 & 58.5mm Puck Diffuser Screen","53.5mm","PSD-puck-54","2025-02-01","United States","2025-02-13",2,40,0,0,40,0,40
"Espresso Shot Mirror","Default Title","PSDshot-mirror","2025-02-01","United States","2025-02-11",1,28,-2.8,0,25.2,0,25.2
"Pesado EP Filter Basket","EP-Breville54-18g","EP-BR-18g","2025-02-01","United States","2025-02-17",1,20,0,0,20,0,20
"Stainless Steel Clump Crusher V2.0 (WDT espresso distribution tool)","Black","V2-PSDcrusher-Black","2025-02-01","Taiwan","2025-02-15",1,34.7,-3.47,0,31.23,0,31.23
"53.5 & 58.5mm Puck Diffuser Screen","58.5mm","PSD-puck","2025-02-01","United States","2025-02-23",2,40,-4,0,36,0,36
"High Extraction He[%] Filter Baskets for a Fuller Coffee Experience","Pesado He[%] Basket - Large","PSD-HE-LG","2025-02-01","United States","2025-02-22",1,65,0,0,65,0,65
"Modular Portafilter Handles","Black / Bronze","PSDHMODBBZ","2025-02-01","Australia","2025-02-28",1,55,-5.5,0,49.5,0,49.5
"Stainless Steel Milk Jug With Round Spout - 16.5oz / 490ml","Default Title","PSDjugWH","2025-02-01","United States","2025-02-14",1,34.35,0,0,34.35,0,34.35
"Alloy Modular Stand for Clump Crusher (WDT tool)","Default Title","PSDcrusher-Stand","2025-02-01","Taiwan","2025-02-16",-1,0,0,-18.41,-18.41,0,-18.41
"Modular Tamper Handle: Customize Your Tamper for Coffee","White / Silver",,"2025-02-01","Bahrain","2025-02-20",2,91.98,0,0,91.98,0,91.98
"High Extraction He[%] Filter Baskets for a Fuller Coffee Experience","Pesado He[%] Basket - X-Large","PSD-HE-XL","2025-02-01","United States","2025-02-23",2,130,0,0,130,0,130
"Impact Gravity Espresso Grounds Distributor (58.4mm)","Black","V2-PSD-distributor","2025-02-01","Japan","2025-02-15",1,122.77,0,0,122.77,0,122.77
"High Extraction He[%] 54mm Breville Filter Basket - Dosing 18g-20g","Default Title","PSD-HE-54","2025-02-01","Italy","2025-02-21",1,66.89,0,0,66.89,0,66.89
"Naked/Bottomless Portafilter - Head Only (HYBRID)","E61 5mm","PFH00MV-HY","2025-02-01","United States","2025-02-11",1,67.5,-6.75,0,60.75,0,60.75
"Single-Dose Coffee Tubes (Bean Cellar 4-Pack)","Default Title","PSD-beantube","2025-02-01","United States","2025-02-17",2,54,0,0,54,0,54
"Bottomless LM/E61/NS/GA Portafilter (Hybrid)","Nuova Simonelli / Black / Riga","PF00NSBK-RIGA-HY","2025-02-01","Sweden","2025-02-28",1,122.4,0,0,122.4,0,122.4
"Espresso Shot Mirror","Default Title","PSDshot-mirror","2025-02-01","United States","2025-02-08",1,28,0,0,28,0,28
"Dosing Bundle","Black","DOSING_B","2025-02-01","United States","2025-02-16",1,52.5,0,0,52.5,0,52.5
"Hybrid LM/E61/NS/GA Portafilter - Versatile Bottomless & Spouted","E61 5mm / Black | Black","PF02MV-BBK-HY","2025-02-01","United States","2025-02-03",1,137,0,0,137,0,137
"Wooden Clump Crusher - WDT Distribution Tool for Fluffy Espresso Puck","Riga","PSDcrusherRIGA","2025-02-01","Canada","2025-02-07",1,35.61,0,0,35.61,0,35.61
"Pesado 58.5 Portafilter Hybrid Head - Versatile & Easy to Use","E61 5mm Hybrid","PFH02MV-HY","2025-02-01","United States","2025-02-06",1,92.5,-9.25,0,83.25,0,83.25
"Dusk & Haze Clump Crusher (WDT tool)","Dusk","PSDcrusher-Dusk","2025-02-01","Spain","2025-02-17",1,35.58,0,0,35.58,0,35.58
"High Extraction He[%] 54mm Breville Filter Basket - Dosing 18g-20g","Default Title","PSD-HE-54","2025-02-01","United States","2025-02-16",1,130,-6.5,-58.5,65,0,65
"Pesado EP Filter Basket","EP-20g","EP-20g","2025-02-01","United Kingdom","2025-02-10",1,21.08,0,0,21.08,0,21.08
"High Extraction He[%] Filter Baskets for a Fuller Coffee Experience","Pesado He[%] Basket - Small","PSD-HE-SM","2025-02-01","Israel","2025-02-24",1,66.32,-6.63,0,59.69,0,59.69
"Alloy Modular Stand for Clump Crusher (WDT tool)","Default Title","PSDcrusher-Stand","2025-02-01","United States","2025-02-10",1,18,-1.8,0,16.2,0,16.2
"Bottomless LM/E61/NS/GA Portafilter (Hybrid)","La Marzocco 6mm / White / Haze","PF00LM-WHZ-HY","2025-02-01","Canada","2025-02-28",1,123.05,0,0,123.05,0,123.05
"Crusher Threaded Pin Assembly for DIY WDT Tool","4 pack of WDT pins","PSD-removablepins","2025-02-01","United States","2025-02-01",4,4,0,0,4,0,4
"Sunrise Ceramic Coffee Cup and Saucer Set (White)","Default Title","PSD-CeramicSet","2025-02-01","United States","2025-02-05",1,10,-1,0,9,0,9
"Magnetic Espresso Dosing Ring","58mm Dosing Ring / Black","V2-PSDring-58mm","2025-02-01","United States","2025-02-15",1,22.5,-2.25,0,20.25,0,20.25
"Impact Gravity Espresso Grounds Distributor (58.4mm)","Black","V2-PSD-distributor","2025-02-01","Germany","2025-02-02",1,122.99,-12.3,0,110.69,0,110.69
"Spring-Loaded Self-Leveling Tamper – Pesado x AD Coffee","Default Title","PSD-ADcoffee-Tamper","2025-02-01","United States","2025-02-16",1,120,0,0,120,0,120
"Modular Puck Screen Holder - Aluminum Matte Black","Default Title","PSD-PuckHolder","2025-02-01","South Korea","2025-02-19",1,18.04,-1.8,0,16.24,0,16.24
"High Extraction He[%] Filter Baskets for a Fuller Coffee Experience","Pesado He[%] Basket - Large","PSD-HE-LG","2025-02-01","Argentina","2025-02-13",1,65,0,0,65,0,65
"High Extraction He[%] Filter Baskets for a Fuller Coffee Experience","Pesado He[%] Basket - Medium","PSD-HE-ME","2025-02-01","United States","2025-02-09",2,130,0,0,130,0,130
"Wooden Clump Crusher - WDT Distribution Tool for Fluffy Espresso Puck","Raya","PSDcrusherRAYA","2025-02-01","United States","2025-02-24",1,34.35,-3.44,0,30.91,0,30.91
"Impact Gravity Espresso Grounds Distributor (58.4mm)","Black","V2-PSD-distributor","2025-02-01","United States","2025-02-20",1,120,0,0,120,0,120
"Bottomless LM/E61/NS/GA Portafilter (Hybrid)","Breville 58mm / Black / Black","PF00BR58-BBK-HY","2025-02-01","United States","2025-02-20",1,103.46,0,0,103.46,8.54,112
"High Extraction He[%] 54mm Breville Filter Basket - Dosing 18g-20g","Default Title","PSD-HE-54","2025-02-01","United States","2025-02-19",1,65,-6.5,0,58.5,0,58.5
"Crusher Threaded Pin Assembly for DIY WDT Tool","4 pack of WDT pins","PSD-removablepins","2025-02-01","United States","2025-02-14",4,4,0,0,4,0,4
"Pesado EP Filter Basket","EP-18g","EP-18g","2025-02-01","United States","2025-02-21",1,20,0,0,20,0,20
"Modular Portafilter Handles","Black / Iris","PSDHMODBKIRIS","2025-02-01","United States","2025-02-03",1,55,-55,0,0,0,0
"Dosing Cup","54mm Dosing Cup / White","PSDdosingCup-WH-54","2025-02-01","United States","2025-02-15",1,26.25,0,0,26.25,0,26.25
"Pesado Portafilter Tamping Station","Default Title","PSD-TampingStation","2025-02-01","United States","2025-02-20",1,119.99,0,0,119.99,0,119.99
"High Extraction He[%] 54mm Breville Filter Basket - Dosing 18g-20g","Default Title","PSD-HE-54","2025-02-01","United States","2025-02-15",1,65,0,0,65,0,65
"Impact Gravity Espresso Grounds Distributor (58.4mm)","Black","V2-PSD-distributor","2025-02-01","Canada","2025-02-28",1,123.05,0,0,123.05,0,123.05
"Pesado Single Dose Coffee Cellar Stand + 4 Pack of Bean Cellars","Default Title","PSD-Beanstand-combo","2025-02-01","United States","2025-02-14",1,75,0,0,75,0,75
"High Extraction He[%] Filter Baskets for a Fuller Coffee Experience","Pesado He[%] Basket - Medium","PSD-HE-ME","2025-02-01","United States","2025-02-05",2,130,-13,0,117,0,117
"Coffee Tamper: 58.5mm & 53.5mm","58.5mm / Raya","PSDTWRaya","2025-02-01","United States","2025-02-20",1,97.5,0,0,97.5,0,97.5
"Bottomless LM/E61/NS/GA Portafilter (Hybrid)","E61 5mm / Raya","PF00MVRaya-HY","2025-02-01","United States","2025-02-17",1,120,-12,0,108,0,108
"Modular Puck Screen Holder - Aluminum Matte Black","Default Title","PSD-PuckHolder","2025-02-01","United States","2025-02-09",1,18,0,0,18,0,18
"Impact Gravity Espresso Grounds Distributor (58.4mm)","Black","V2-PSD-distributor","2025-02-01","United States","2025-02-16",1,120,0,0,120,0,120
"High Extraction He[%] Filter Baskets for a Fuller Coffee Experience","Pesado He[%] Basket - Medium","PSD-HE-ME","2025-02-01","United States","2025-02-21",5,325,-13,0,312,0,312
"High Extraction He[%] Filter Baskets for a Fuller Coffee Experience","Pesado He[%] Basket - Medium","PSD-HE-ME","2025-02-01","Sweden","2025-02-28",1,66.36,0,0,66.36,0,66.36
"Wooden Clump Crusher - WDT Distribution Tool for Fluffy Espresso Puck","Riga","PSDcrusherRIGA","2025-02-01","United States","2025-02-22",1,34.35,-3.43,0,30.92,0,30.92
"Pesado EP Filter Basket","EP-Breville54-18g","EP-BR-18g","2025-02-01","United States","2025-02-25",1,20,-2,0,18,0,18
"Hybrid Breville 54/58mm Portafilter - Versatile and Easy to Use","Breville 54 / Black | Bronze","PF02BR54-BBZ-HY","2025-02-01","United States","2025-02-15",1,137,0,0,137,0,137
"Breville 54mm Portafilter & Basket Precision Bundle","Black","PRE-BR54-SET","2025-02-01","United States","2025-02-09",1,214.85,-21.49,0,193.36,0,193.36
"Impact Gravity Espresso Grounds Distributor (58.4mm)","Black","V2-PSD-distributor","2025-02-01","United States","2025-02-19",1,108.8,-10.88,0,97.92,10.08,108
"Spring-Loaded Self-Leveling Tamper – Pesado x AD Coffee","Default Title","PSD-ADcoffee-Tamper","2025-02-01","United States","2025-02-20",1,120,0,0,120,0,120
"Crusher Threaded Pin Assembly for DIY WDT Tool","4 pack of WDT pins","PSD-removablepins","2025-02-01","United States","2025-02-13",1,1,0,0,1,0,1
"Modular Tamper Handle: Customize Your Tamper for Coffee","Black / Bronze","PSDTHMODBBZ","2025-02-01","United States","2025-02-02",1,45.99,-4.6,0,41.39,0,41.39
"Modular Puck Screen Holder - Aluminum Matte Black","Default Title","PSD-PuckHolder","2025-02-01","Canada","2025-02-28",1,18.66,0,0,18.66,0,18.66
"Single-Dose Coffee Tubes (Bean Cellar 4-Pack)","Default Title","PSD-beantube","2025-02-01","United States","2025-02-14",1,27,0,0,27,0,27
"Hybrid Breville 54/58mm Portafilter - Versatile and Easy to Use","Breville 54 / White | Riga","PF02BR54WH-Riga-HY","2025-02-01","United States","2025-02-13",1,145,0,0,145,0,145
"Single-Dose Coffee Tubes (Bean Cellar 4-Pack)","Default Title","PSD-beantube","2025-02-01","United States","2025-02-08",1,27,-2.71,0,24.29,0,24.29
"Impact Gravity Espresso Grounds Distributor (58.4mm)","Black","V2-PSD-distributor","2025-02-01","United States","2025-02-03",1,120,0,0,120,0,120
"Alloy Modular Stand for Clump Crusher (WDT tool)","Default Title","PSDcrusher-Stand","2025-02-01","United States","2025-02-22",1,18,-1.81,0,16.19,0,16.19
"Portafilter with a Double Spout for Espresso Machines","La Marzocco / E61 / Black | Silver","PF02LM-BSL","2025-02-01","France","2025-02-24",1,115.18,0,0,115.18,0,115.18
"Alloy Modular Stand for Clump Crusher (WDT tool)","Default Title","PSDcrusher-Stand","2025-02-01","Bahrain","2025-02-20",1,18,0,0,18,0,18
"Hybrid Breville 54/58mm Portafilter - Versatile and Easy to Use","Breville 54 / Black Full POM","PF02BR54-FullPOM-HY","2025-02-01","United States","2025-02-12",-1,0,0,-103.5,-103.5,0,-103.5
"Magnetic Espresso Dosing Ring","58mm Dosing Ring / Black","V2-PSDring-58mm","2025-02-01","United States","2025-02-28",1,22.5,0,0,22.5,0,22.5
"Impact Gravity Espresso Grounds Distributor (58.4mm)","Black","V2-PSD-distributor","2025-02-01","United States","2025-02-28",1,120,0,0,120,0,120
"High Extraction He[%] Filter Baskets for a Fuller Coffee Experience","Pesado He[%] Basket - Medium","PSD-HE-ME","2025-02-01","Saudi Arabia","2025-02-25",1,66.4,0,0,66.4,0,66.4
"High Extraction He[%] Filter Baskets for a Fuller Coffee Experience","Pesado He[%] Basket - Large","PSD-HE-LG","2025-02-01","United States","2025-02-21",1,65,0,0,65,0,65
"53.5 & 58.5mm Puck Diffuser Screen","58.5mm","PSD-puck","2025-02-01","United States","2025-02-24",1,20,-2,0,18,0,18
"Stainless Steel Clump Crusher V2.0 (WDT espresso distribution tool)","Black","V2-PSDcrusher-Black","2025-02-01","Taiwan","2025-02-16",-1,0,0,-34.7,-34.7,0,-34.7
"High Extraction He[%] Filter Baskets for a Fuller Coffee Experience","Pesado He[%] Basket - Medium","PSD-HE-ME","2025-02-01","Germany","2025-02-02",1,66.6,-6.65,0,59.95,0,59.95
"53.5 & 58.5mm Puck Diffuser Screen","58.5mm","PSD-puck","2025-02-01","Japan","2025-02-15",1,21.01,0,0,21.01,0,21.01
"53.5 & 58.5mm Puck Diffuser Screen","58.5mm","PSD-puck","2025-02-01","United States","2025-02-08",2,40,-4,0,36,0,36
"High Extraction He[%] Filter Baskets for a Fuller Coffee Experience","Pesado He[%] Basket - Large","PSD-HE-LG","2025-02-01","United States","2025-02-05",1,65,-6.5,0,58.5,0,58.5
"Stainless Steel Clump Crusher V2.0 (WDT espresso distribution tool)","Black","V2-PSDcrusher-Black","2025-02-01","Japan","2025-02-15",1,35.45,0,0,35.45,0,35.45
"Dosing Bundle","Black","DOSING_B","2025-02-01","United States","2025-02-20",1,52.5,0,0,52.5,0,52.5
"Coffee Tamper: 58.5mm & 53.5mm","58.5mm / Black / Black","PSDTMBBk","2025-02-01","United States","2025-02-24",1,90,0,0,90,0,90
"53.5 & 58.5mm Puck Diffuser Screen","53.5mm","PSD-puck-54","2025-02-01","United States","2025-02-01",2,40,0,0,40,0,40
"Depth Adjuster","Default Title","PSdepth","2025-02-01","United States","2025-02-02",2,90,-4.51,0,85.49,0,85.49
"53.5 & 58.5mm Puck Diffuser Screen","53.5mm","PSD-puck-54","2025-02-01","United States","2025-02-17",1,20,-3,0,17,0,17
"Bottomless LM/E61/NS/GA Portafilter (Hybrid)","E61 5mm / Black Full POM","PF00MV-FullPOM-HY","2025-02-01","United Kingdom","2025-02-10",1,92.98,0,0,92.98,0,92.98
"53.5 & 58.5mm Puck Diffuser Screen","58.5mm","PSD-puck","2025-02-01","United States","2025-02-11",1,20,-2,0,18,0,18
"Hybrid Breville 54/58mm Portafilter - Versatile and Easy to Use","Breville 54 / White | Bronze","PF02BR54-WBZ-HY","2025-02-01","United States","2025-02-07",1,137,-20.55,0,116.45,0,116.45
"Depth Adjuster","Default Title","PSdepth","2025-02-01","United States","2025-02-15",1,45,-4.5,0,40.5,0,40.5
"Stainless Steel Clump Crusher V2.0 (WDT espresso distribution tool)","Black","V2-PSDcrusher-Black","2025-02-01","Taiwan","2025-02-14",1,34.7,0,0,34.7,0,34.7
"53.5 & 58.5mm Puck Diffuser Screen","53.5mm","PSD-puck-54","2025-02-01","United States","2025-02-16",1,20,-2,0,18,0,18
"Impact Gravity Espresso Grounds Distributor (58.4mm)","Black","V2-PSD-distributor","2025-02-01","United States","2025-02-26",2,240,-12,0,228,0,228
"Naked/Bottomless Portafilter - Head Only (HYBRID)","E61 5mm","PFH00MV-HY","2025-02-01","United States","2025-02-05",1,67.5,-6.75,0,60.75,0,60.75
"Coffee Tamper: 58.5mm & 53.5mm","53.5mm / Black / Riga","PSDT-53.5-BKRiga","2025-02-01","United States","2025-02-20",1,97.5,-9.75,0,87.75,0,87.75
"High Extraction He[%] Filter Baskets for a Fuller Coffee Experience","Pesado He[%] Basket - X-Large","PSD-HE-XL","2025-02-01","United States","2025-02-22",1,65,-6.5,0,58.5,0,58.5
"Spouted Portafilter - Head Only","NS","PFHNS","2025-02-01","United Kingdom","2025-02-28",1,69.27,0,0,69.27,0,69.27
"High Extraction He[%] Filter Baskets for a Fuller Coffee Experience","Pesado He[%] Basket - Large","PSD-HE-LG","2025-02-01","United States","2025-02-12",3,195,-19.5,0,175.5,0,175.5
"53.5 & 58.5mm Puck Diffuser Screen","58.5mm","PSD-puck","2025-02-01","United States","2025-02-09",2,40,0,0,40,0,40
"Depth Adjuster","Default Title","PSdepth","2025-02-01","United States","2025-02-20",1,45,0,0,45,0,45
"53.5 & 58.5mm Puck Diffuser Screen","58.5mm","PSD-puck","2025-02-01","Canada","2025-02-28",1,20.74,0,0,20.74,0,20.74
"Sunrise Ceramic Coffee Cup and Saucer Set (White)","Default Title","PSD-CeramicSet","2025-02-01","United States","2025-02-11",1,9.31,-1.86,0,7.45,0.55,8
"Modular Puck Screen Holder - Aluminum Matte Black","Default Title","PSD-PuckHolder","2025-02-01","United States","2025-02-08",1,18,-1.8,0,16.2,0,16.2
"Bottomless LM/E61/NS/GA Portafilter (Hybrid)","E61 5mm / Black / Silver","PF00MV-BSL-HY","2025-02-01","United States","2025-02-14",1,112,-11.2,0,100.8,0,100.8
"Dusk & Haze Clump Crusher (WDT tool)","Dusk","PSDcrusher-Dusk","2025-02-01","United States","2025-02-03",1,34.35,0,0,34.35,0,34.35
"Hybrid LM/E61/NS/GA Portafilter - Versatile Bottomless & Spouted","E61 5mm / White | Haze","PF02MV-WHZ-HY","2025-02-01","United States","2025-02-22",1,145,0,0,145,0,145
"Hybrid LM/E61/NS/GA Portafilter - Versatile Bottomless & Spouted","E61 5mm / Black | Bronze","PF02MV-BBZ-HY","2025-02-01","United States","2025-02-21",1,137,-13.7,0,123.3,0,123.3
"High Extraction He[%] Filter Baskets for a Fuller Coffee Experience","Pesado He[%] Basket - Small","PSD-HE-SM","2025-02-01","United States","2025-02-16",1,65,-6.5,0,58.5,0,58.5
"High Extraction He[%] 54mm Breville Filter Basket - Dosing 18g-20g","Default Title","PSD-HE-54","2025-02-01","United States","2025-02-13",2,130,0,0,130,0,130
"Impact Gravity Espresso Grounds Distributor (58.4mm)","Black","V2-PSD-distributor","2025-02-01","United States","2025-02-14",2,240,0,0,240,0,240
"High Extraction He[%] Filter Baskets for a Fuller Coffee Experience","Pesado He[%] Basket - Medium","PSD-HE-ME","2025-02-01","United States","2025-02-23",1,65,-6.5,0,58.5,0,58.5
"Magnetic Espresso Dosing Ring","58mm Dosing Ring / Black","V2-PSDring-58mm","2025-02-01","United States","2025-02-14",1,22.5,0,0,22.5,0,22.5
"High Extraction He[%] Filter Baskets for a Fuller Coffee Experience","Pesado He[%] Basket - X-Large","PSD-HE-XL","2025-02-01","Canada","2025-02-22",2,133.56,-16.7,0,116.86,0,116.86
"Sunrise Ceramic Coffee Cup and Saucer Set (White)","Default Title","PSD-CeramicSet","2025-02-01","United States","2025-02-08",1,10,-1,0,9,0,9
"Alloy Modular Stand for Clump Crusher (WDT tool)","Default Title","PSDcrusher-Stand","2025-02-01","United States","2025-02-08",1,18,-1.8,0,16.2,0,16.2
"Magnetic Espresso Dosing Ring","58mm Dosing Ring / Black","V2-PSDring-58mm","2025-02-01","United States","2025-02-17",1,22.5,-2.25,0,20.25,0,20.25
"Precision Cut Espresso & Coffee Tamper Base for Maximum Yield","58mm Base","PSDTBase","2025-02-01","United Kingdom","2025-02-03",1,50,0,0,50,0,50
"High Extraction He[%] Filter Baskets for a Fuller Coffee Experience","Pesado He[%] Basket - Small","PSD-HE-SM","2025-02-01","United States","2025-02-03",1,65,0,0,65,0,65
"Alloy Modular Stand for Clump Crusher (WDT tool)","Default Title","PSDcrusher-Stand","2025-02-01","United States","2025-02-24",1,18,-1.81,0,16.19,0,16.19
"Milk Jug with Sharp Spout - 16.5oz / 490ml","Default Title","PSDjug","2025-02-01","United States","2025-02-04",1,34.35,-3.44,0,30.91,0,30.91
"Pesado Portafilter Tamping Station","Default Title","PSD-TampingStation","2025-02-01","United States","2025-02-17",1,119.99,0,0,119.99,0,119.99
"Espresso Shot Mirror","Default Title","PSDshot-mirror","2025-02-01","Argentina","2025-02-13",1,28,0,0,28,0,28
"Spring-Loaded Self-Leveling Tamper – Pesado x AD Coffee","Default Title","PSD-ADcoffee-Tamper","2025-02-01","United States","2025-02-02",2,240,-12,0,228,0,228
"53.5 & 58.5mm Puck Diffuser Screen","53.5mm","PSD-puck-54","2025-02-01","United States","2025-02-19",1,20,-2,0,18,0,18
"Pesado EP Filter Basket","EP-20g","EP-20g","2025-02-01","United States","2025-02-09",1,20,0,0,20,0,20
"High Extraction He[%] Filter Baskets for a Fuller Coffee Experience","Pesado He[%] Basket - Medium","PSD-HE-ME","2025-02-01","United States","2025-02-08",2,130,-6.5,0,123.5,0,123.5
"Pesado Single Dose Coffee Cellar Stand + 4 Pack of Bean Cellars","Default Title","PSD-Beanstand-combo","2025-02-01","United States","2025-02-15",1,75,0,0,75,0,75
"Sunrise Ceramic Coffee Cup and Saucer Set (White)","Default Title","PSD-CeramicSet","2025-02-01","United States","2025-02-23",4,40,0,0,40,0,40
"Bottomless LM/E61/NS/GA Portafilter (Hybrid)","E61 5mm / Black / Riga","PF00MVBK-Riga-HY","2025-02-01","United States","2025-02-09",1,120,0,0,120,0,120
"Impact Gravity Espresso Grounds Distributor (58.4mm)","Black","V2-PSD-distributor","2025-02-01","United States","2025-02-13",-1,0,0,-120,-120,0,-120
"Milk Jug with Sharp Spout - 16.5oz / 490ml","Default Title","PSDjug","2025-02-01","United States","2025-02-16",1,34.35,0,0,34.35,0,34.35
"Depth Adjuster","Default Title","PSdepth","2025-02-01","United States","2025-02-28",1,45,0,0,45,0,45
"Portafilter with a Double Spout for Espresso Machines","La Marzocco / E61 / White | Gold","PF02LM-WGD","2025-02-01","United States","2025-02-03",2,224,-22.4,0,201.6,0,201.6
"Modular Portafilter Handles","Black / Bronze","PSDHMODBBZ","2025-02-01","United States","2025-02-06",1,55,0,0,55,0,55
"Maximum Distribution Bundle","Black","DistributionBundle","2025-02-01","United States","2025-02-17",1,214.85,0,0,214.85,0,214.85
"Spring-Loaded Self-Leveling Tamper – Pesado x AD Coffee","Default Title","PSD-ADcoffee-Tamper","2025-02-01","United States","2025-02-17",1,120,0,0,120,0,120
"Modular Portafilter Handles","Black / Riga","PSDHMODBKRIGA","2025-02-01","United States","2025-02-17",1,55,0,0,55,0,55
"High Extraction He[%] Filter Baskets for a Fuller Coffee Experience","Pesado He[%] Basket - Medium","PSD-HE-ME","2025-02-01","United States","2025-02-11",2,130,-13,0,117,0,117
"Bottomless LM/E61/NS/GA Portafilter (Hybrid)","Breville 54mm / Black / Iris","PF00BR54BK-Iris-HY","2025-02-01","United States","2025-02-25",1,120,-12,0,108,0,108
"Hybrid LM/E61/NS/GA Portafilter - Versatile Bottomless & Spouted","La Marzocco 6mm / White | Gold","PF02LM-WGD-HY","2025-02-01","United States","2025-02-09",1,137,-20.55,0,116.45,0,116.45
"High Extraction He[%] 54mm Breville Filter Basket - Dosing 18g-20g","Default Title","PSD-HE-54","2025-02-01","United States","2025-02-01",1,65,0,0,65,0,65
"Modular Puck Screen Holder - Aluminum Matte Black","Default Title","PSD-PuckHolder","2025-02-01","United States","2025-02-23",1,18,-1.8,0,16.2,0,16.2
"High Extraction He[%] Filter Baskets for a Fuller Coffee Experience","Pesado He[%] Basket - Medium","PSD-HE-ME","2025-02-01","France","2025-02-24",1,66.99,0,0,66.99,0,66.99
"Impact Gravity Espresso Grounds Distributor (58.4mm)","Black","V2-PSD-distributor","2025-02-01","United States","2025-02-02",1,120,0,0,120,0,120
"Milk Jug with Sharp Spout - 16.5oz / 490ml","Default Title","PSDjug","2025-02-01","United States","2025-02-03",1,34.35,0,0,34.35,0,34.35
"High Extraction He[%] 54mm Breville Filter Basket - Dosing 18g-20g","Default Title","PSD-HE-54","2025-02-01","United States","2025-02-17",1,65,-9.75,0,55.25,0,55.25
"Modular Puck Screen Holder - Aluminum Matte Black","Default Title","PSD-PuckHolder","2025-02-01","United States","2025-02-07",1,18,-1.8,0,16.2,0,16.2
"53.5 & 58.5mm Puck Diffuser Screen","58.5mm","PSD-puck","2025-02-01","United States","2025-02-21",3,60,0,0,60,0,60
"High Extraction He[%] Filter Baskets for a Fuller Coffee Experience","Pesado He[%] Basket - Large","PSD-HE-LG","2025-02-01","United States","2025-02-24",2,130,0,0,130,0,130
"Depth Adjuster","Default Title","PSdepth","2025-02-01","United States","2025-02-16",1,45,0,0,45,0,45
"Impact Gravity Espresso Grounds Distributor (58.4mm)","Black","V2-PSD-distributor","2025-02-01","United States","2025-02-25",1,120,0,0,120,0,120
"Magnetic Espresso Dosing Ring","58mm Dosing Ring / Black","V2-PSDring-58mm","2025-02-01","United States","2025-02-25",1,22.5,0,0,22.5,0,22.5
"Bottomless LM/E61/NS/GA Portafilter (Hybrid)","Breville 54mm / Black / Silver","PF00BR54-BSL-HY","2025-02-01","United States","2025-02-07",1,112,-11.2,0,100.8,0,100.8
"Modular Portafilter Handles","Black / Black","PSDHMODBBK","2025-02-01","United States","2025-02-05",1,55,-5.5,0,49.5,0,49.5
"High Extraction He[%] Filter Baskets for a Fuller Coffee Experience","Pesado He[%] Basket - Large","PSD-HE-LG","2025-02-01","United States","2025-02-08",1,65,0,0,65,0,65
"Dosing Bundle","Black","DOSING_B","2025-02-01","Japan","2025-02-15",1,53.84,0,0,53.84,0,53.84
"Coffee Tamper: 58.5mm & 53.5mm","58.5mm / Black / Dusk","PSDTMBDk","2025-02-01","United States","2025-02-24",1,97.5,0,0,97.5,0,97.5
"Pesado EP Filter Basket","EP-18g","EP-18g","2025-02-01","South Korea","2025-02-27",1,20.08,-2.01,0,18.07,0,18.07
"Milk Jug with Sharp Spout - 16.5oz / 490ml","Default Title","PSDjug","2025-02-01","South Korea","2025-02-19",1,34,-3.4,0,30.6,0,30.6
"Stainless Steel Clump Crusher V2.0 (WDT espresso distribution tool)","Black","V2-PSDcrusher-Black","2025-02-01","United States","2025-02-20",1,34.35,0,0,34.35,0,34.35
"Hybrid Breville 54/58mm Portafilter - Versatile and Easy to Use","Breville 54 / Black | Silver","PF02BR54-BSL-HY","2025-02-01","United States","2025-02-17",1,137,0,0,137,0,137
"53.5 & 58.5mm Puck Diffuser Screen","53.5mm","PSD-puck-54","2025-02-01","United States","2025-02-04",1,20,-2,0,18,0,18
"Espresso Shot Mirror","Default Title","PSDshot-mirror","2025-02-01","Japan","2025-02-15",1,28.89,0,0,28.89,0,28.89
"Bottomless LM/E61/NS/GA Portafilter (Hybrid)","E61 5mm / Black Full POM","PF00MV-FullPOM-HY","2025-02-01","Taiwan","2025-02-14",1,91.81,0,0,91.81,0,91.81
"High Extraction He[%] Filter Baskets for a Fuller Coffee Experience","Pesado He[%] Basket - Large","PSD-HE-LG","2025-02-01","United States","2025-02-11",1,65,-6.5,0,58.5,0,58.5
"Bottomless LM/E61/NS/GA Portafilter (Hybrid)","Breville 54mm / Black / Riga","PF00BR54BK-Riga-HY","2025-02-01","Canada","2025-02-07",1,122.9,0,0,122.9,0,122.9
"53.5 & 58.5mm Puck Diffuser Screen","53.5mm","PSD-puck-54","2025-02-01","United States","2025-02-20",1,20,0,0,20,0,20
"Pesado Portafilter Tamping Station","Default Title","PSD-TampingStation","2025-02-01","South Korea","2025-02-19",1,114.49,-11.45,0,103.04,0,103.04
"Dusk & Haze Clump Crusher (WDT tool)","Haze","PSDcrusher-Haze","2025-02-01","Canada","2025-02-28",1,35.25,0,0,35.25,0,35.25
"Impact Gravity Espresso Grounds Distributor (58.4mm)","Black","V2-PSD-distributor","2025-02-01","United States","2025-02-09",1,120,-12,0,108,0,108
"Modular Puck Screen Holder - Aluminum Matte Black","Default Title","PSD-PuckHolder","2025-02-01","United States","2025-02-16",0,18,0,-16.2,1.8,0,1.8
"Full Moon Wave - Convex Tamper","White | Dusk","PSDT-WAVE-WDk","2025-02-01","United States","2025-02-11",1,114.5,-11.45,0,103.05,0,103.05
"Crusher Threaded Pin Assembly for DIY WDT Tool","WDT pin assembly (0.3mm)","PSD-PinUP","2025-02-01","Spain","2025-02-28",2,29.02,0,0,29.02,0,29.02
"Coffee Tamper: 58.5mm & 53.5mm","58.5mm / Black / Silver","PSDTMBSl","2025-02-01","United States","2025-02-15",1,90,-9,0,81,0,81
"Magnetic Espresso Dosing Ring","58mm Dosing Ring / Black","V2-PSDring-58mm","2025-02-01","Saudi Arabia","2025-02-07",1,23.19,0,0,23.19,0,23.19
"Wooden Clump Crusher - WDT Distribution Tool for Fluffy Espresso Puck","Raya","PSDcrusherRAYA","2025-02-01","United States","2025-02-02",1,34.35,-3.43,0,30.92,0,30.92
"Magnetic Espresso Dosing Ring","58mm Dosing Ring / Black","V2-PSDring-58mm","2025-02-01","United States","2025-02-06",1,22.5,-2.25,0,20.25,0,20.25
"Spring-Loaded Self-Leveling Tamper – Pesado x AD Coffee","Default Title","PSD-ADcoffee-Tamper","2025-02-01","United States","2025-02-05",1,120,0,0,120,0,120
"Impact Gravity Espresso Grounds Distributor (58.4mm)","Black","V2-PSD-distributor","2025-02-01","United States","2025-02-06",1,120,0,0,120,0,120
"Bottomless LM/E61/NS/GA Portafilter (Hybrid)","Breville 58mm / Black / Riga","PF00BR58BK-Riga-HY","2025-02-01","United States","2025-02-15",1,120,-12,0,108,0,108
"Impact Gravity Espresso Grounds Distributor (58.4mm)","Black","V2-PSD-distributor","2025-02-01","South Korea","2025-02-01",1,122.8,0,0,122.8,0,122.8
"High Extraction He[%] 54mm Breville Filter Basket - Dosing 18g-20g","Default Title","PSD-HE-54","2025-02-01","United States","2025-02-21",2,130,-16.25,0,113.75,0,113.75
"Modular Puck Screen Holder - Aluminum Matte Black","Default Title","PSD-PuckHolder","2025-02-01","United States","2025-02-03",1,18,0,0,18,0,18
"Alloy Modular Stand for Clump Crusher (WDT tool)","Default Title","PSDcrusher-Stand","2025-02-01","Canada","2025-02-28",1,18.66,0,0,18.66,0,18.66
"Alloy Modular Stand for Clump Crusher (WDT tool)","Default Title","PSDcrusher-Stand","2025-02-01","United States","2025-02-03",1,18,0,0,18,0,18
"53.5 & 58.5mm Puck Diffuser Screen","58.5mm","PSD-puck","2025-02-01","Germany","2025-02-02",1,20.46,-2.05,0,18.41,0,18.41
"High Extraction He[%] 54mm Breville Filter Basket - Dosing 18g-20g","Default Title","PSD-HE-54","2025-02-01","United States","2025-02-05",1,65,-6.5,0,58.5,0,58.5
"Precision Cut Espresso & Coffee Tamper Base for Maximum Yield","54mm Base","PSDTBR54base","2025-02-01","United States","2025-02-05",1,50,0,0,50,0,50
"Pesado 58.5 Portafilter Hybrid Head - Versatile & Easy to Use","LM/E61 & NS/BR58mm Hybrid Attachment Only","PSDHY","2025-02-01","United Kingdom","2025-02-19",1,26.44,0,0,26.44,0,26.44
"Coffee Tamper: 58.5mm & 53.5mm","58.5mm / Black / Silver","PSDTMBSl","2025-02-01","United States","2025-02-04",1,90,0,0,90,0,90
"High Extraction He[%] Filter Baskets for a Fuller Coffee Experience","Pesado He[%] Basket - X-Large","PSD-HE-XL","2025-02-01","United States","2025-02-17",1,65,0,0,65,0,65
"Bottomless LM/E61/NS/GA Portafilter (Hybrid)","E61 5mm / Black / Gold","PF00MV-BGD-HY","2025-02-01","United States","2025-02-13",1,112,0,0,112,0,112
"High Extraction He[%] Filter Baskets for a Fuller Coffee Experience","Pesado He[%] Basket - Large","PSD-HE-LG","2025-02-01","United States","2025-02-04",1,65,0,0,65,0,65
"53.5 & 58.5mm Puck Diffuser Screen","58.5mm","PSD-puck","2025-02-01","United States","2025-02-17",2,40,-4,0,36,0,36
"53.5 & 58.5mm Puck Diffuser Screen","58.5mm","PSD-puck","2025-02-01","Sweden","2025-02-28",1,20.45,0,0,20.45,0,20.45
"High Extraction He[%] Filter Baskets for a Fuller Coffee Experience","Pesado He[%] Basket - Large","PSD-HE-LG","2025-02-01","Hungary","2025-02-19",1,66.52,0,0,66.52,0,66.52
"Bottomless LM/E61/NS/GA Portafilter (Hybrid)","Breville 54mm / White / Dusk","PF00BR54-WDK-HY","2025-02-01","United States","2025-02-04",1,120,-12,0,108,0,108
"Pesado EP Filter Basket","EP-20g","EP-20g","2025-02-01","United States","2025-02-17",2,40,-4,0,36,0,36
"Wooden Clump Crusher - WDT Distribution Tool for Fluffy Espresso Puck","Raya","PSDcrusherRAYA","2025-02-01","United States","2025-02-25",1,34.35,0,0,34.35,0,34.35
"Bottomless LM/E61/NS/GA Portafilter (Hybrid)","Breville 54mm / White / Haze","PF00BR54-WHZ-HY","2025-02-01","United States","2025-02-04",1,120,-12,0,108,0,108
"Bottomless LM/E61/NS/GA Portafilter (Hybrid)","Breville 54mm / Black / Silver","PF00BR54-BSL-HY","2025-02-01","United States","2025-02-16",-1,0,0,-100.8,-100.8,0,-100.8
"Pesado EP Filter Basket","EP-20g","EP-20g","2025-02-01","Taiwan","2025-02-14",1,20.55,0,0,20.55,0,20.55
"Magnetic Espresso Dosing Ring","58mm Dosing Ring / Black","V2-PSDring-58mm","2025-02-01","Taiwan","2025-02-15",1,22.67,-2.27,0,20.4,0,20.4
"High Extraction He[%] Filter Baskets for a Fuller Coffee Experience","Pesado He[%] Basket - Large","PSD-HE-LG","2025-02-01","United States","2025-02-15",1,65,0,0,65,0,65
"Stainless Steel Clump Crusher V2.0 (WDT espresso distribution tool)","Black","V2-PSDcrusher-Black","2025-02-01","United States","2025-02-08",1,34.35,-3.43,0,30.92,0,30.92
"Dosing Cup","58mm Dosing Cup / Charcoal",,"2025-02-01","United States","2025-02-16",1,26.25,0,0,26.25,0,26.25
"Pesado EP Filter Basket","EP-18g","EP-18g","2025-02-01","Canada","2025-02-06",1,20.95,-2.09,0,18.86,0,18.86
"High Extraction He[%] Filter Baskets for a Fuller Coffee Experience","Pesado He[%] Basket - Medium","PSD-HE-ME","2025-02-01","Taiwan","2025-02-12",1,64.42,0,0,64.42,0,64.42
"Stainless Steel Clump Crusher V2.0 (WDT espresso distribution tool)","Black","V2-PSDcrusher-Black","2025-02-01","United States","2025-02-24",1,34.35,-3.43,0,30.92,0,30.92
"Stainless Steel Clump Crusher V2.0 (WDT espresso distribution tool)","Black","V2-PSDcrusher-Black","2025-02-01","South Korea","2025-02-19",1,34,-3.4,0,30.6,0,30.6
"High Extraction He[%] Filter Baskets for a Fuller Coffee Experience","Pesado He[%] Basket - Medium","PSD-HE-ME","2025-02-01","Brazil","2025-02-05",1,65,0,0,65,0,65
"Crusher Threaded Pin Assembly for DIY WDT Tool","4 pack of WDT pins","PSD-removablepins","2025-02-01","Spain","2025-02-17",1,2.04,0,0,2.04,0,2.04
"Coffee Tamper: 58.5mm & 53.5mm","58.5mm / Black / Silver","PSDTMBSl","2025-02-01","United States","2025-02-28",1,90,0,0,90,0,90
"Bottomless LM/E61/NS/GA Portafilter (Hybrid)","Breville 54mm / Black Full POM","PF00BR54-FullPOM-HY","2025-02-01","United States","2025-02-16",1,90,0,0,90,0,90
"Hybrid Breville 54/58mm Portafilter - Versatile and Easy to Use","Breville 58 / Black | Gold","PF02BR58-BGD-HY","2025-02-01","United States","2025-02-28",1,137,-13.7,0,123.3,0,123.3
"Stainless Steel Milk Jug With Round Spout - 16.5oz / 490ml","Default Title","PSDjugWH","2025-02-01","United States","2025-02-11",1,31.95,-6.39,0,25.56,1.92,27.48
"Pesado EP Filter Basket","EP-22g","EP-22g","2025-02-01","United Kingdom","2025-02-10",1,21.08,0,0,21.08,0,21.08
"High Extraction He[%] Filter Baskets for a Fuller Coffee Experience","Pesado He[%] Basket - Large","PSD-HE-LG","2025-02-01","United States","2025-02-19",4,260,-78,0,182,0,182
"High Extraction He[%] Filter Baskets for a Fuller Coffee Experience","Pesado He[%] Basket - X-Large","PSD-HE-XL","2025-02-01","United States","2025-02-02",1,60.33,0,0,60.33,4.67,65
"Espresso Shot Mirror","Default Title","PSDshot-mirror","2025-02-01","United States","2025-02-14",1,28,0,0,28,0,28
"Precision 58mm Breville Bundle: 58mm Portafilter & He[%] Basket","Black","PRE-BR58-SET","2025-02-01","United States","2025-02-17",1,202,0,0,202,0,202
"Depth Adjuster","Default Title","PSdepth","2025-02-01","United States","2025-02-24",1,45,-4.5,0,40.5,0,40.5
"Magnetic Espresso Dosing Ring","58mm Dosing Ring / Black","V2-PSDring-58mm","2025-02-01","Taiwan","2025-02-16",-1,0,0,-22.66,-22.66,0,-22.66
"Alloy Modular Stand for Clump Crusher (WDT tool)","Default Title","PSDcrusher-Stand","2025-02-01","Taiwan","2025-02-14",1,18.41,0,0,18.41,0,18.41
"Pesado EP Filter Basket","EP-Breville54-18g","EP-BR-18g","2025-02-01","United States","2025-02-11",1,20,-2,0,18,0,18
"Bottomless LM/E61/NS/GA Portafilter (Hybrid)","Breville 54mm / Black / Silver","PF00BR54-BSL-HY","2025-02-01","United States","2025-02-15",1,112,0,0,112,0,112
"High Extraction He[%] Filter Baskets for a Fuller Coffee Experience","Pesado He[%] Basket - Medium","PSD-HE-ME","2025-02-01","United States","2025-02-28",1,65,0,0,65,0,65
"Pesado Portafilter Tamping Station","Default Title","PSD-TampingStation","2025-02-01","Taiwan","2025-02-15",1,116.77,-11.68,0,105.09,0,105.09
"Espresso Shot Mirror","Default Title","PSDshot-mirror","2025-02-01","United States","2025-02-17",1,28,-4.2,0,23.8,0,23.8
"Crusher Threaded Pin Assembly for DIY WDT Tool","4 pack of WDT pins","PSD-removablepins","2025-02-01","Saudi Arabia","2025-02-07",2,2.14,0,0,2.14,0,2.14
"Hybrid Breville 54/58mm Portafilter - Versatile and Easy to Use","Breville 58 / Black | Bronze","PF02BR58-BBZ-HY","2025-02-01","Canada","2025-02-06",1,140.36,-14.04,0,126.32,0,126.32
"Depth Adjuster","Default Title","PSdepth","2025-02-01","United States","2025-02-08",1,45,-4.5,0,40.5,0,40.5
"High Extraction He[%] Filter Baskets for a Fuller Coffee Experience","Pesado He[%] Basket - Large","PSD-HE-LG","2025-02-01","Saudi Arabia","2025-02-25",1,66.4,0,0,66.4,0,66.4
"Bottomless LM/E61/NS/GA Portafilter (Hybrid)","E61 5mm / Black Full POM","PF00MV-FullPOM-HY","2025-02-01","Taiwan","2025-02-15",1,91.83,-9.18,0,82.65,0,82.65
"Hybrid Breville 54/58mm Portafilter - Versatile and Easy to Use","Breville 54 / White | Gold","PF02BR54-WGD-HY","2025-02-01","United States","2025-02-26",1,137,0,0,137,0,137
"Hybrid Breville 54/58mm Portafilter - Versatile and Easy to Use","Breville 54 / Black Full POM","PF02BR54-FullPOM-HY","2025-02-01","United States","2025-02-17",1,115,-17.25,0,97.75,0,97.75
"Coffee Tamper: 58.5mm & 53.5mm","58.5mm / White / Haze","PSDTMWHz","2025-02-01","United States","2025-02-08",1,97.5,-9.75,0,87.75,0,87.75
"Bottomless LM/E61/NS/GA Portafilter (Hybrid)","E61 5mm / Black / Riga","PF00MVBK-Riga-HY","2025-02-01","Qatar","2025-02-09",1,122.56,0,0,122.56,0,122.56
"Impact Gravity Espresso Grounds Distributor (58.4mm)","Black","V2-PSD-distributor","2025-02-01","South Korea","2025-02-13",1,122.62,-12.26,0,110.36,0,110.36
"Breville 54mm Portafilter & Basket Precision Bundle","Black","PRE-BR54-SET","2025-02-01","Israel","2025-02-03",1,219.22,0,0,219.22,0,219.22
"Crusher Threaded Pin Assembly for DIY WDT Tool","4 pack of WDT pins","PSD-removablepins","2025-02-01","United States","2025-02-08",1,1,-0.1,0,0.9,0,0.9
"Hybrid LM/E61/NS/GA Portafilter - Versatile Bottomless & Spouted","La Marzocco 6mm / Black | Gold","PF02LM-BGD-HY","2025-02-01","United States","2025-02-05",2,274,0,0,274,0,274
"High Extraction He[%] Filter Baskets for a Fuller Coffee Experience","Pesado He[%] Basket - Medium","PSD-HE-ME","2025-02-01","United States","2025-02-03",2,130,0,0,130,0,130
"53.5 & 58.5mm Puck Diffuser Screen","58.5mm","PSD-puck","2025-02-01","Argentina","2025-02-13",1,20,0,0,20,0,20
"High Extraction He[%] 54mm Breville Filter Basket - Dosing 18g-20g","Default Title","PSD-HE-54","2025-02-01","United States","2025-02-09",2,130,0,0,130,0,130
"53.5 & 58.5mm Puck Diffuser Screen","58.5mm","PSD-puck","2025-02-01","Taiwan","2025-02-14",1,20.55,0,0,20.55,0,20.55
"Bottomless LM/E61/NS/GA Portafilter (Hybrid)","Breville 54mm / Raya","PF00BR54-Raya-HY","2025-02-01","United States","2025-02-07",1,120,-12,0,108,0,108
"53.5 & 58.5mm Puck Diffuser Screen","53.5mm","PSD-puck-54","2025-02-01","Italy","2025-02-21",1,20.87,0,0,20.87,0,20.87
"Single-Dose Coffee Tubes (Bean Cellar 4-Pack)","Default Title","PSD-beantube","2025-02-01","United Kingdom","2025-02-03",2,54,0,0,54,0,54
"Espresso Shot Mirror","Default Title","PSDshot-mirror","2025-02-01","South Korea","2025-02-19",1,27.76,-2.78,0,24.98,0,24.98
"Pesado EP Filter Basket","EP-20g","EP-20g","2025-02-01","United States","2025-02-25",1,20,0,0,20,0,20
"Impact Gravity Espresso Grounds Distributor (58.4mm)","Black","V2-PSD-distributor","2025-02-01","United States","2025-02-21",1,120,0,0,120,0,120
"Dusk & Haze Clump Crusher (WDT tool)","Dusk","PSDcrusher-Dusk","2025-02-01","United States","2025-02-21",1,34.35,0,0,34.35,0,34.35
"Alloy Modular Stand for Clump Crusher (WDT tool)","Default Title","PSDcrusher-Stand","2025-02-01","United States","2025-02-02",1,18,-1.8,0,16.2,0,16.2
"Impact Gravity Espresso Grounds Distributor (58.4mm)","Black","V2-PSD-distributor","2025-02-01","United States","2025-02-23",1,120,0,0,120,0,120
"High Extraction He[%] Filter Baskets for a Fuller Coffee Experience","Pesado He[%] Basket - Medium","PSD-HE-ME","2025-02-01","United States","2025-02-14",1,65,0,0,65,0,65
"Coffee Tamper: 58.5mm & 53.5mm","58.5mm / Raya","PSDTWRaya","2025-02-01","United States","2025-02-24",1,97.5,-9.75,0,87.75,0,87.75
"Crusher Threaded Pin Assembly for DIY WDT Tool","WDT pin assembly (0.3mm)","PSD-PinUP","2025-02-01","United States","2025-02-01",1,14,0,0,14,0,14
"High Extraction He[%] Filter Baskets for a Fuller Coffee Experience","Pesado He[%] Basket - Medium","PSD-HE-ME","2025-02-01","United States","2025-02-17",1,65,-6.5,0,58.5,0,58.5
"Bottomless LM/E61/NS/GA Portafilter (Hybrid)","Breville 58mm / Black / Black","PF00BR58-BBK-HY","2025-02-01","Germany","2025-02-09",1,114.6,-11.47,0,103.13,0,103.13
"High Extraction He[%] 54mm Breville Filter Basket - Dosing 18g-20g","Default Title","PSD-HE-54","2025-02-01","United States","2025-02-11",1,65,-6.5,0,58.5,0,58.5
"53.5 & 58.5mm Puck Diffuser Screen","58.5mm","PSD-puck","2025-02-01","Taiwan","2025-02-16",-1,0,0,-20.55,-20.55,0,-20.55
"High Extraction He[%] Filter Baskets for a Fuller Coffee Experience","Pesado He[%] Basket - Small","PSD-HE-SM","2025-02-01","United States","2025-02-21",1,65,0,0,65,0,65
"Crusher Threaded Pin Assembly for DIY WDT Tool","4 pack of WDT pins","PSD-removablepins","2025-02-01","Spain","2025-02-28",4,8.12,0,0,8.12,0,8.12
"Pesado Single Dose Coffee Cellar Stand + 4 Pack of Bean Cellars","Default Title","PSD-Beanstand-combo","2025-02-01","United States","2025-02-21",1,75,0,0,75,0,75
"Spring-Loaded Self-Leveling Tamper – Pesado x AD Coffee","Default Title","PSD-ADcoffee-Tamper","2025-02-01","United States","2025-02-08",1,120,0,0,120,0,120
"Magnetic Espresso Dosing Ring","58mm Dosing Ring / Black","V2-PSDring-58mm","2025-02-01","South Korea","2025-02-14",1,22.17,0,0,22.17,0,22.17
"High Extraction He[%] Filter Baskets for a Fuller Coffee Experience","Pesado He[%] Basket - Large","PSD-HE-LG","2025-02-01","New Zealand","2025-02-14",1,66.54,0,0,66.54,0,66.54
"High Extraction He[%] Filter Baskets for a Fuller Coffee Experience","Pesado He[%] Basket - Medium","PSD-HE-ME","2025-02-01","United States","2025-02-16",1,65,0,0,65,0,65
"Portafilter with a Double Spout for Espresso Machines","La Marzocco / E61 / Black | Dusk","PF02LM-BDK","2025-02-01","United States","2025-02-22",1,120,0,0,120,0,120
"High Extraction He[%] 54mm Breville Filter Basket - Dosing 18g-20g","Default Title","PSD-HE-54","2025-02-01","Canada","2025-02-22",2,133.56,0,0,133.56,0,133.56
"Pesado EP Filter Basket","EP-18g","EP-18g","2025-02-01","United States","2025-02-25",1,20,0,0,20,0,20
"Bottomless LM/E61/NS/GA Portafilter (Hybrid)","E61 5mm / Black Full POM","PF00MV-FullPOM-HY","2025-02-01","Taiwan","2025-02-16",-1,0,0,-91.81,-91.81,0,-91.81
"Alloy Modular Stand for Clump Crusher (WDT tool)","Default Title","PSDcrusher-Stand","2025-02-01","United States","2025-02-25",2,36,-1.8,0,34.2,0,34.2
"Pesado EP Filter Basket","EP-Breville54-18g","EP-BR-18g","2025-02-01","United States","2025-02-06",1,20,0,0,20,0,20
"Dosing Bundle","Black","DOSING_B","2025-02-01","United States","2025-02-24",1,52.5,-5.25,0,47.25,0,47.25
"Portafilter with a Double Spout for Espresso Machines","La Marzocco / E61 / Black | Silver","PF02LM-BSL","2025-02-01","United States","2025-02-09",1,112,0,0,112,0,112
"High Extraction He[%] Filter Baskets for a Fuller Coffee Experience","Pesado He[%] Basket - Large","PSD-HE-LG","2025-02-01","United States","2025-02-17",1,65,-6.5,0,58.5,0,58.5
"53.5 & 58.5mm Puck Diffuser Screen","58.5mm","PSD-puck","2025-02-01","United States","2025-02-20",2,36.95,0,0,36.95,3.05,40
"Wooden Clump Crusher - WDT Distribution Tool for Fluffy Espresso Puck","Riga","PSDcrusherRIGA","2025-02-01","United States","2025-02-25",1,34.35,-3.44,0,30.91,0,30.91
"53.5 & 58.5mm Puck Diffuser Screen","53.5mm","PSD-puck-54","2025-02-01","United States","2025-02-21",1,20,-3.01,0,16.99,0,16.99
"Stainless Steel Clump Crusher V2.0 (WDT espresso distribution tool)","Silver","V2-PSDcrusher-Silver","2025-02-01","Bahrain","2025-02-20",1,34.35,0,0,34.35,0,34.35
"Magnetic Espresso Dosing Ring","58mm Dosing Ring / Black","V2-PSDring-58mm","2025-02-01","Taiwan","2025-02-14",1,22.66,0,0,22.66,0,22.66
"53.5 & 58.5mm Puck Diffuser Screen","58.5mm","PSD-puck","2025-02-01","United States","2025-02-15",2,40,-2,0,38,0,38
"Pesado EP Filter Basket","EP-20g","EP-20g","2025-02-01","Taiwan","2025-02-15",1,20.53,-2.05,0,18.48,0,18.48
"Pesado 58.5 Portafilter Hybrid Head - Versatile & Easy to Use","E61 5mm Hybrid","PFH02MV-HY","2025-02-01","United States","2025-02-01",1,92.5,0,0,92.5,0,92.5
"Gravity Coffee Distributor 53.5mm","54 mm","PSD-distributor-54m","2025-02-01","Israel","2025-02-03",1,112.25,0,0,112.25,0,112.25
"53.5 & 58.5mm Puck Diffuser Screen","53.5mm","PSD-puck-54","2025-02-01","United States","2025-02-05",1,20,-2,0,18,0,18
"Pesado EP Filter Basket","EP-Breville54-20g","EP-BR-20g","2025-02-01","United States","2025-02-05",1,20,-2,0,18,0,18
"Naked/Bottomless Portafilter - Head Only (HYBRID)","Breville 54mm","PFH00BR54-HY","2025-02-01","United States","2025-02-05",1,67.5,0,0,67.5,0,67.5
"High Extraction He[%] Filter Baskets for a Fuller Coffee Experience","Pesado He[%] Basket - X-Large","PSD-HE-XL","2025-02-01","United States","2025-02-15",1,65,-6.5,0,58.5,0,58.5
"High Extraction He[%] Filter Baskets for a Fuller Coffee Experience","Pesado He[%] Basket - Medium","PSD-HE-ME","2025-02-01","Germany","2025-02-09",1,67.09,0,0,67.09,0,67.09
"Bottomless LM/E61/NS/GA Portafilter (Hybrid)","Breville 54mm / Black Full POM","PF00BR54-FullPOM-HY","2025-02-01","United States","2025-02-13",1,90,0,0,90,0,90
"High Extraction He[%] Filter Baskets for a Fuller Coffee Experience","Pesado He[%] Basket - Large","PSD-HE-LG","2025-02-01","United States","2025-02-02",1,65,-6.5,0,58.5,0,58.5
"Pesado EP Filter Basket","EP-20g","EP-20g","2025-02-01","United States","2025-02-19",4,80,0,0,80,0,80
"Espresso Shot Mirror","Default Title","PSDshot-mirror","2025-02-01","United States","2025-02-15",2,56,0,0,56,0,56
"High Extraction He[%] Filter Baskets for a Fuller Coffee Experience","Pesado He[%] Basket - X-Large","PSD-HE-XL","2025-02-01","United States","2025-02-03",1,65,0,0,65,0,65
"Bottomless LM/E61/NS/GA Portafilter (Hybrid)","Breville 54mm / Black / Iris","PF00BR54BK-Iris-HY","2025-02-01","United States","2025-02-11",1,111.63,-22.32,0,89.31,6.69,96
"High Extraction He[%] Filter Baskets for a Fuller Coffee Experience","Pesado He[%] Basket - Medium","PSD-HE-ME","2025-02-01","United States","2025-02-25",1,65,-6.5,0,58.5,0,58.5
"Magnetic Espresso Dosing Ring","58mm Dosing Ring / Black","V2-PSDring-58mm","2025-02-01","Germany","2025-02-09",1,23.71,0,0,23.71,0,23.71
"Pesado EP Filter Basket","EP-20g","EP-20g","2025-02-01","Taiwan","2025-02-16",-1,0,0,-20.55,-20.55,0,-20.55
"53.5 & 58.5mm Puck Diffuser Screen","58.5mm","PSD-puck","2025-02-01","United States","2025-02-16",1,20,0,0,20,0,20
"Bottomless LM/E61/NS/GA Portafilter (Hybrid)","La Marzocco 6mm / White / Dusk","PF00LM-WDK-HY","2025-02-01","Canada","2025-02-03",2,245.26,0,0,245.26,0,245.26
"Pesado EP Filter Basket","EP-Breville54-20g","EP-BR-20g","2025-02-01","United States","2025-02-06",1,20,0,0,20,0,20
"Modular Portafilter Handles","White / Dusk",,"2025-02-01","United States","2025-02-08",1,55,0,0,55,0,55
"Espresso Shot Mirror","Default Title","PSDshot-mirror","2025-02-01","United States","2025-02-04",1,28,0,0,28,0,28
"Modular Portafilter Handles","White / Black / Black",,"2025-02-01","United States","2025-02-05",1,55,-5.5,0,49.5,0,49.5
"Bottomless LM/E61/NS/GA Portafilter (Hybrid)","Breville 58mm / Black / Silver","PF00BR58-BSL-HY","2025-02-01","United States","2025-02-08",1,112,0,0,112,0,112
"Crusher Threaded Pin Assembly for DIY WDT Tool","4 pack of WDT pins","PSD-removablepins","2025-02-01","Switzerland","2025-02-01",12,13.2,0,0,13.2,0,13.2
"Naked/Bottomless Portafilter - Head Only (HYBRID)","Breville 54mm","PFH00BR54-HY","2025-02-01","United States","2025-02-06",1,67.5,0,0,67.5,0,67.5
"Pesado Portafilter Tamping Station","Default Title","PSD-TampingStation","2025-02-01","Japan","2025-02-15",1,122.77,0,0,122.77,0,122.77
"High Extraction He[%] Filter Baskets for a Fuller Coffee Experience","Pesado He[%] Basket - Medium","PSD-HE-ME","2025-02-01","Canada","2025-02-03",2,132.9,0,0,132.9,0,132.9
"Modular Puck Screen Holder - Aluminum Matte Black","Default Title","PSD-PuckHolder","2025-02-01","United States","2025-02-14",1,18,0,0,18,0,18
"Bottomless LM/E61/NS/GA Portafilter (Hybrid)","E61 5mm / Raya","PF00MVRaya-HY","2025-02-01","United States","2025-02-22",1,120,0,0,120,0,120
"53.5 & 58.5mm Puck Diffuser Screen","58.5mm","PSD-puck","2025-02-01","Canada","2025-02-22",1,21.08,-3.16,0,17.92,0,17.92
"High Extraction He[%] Filter Baskets for a Fuller Coffee Experience","Pesado He[%] Basket - Medium","PSD-HE-ME","2025-02-01","Spain","2025-02-17",1,67.02,0,0,67.02,0,67.02
"Dosing Bundle","Black","DOSING_B","2025-02-01","South Korea","2025-02-19",1,38.72,-3.87,0,34.85,0,34.85
"High Extraction He[%] Filter Baskets for a Fuller Coffee Experience","Pesado He[%] Basket - Medium","PSD-HE-ME","2025-02-01","Qatar","2025-02-04",1,66.39,0,0,66.39,0,66.39
"53.5 & 58.5mm Puck Diffuser Screen","58.5mm","PSD-puck","2025-02-01","Taiwan","2025-02-15",1,20.53,-2.05,0,18.48,0,18.48
"Modular Portafilter Handles","White / Silver",,"2025-02-01","Bahrain","2025-02-20",1,55,0,0,55,0,55
"Crusher Threaded Pin Assembly for DIY WDT Tool","WDT pin assembly (0.3mm)","PSD-PinUP","2025-02-01","United States","2025-02-13",1,14,0,0,14,0,14
"Sunrise Ceramic Coffee Cup and Saucer Set (White)","Default Title","PSD-CeramicSet","2025-02-01","United States","2025-02-14",6,60,0,0,60,0,60
"Magnetic Espresso Dosing Ring","58mm Dosing Ring / Black","V2-PSDring-58mm","2025-02-01","United States","2025-02-08",1,22.5,-2.25,0,20.25,0,20.25
"Naked/Bottomless Portafilter - Head Only (HYBRID)","Breville 58mm","PFH00BR58-HY","2025-02-01","United States","2025-02-08",1,67.5,0,0,67.5,0,67.5
"High Extraction He[%] 54mm Breville Filter Basket - Dosing 18g-20g","Default Title","PSD-HE-54","2025-02-01","Canada","2025-02-07",1,66.34,0,0,66.34,0,66.34
"Impact Gravity Espresso Grounds Distributor (58.4mm)","Black","V2-PSD-distributor","2025-02-01","United States","2025-02-08",1,120,0,0,120,0,120
"Milk Jug with Sharp Spout - 16.5oz / 490ml","Default Title","PSDjug","2025-02-01","United States","2025-02-05",1,34.35,0,0,34.35,0,34.35
"High Extraction He[%] 54mm Breville Filter Basket - Dosing 18g-20g","Default Title","PSD-HE-54","2025-02-01","United States","2025-02-07",1,65,-6.5,0,58.5,0,58.5
"Pesado EP Filter Basket","EP-22g","EP-22g","2025-02-01","United States","2025-02-09",1,20,0,0,20,0,20
"Modular Puck Screen Holder - Aluminum Matte Black","Default Title","PSD-PuckHolder","2025-02-01","United States","2025-02-17",1,18,-1.8,0,16.2,0,16.2
"Dusk & Haze Clump Crusher (WDT tool)","Dusk","PSDcrusher-Dusk","2025-02-01","Saudi Arabia","2025-02-07",1,35.19,0,0,35.19,0,35.19
"Portafilter with a Double Spout for Espresso Machines","La Marzocco / E61 / Black | Black","PF02LM-BBK","2025-02-01","United States","2025-02-01",1,101.63,0,0,101.63,10.37,112
"Spring-Loaded Self-Leveling Tamper – Pesado x AD Coffee","Default Title","PSD-ADcoffee-Tamper","2025-02-01","United States","2025-02-23",1,120,0,0,120,0,120
"Milk Jug with Sharp Spout - 16.5oz / 490ml","Default Title","PSDjug","2025-02-01","United States","2025-02-21",1,34.35,-5.15,0,29.2,0,29.2
"Impact Gravity Espresso Grounds Distributor (58.4mm)","Black","V2-PSD-distributor","2025-02-01","United States","2025-02-24",1,120,-12,0,108,0,108
"Bottomless LM/E61/NS/GA Portafilter (Hybrid)","Breville 58mm / Black / Silver","PF00BR58-BSL-HY","2025-03-01","United States","2025-03-20",-1,0,0,-112,-112,0,-112
,"",,"2025-03-01","United States","2025-03-26",1,0,0,0,0,0,0
"Pesado EP Filter Basket","EP-22g","EP-22g","2025-03-01","United States","2025-03-31",1,20,0,0,20,0,20
"High Diffusion Espresso Shower Screen","LM - HD Shower Screen","PSD-HD-LM","2025-03-01","China","2025-03-31",1,49.7,0,0,49.7,6.47,56.17
"High Extraction He[%] Filter Baskets for a Fuller Coffee Experience","Pesado He[%] Basket - Medium","PSD-HE-ME","2025-03-01","United States","2025-03-26",1,65,0,0,65,0,65
"Pesado EP Filter Basket","EP-18g","EP-18g","2025-03-01","Singapore","2025-03-18",1,21.03,-3.15,0,17.88,0,17.88
"Precision Cut Espresso & Coffee Tamper Base for Maximum Yield","54mm Base","PSDTBR54base","2025-03-01","United States","2025-03-04",1,50,-5,0,45,0,45
"Bottomless LM/E61/NS/GA Portafilter (Hybrid)","E61 5mm / Black / Gold","PF00MV-BGD-HY","2025-03-01","United States","2025-03-31",1,112,0,0,112,0,112
"Pesado Portafilter Tamping Station","Default Title","PSD-TampingStation","2025-03-01","Malta","2025-03-25",1,123.25,0,0,123.25,0,123.25
"Magnetic Espresso Dosing Ring","54mm Dosing Ring / Black","V2-PSDring-54mm","2025-03-01","United States","2025-03-25",1,22.5,-2.25,0,20.25,0,20.25
"Stand for (WDT) Clump Crusher 2.0","Default Title","V2-PSDcrusher-Stand","2025-03-01","Bahrain","2025-03-18",1,18,-1.8,0,16.2,0,16.2
"High Extraction He[%] 54mm Breville Filter Basket - Dosing 18g-20g","Default Title","PSD-HE-54","2025-03-01","United States","2025-03-20",1,65,0,0,65,0,65
"High Diffusion Espresso Shower Screen","E61 - HD Shower Screen","PSD-HD-E61","2025-03-01","United States","2025-03-17",6,354,-5.9,0,348.1,0,348.1
"High Diffusion Espresso Shower Screen","LM - HD Shower Screen","PSD-HD-LM","2025-03-01","United Arab Emirates","2025-03-21",1,56.36,-56.36,0,0,0,0
"Wooden Clump Crusher - WDT Distribution Tool for Fluffy Espresso Puck","Iris","PSDcrusherIRIS","2025-03-01","Ireland","2025-03-06",1,35.58,0,0,35.58,0,35.58
"Magnetic Espresso Dosing Ring","58mm Dosing Ring / Black","V2-PSDring-58mm","2025-03-01","United States","2025-03-31",1,22.5,-2.25,0,20.25,0,20.25
"Spring-Loaded Self-Leveling Tamper – Pesado x AD Coffee","Default Title","PSD-ADcoffee-Tamper","2025-03-01","United States","2025-03-12",1,120,0,0,120,0,120
"Spring-Loaded Self-Leveling Tamper – Pesado x AD Coffee","Default Title","PSD-ADcoffee-Tamper","2025-03-01","Taiwan","2025-03-26",1,118.22,0,0,118.22,0,118.22
"53.5 & 58.5mm Puck Diffuser Screen","58.5mm","PSD-puck","2025-03-01","United States","2025-03-07",1,20,0,0,20,0,20
"High Diffusion Espresso Shower Screen","E61 - HD Shower Screen","PSD-HD-E61","2025-03-01","United States","2025-03-22",8,462.5,-17.7,0,444.8,9.5,454.3
"Impact Gravity Espresso Grounds Distributor (58.4mm)","Black","V2-PSD-distributor","2025-03-01","United States","2025-03-10",1,120,0,0,120,0,120
"High Extraction He[%] Filter Baskets for a Fuller Coffee Experience","Pesado He[%] Basket - Large","PSD-HE-LG","2025-03-01","United States","2025-03-29",1,65,0,0,65,0,65
"Hybrid LM/E61/NS/GA Portafilter - Versatile Bottomless & Spouted","E61 5mm / White Full Pom","PF02MV-WHPOM-HY","2025-03-01","Germany","2025-03-22",1,117.87,-11.79,0,106.08,0,106.08
"Pesado 58.5 Portafilter Hybrid Head - Versatile & Easy to Use","Breville 54mm Hybrid Attachment Only","PSDHY-BR","2025-03-01","United States","2025-03-13",1,25,0,0,25,0,25
"Pesado Portafilter Tamping Station","Default Title","PSD-TampingStation","2025-03-01","South Korea","2025-03-06",1,114.03,-11.4,0,102.63,0,102.63
"Stand for (WDT) Clump Crusher 2.0","Default Title","V2-PSDcrusher-Stand","2025-03-01","United States","2025-03-03",1,18,-1.8,0,16.2,0,16.2
"Hybrid LM/E61/NS/GA Portafilter - Versatile Bottomless & Spouted","E61 5mm / Black | Riga","PF02MVBK-Riga-HY","2025-03-01","United States","2025-03-16",1,145,-36.25,0,108.75,0,108.75
"Hybrid LM/E61/NS/GA Portafilter - Versatile Bottomless & Spouted","La Marzocco 6mm / Black | Black","PF02LM-BBK-HY","2025-03-01","Hong Kong","2025-03-17",1,139.75,0,0,139.75,0,139.75
"Hybrid LM/E61/NS/GA Portafilter - Versatile Bottomless & Spouted","E61 5mm / Black | Bronze","PF02MV-BBZ-HY","2025-03-01","United States","2025-03-30",1,137,-13.7,0,123.3,0,123.3
"Pesado EP Filter Basket","EP-18g","EP-18g","2025-03-01","Kuwait","2025-03-23",1,20,0,0,20,0,20
"High Extraction He[%] Filter Baskets for a Fuller Coffee Experience","Pesado He[%] Basket - Large","PSD-HE-LG","2025-03-01","United States","2025-03-10",1,65,-6.5,0,58.5,0,58.5
"53.5 & 58.5mm Puck Diffuser Screen","58.5mm","PSD-puck","2025-03-01","Estonia","2025-03-30",1,20.53,0,0,20.53,0,20.53
"Impact Gravity Espresso Grounds Distributor (58.4mm)","Black","V2-PSD-distributor","2025-03-01","United States","2025-03-29",2,240,-12,0,228,0,228
"High Extraction He[%] Filter Baskets for a Fuller Coffee Experience","Pesado He[%] Basket - Small","PSD-HE-SM","2025-03-01","United States","2025-03-26",1,65,0,0,65,0,65
"High Extraction He[%] Filter Baskets for a Fuller Coffee Experience","Pesado He[%] Basket - Small","PSD-HE-SM","2025-03-01","Croatia","2025-03-04",1,67.27,0,0,67.27,0,67.27
"Milk Jug with Sharp Spout - 16.5oz / 490ml","Default Title","PSDjug","2025-03-01","United States","2025-03-15",1,34.35,0,0,34.35,0,34.35
"High Extraction He[%] Filter Baskets for a Fuller Coffee Experience","Pesado He[%] Basket - Large","PSD-HE-LG","2025-03-01","United States","2025-03-22",1,65,-6.5,0,58.5,0,58.5
"High Diffusion Espresso Shower Screen","E61 - HD Shower Screen","PSD-HD-E61","2025-03-01","United States","2025-03-29",4,236,-5.9,0,230.1,0,230.1
"Wooden Clump Crusher - WDT Distribution Tool for Fluffy Espresso Puck","Riga","PSDcrusherRIGA","2025-03-01","United States","2025-03-09",1,34.35,-3.43,0,30.92,0,30.92
"Impact Gravity Espresso Grounds Distributor (58.4mm)","Black","V2-PSD-distributor","2025-03-01","United States","2025-03-22",1,120,-12,0,108,0,108
"High Extraction He[%] 54mm Breville Filter Basket - Dosing 18g-20g","Default Title","PSD-HE-54","2025-03-01","United States","2025-03-11",1,65,-6.5,0,58.5,0,58.5
"Magnetic Espresso Dosing Ring","58mm Dosing Ring / Black","V2-PSDring-58mm","2025-03-01","Kuwait","2025-03-16",1,22.5,0,0,22.5,0,22.5
"53.5 & 58.5mm Puck Diffuser Screen","58.5mm","PSD-puck","2025-03-01","United States","2025-03-27",1,20,-2,0,18,0,18
"Pesado 58.5 Portafilter Hybrid Head - Versatile & Easy to Use","La Marzocco 6mm Hybrid","PFH02LM-HY","2025-03-01","Israel","2025-03-18",1,94.6,-9.46,0,85.14,0,85.14
"Bottomless LM/E61/NS/GA Portafilter (Hybrid)","Breville 58mm / Black / Bronze","PF00BR58-BBZ-HY","2025-03-01","South Korea","2025-03-20",1,107.62,-10.76,0,96.86,0,96.86
"Sunrise Ceramic Coffee Cup and Saucer Set (White)","Default Title","PSD-CeramicSet","2025-03-01","United States","2025-03-25",2,20,0,0,20,0,20
"Espresso Shot Mirror","Default Title","PSDshot-mirror","2025-03-01","Spain","2025-03-07",1,29.23,0,0,29.23,0,29.23
"High Diffusion Espresso Shower Screen","E61 - HD Shower Screen","PSD-HD-E61","2025-03-01","Israel","2025-03-18",1,60.42,0,0,60.42,0,60.42
"Precision Espresso Portafilter & Basket Bundle - LM & E61","E61 5mm / Black","PRE_SETMV","2025-03-01","United States","2025-03-24",1,202,0,0,202,0,202
"Impact Gravity Espresso Grounds Distributor (58.4mm)","Black","V2-PSD-distributor","2025-03-01","United States","2025-03-17",1,120,-12,0,108,0,108
"Precision 58mm Breville Bundle: 58mm Portafilter & He[%] Basket","Black","PRE-BR58-SET","2025-03-01","United States","2025-03-15",1,202,0,0,202,0,202
"High Extraction He[%] Filter Baskets for a Fuller Coffee Experience","Pesado He[%] Basket - Medium","PSD-HE-ME","2025-03-01","United Arab Emirates","2025-03-25",1,66.43,-6.64,0,59.79,0,59.79
"Hybrid LM/E61/NS/GA Portafilter - Versatile Bottomless & Spouted","La Marzocco 6mm / Black | Gold","PF02LM-BGD-HY","2025-03-01","United States","2025-03-22",1,137,-13.7,0,123.3,0,123.3
"High Extraction He[%] Filter Baskets for a Fuller Coffee Experience","Pesado He[%] Basket - Medium","PSD-HE-ME","2025-03-01","Croatia","2025-03-04",1,67.27,0,0,67.27,0,67.27
"Hybrid LM/E61/NS/GA Portafilter - Versatile Bottomless & Spouted","E61 5mm / Black | Riga","PF02MVBK-Riga-HY","2025-03-01","United States","2025-03-04",1,145,-14.5,0,130.5,0,130.5
"Portafilter with a Double Spout for Espresso Machines","La Marzocco / E61 / Black Full Pom","PF02LM-FullPOM","2025-03-01","Spain","2025-03-07",1,92.04,-9.21,0,82.83,0,82.83
"High Diffusion Espresso Shower Screen","LM - HD Shower Screen","PSD-HD-LM","2025-03-01","Japan","2025-03-30",1,56.73,0,0,56.73,0,56.73
"High Extraction He[%] Filter Baskets for a Fuller Coffee Experience","Pesado He[%] Basket - X-Large","PSD-HE-XL","2025-03-01","United States","2025-03-08",1,65,0,0,65,0,65
"Magnetic Espresso Dosing Ring","54mm Dosing Ring / Black","V2-PSDring-54mm","2025-03-01","United States","2025-03-05",1,22.5,-3.37,0,19.13,0,19.13
"High Extraction He[%] Filter Baskets for a Fuller Coffee Experience","Pesado He[%] Basket - Medium","PSD-HE-ME","2025-03-01","Singapore","2025-03-18",2,133.72,-10.03,0,123.69,0,123.69
"High Extraction He[%] Filter Baskets for a Fuller Coffee Experience","Pesado He[%] Basket - Medium","PSD-HE-ME","2025-03-01","United States","2025-03-06",1,65,-6.5,0,58.5,0,58.5
"53.5 & 58.5mm Puck Diffuser Screen","53.5mm","PSD-puck-54","2025-03-01","United States","2025-03-12",1,20,0,0,20,0,20
"Pesado Portafilter Tamping Station","Default Title","PSD-TampingStation","2025-03-01","United States","2025-03-23",1,119.99,-50.73,0,69.26,0,69.26
"Depth Adjuster","Default Title","PSdepth","2025-03-01","Taiwan","2025-03-23",1,44.53,0,0,44.53,0,44.53
"High Extraction He[%] Filter Baskets for a Fuller Coffee Experience","Pesado He[%] Basket - Large","PSD-HE-LG","2025-03-01","United States","2025-03-17",3,195,-19.5,0,175.5,0,175.5
"Espresso Shot Mirror","Default Title","PSDshot-mirror","2025-03-01","Qatar","2025-03-14",1,28.8,-2.88,0,25.92,0,25.92
"Modular Puck Screen Holder - Aluminum Matte Black","Default Title","PSD-PuckHolder","2025-03-01","United States","2025-03-25",2,36,-3.6,0,32.4,0,32.4
"Espresso Shot Mirror","Default Title","PSDshot-mirror","2025-03-01","United States","2025-03-24",1,28,0,0,28,0,28
"Milk Jug with Sharp Spout - 16.5oz / 490ml","Default Title","PSDjug","2025-03-01","Bahrain","2025-03-18",1,34.35,-3.44,0,30.91,0,30.91
"High Extraction He[%] Filter Baskets for a Fuller Coffee Experience","Pesado He[%] Basket - Large","PSD-HE-LG","2025-03-01","United States","2025-03-21",3,189.7,-6.5,0,183.2,5.3,188.5
"Modular Portafilter Handles","Black / Gold","PSDHMODBGD","2025-03-01","Switzerland","2025-03-17",1,56.78,0,0,56.78,0,56.78
"Gravity Coffee Distributor 53.5mm","54 mm","PSD-distributor-54m","2025-03-01","United States","2025-03-11",1,110,-11,0,99,0,99
"High Extraction He[%] Filter Baskets for a Fuller Coffee Experience","Pesado He[%] Basket - Medium","PSD-HE-ME","2025-03-01","United States","2025-03-02",1,65,0,0,65,0,65
"Hybrid Breville 54/58mm Portafilter - Versatile and Easy to Use","Breville 54 / White Full POM","PF02BR54-WHPOM-HY","2025-03-01","United States","2025-03-16",1,115,-11.5,0,103.5,0,103.5
"Magnetic Espresso Dosing Ring","58mm Dosing Ring / Black","V2-PSDring-58mm","2025-03-01","United States","2025-03-20",2,45,0,0,45,0,45
"Espresso Shot Mirror","Default Title","PSDshot-mirror","2025-03-01","United States","2025-03-20",1,28,0,0,28,0,28
"High Diffusion Espresso Shower Screen","E61 - HD Shower Screen","PSD-HD-E61","2025-03-01","United States","2025-03-30",8,472,0,0,472,0,472
"Hybrid Breville 54/58mm Portafilter - Versatile and Easy to Use","Breville 58 / Black | Silver","PF02BR58-BSL-HY","2025-03-01","United States","2025-03-08",1,137,-13.7,0,123.3,0,123.3
"Precision 58mm Breville Bundle: 58mm Portafilter & He[%] Basket","Black","PRE-BR58-SET","2025-03-01","United States","2025-03-27",1,202,-20.2,0,181.8,0,181.8
"Impact Gravity Espresso Grounds Distributor (58.4mm)","Black","V2-PSD-distributor","2025-03-01","United States","2025-03-21",1,110.22,0,0,110.22,9.78,120
"High Extraction He[%] 54mm Breville Filter Basket - Dosing 18g-20g","Default Title","PSD-HE-54","2025-03-01","United States","2025-03-12",1,65,0,0,65,0,65
"Pesado 58.5 Portafilter Hybrid Head - Versatile & Easy to Use","E61 5mm Hybrid","PFH02MV-HY","2025-03-01","United States","2025-03-31",1,92.5,0,0,92.5,0,92.5
"Hybrid Breville 54/58mm Portafilter - Versatile and Easy to Use","Breville 54 / White | Iris","PF02BR54WH-Iris-HY","2025-03-01","United States","2025-03-25",1,145,0,0,145,0,145
"53.5 & 58.5mm Puck Diffuser Screen","58.5mm","PSD-puck","2025-03-01","United States","2025-03-28",1,20,0,0,20,0,20
"Bottomless LM/E61/NS/GA Portafilter (Hybrid)","E61 5mm / Black / Riga","PF00MVBK-Riga-HY","2025-03-01","United States","2025-03-23",1,120,-50.73,0,69.27,0,69.27
"Hybrid Breville 54/58mm Portafilter - Versatile and Easy to Use","Breville 54 / White | Gold","PF02BR54-WGD-HY","2025-03-01","United States","2025-03-07",1,137,-20.55,0,116.45,0,116.45
"High Diffusion Espresso Shower Screen","E61 - HD Shower Screen","PSD-HD-E61","2025-03-01","Canada","2025-03-29",1,60.78,-6.08,0,54.7,0,54.7
"High Diffusion Espresso Shower Screen","LM - HD Shower Screen","PSD-HD-LM","2025-03-01","United States","2025-03-26",9,495,-5.5,0,489.5,0,489.5
"High Diffusion Espresso Shower Screen","E61 - HD Shower Screen","PSD-HD-E61","2025-03-01","South Korea","2025-03-21",1,60.61,-60.61,0,0,0,0
"Spring-Loaded Self-Leveling Tamper – Pesado x AD Coffee","Default Title","PSD-ADcoffee-Tamper","2025-03-01","United States","2025-03-23",1,120,-50.74,0,69.26,0,69.26
"Pesado EP Filter Basket","EP-Breville54-18g","EP-BR-18g","2025-03-01","United States","2025-03-30",1,20,-2,0,18,0,18
"Pesado EP Filter Basket","EP-20g","EP-20g","2025-03-01","Malaysia","2025-03-30",1,20.51,0,0,20.51,0,20.51
"53.5 & 58.5mm Puck Diffuser Screen","53.5mm","PSD-puck-54","2025-03-01","United States","2025-03-11",2,40,-4,0,36,0,36
"High Extraction He[%] Filter Baskets for a Fuller Coffee Experience","Pesado He[%] Basket - Medium","PSD-HE-ME","2025-03-01","Singapore","2025-03-17",1,66.87,0,0,66.87,0,66.87
"Magnetic Espresso Dosing Ring","58mm Dosing Ring / Black","V2-PSDring-58mm","2025-03-01","United States","2025-03-23",1,22.5,0,0,22.5,0,22.5
"Crusher Threaded Pin Assembly for DIY WDT Tool","4 pack of WDT pins","PSD-removablepins","2025-03-01","United States","2025-03-18",2,2,-0.21,0,1.79,0,1.79
"53.5 & 58.5mm Puck Diffuser Screen","58.5mm","PSD-puck","2025-03-01","Vietnam","2025-03-07",2,40.86,0,0,40.86,0,40.86
"Modular Puck Screen Holder - Aluminum Matte Black","Default Title","PSD-PuckHolder","2025-03-01","United States","2025-03-06",1,18,0,0,18,0,18
"Wooden Clump Crusher - WDT Distribution Tool for Fluffy Espresso Puck","Riga","PSDcrusherRIGA","2025-03-01","Malta","2025-03-25",1,35.64,0,0,35.64,0,35.64
"High Extraction He[%] Filter Baskets for a Fuller Coffee Experience","Pesado He[%] Basket - Large","PSD-HE-LG","2025-03-01","New Zealand","2025-03-11",1,66.31,0,0,66.31,0,66.31
"Pesado EP Filter Basket","EP-18g","EP-18g","2025-03-01","United States","2025-03-03",5,100,0,0,100,0,100
"High Extraction He[%] Filter Baskets for a Fuller Coffee Experience","Pesado He[%] Basket - Medium","PSD-HE-ME","2025-03-01","South Korea","2025-03-18",2,126.56,0,0,126.56,0,126.56
"Coffee Tamper: 58.5mm & 53.5mm","58.5mm / White / Riga","PSDTMWHRiga","2025-03-01","United States","2025-03-24",1,97.5,0,0,97.5,0,97.5
"High Diffusion Espresso Shower Screen","E61 - HD Shower Screen","PSD-HD-E61","2025-03-01","United States","2025-03-18",11,649,-29.5,0,619.5,0,619.5
"Pesado Black Ripple Set","Black Ripple Set","PSDBlackRippleSet","2025-03-01","South Korea","2025-03-31",1,62.46,-62.46,0,0,0,0
"Precision Espresso Portafilter & Basket Bundle - LM & E61","La Marzocco 6mm / Black","PRE_SET","2025-03-01","United States","2025-03-04",1,202,0,0,202,0,202
"Portafilter with a Double Spout for Espresso Machines","Breville 58 / White | Haze","PF02BR58-WHZ","2025-03-01","United States","2025-03-14",1,120,-12,0,108,0,108
"53.5 & 58.5mm Puck Diffuser Screen","58.5mm","PSD-puck","2025-03-01","United States","2025-03-08",1,20,-2,0,18,0,18
"53.5 & 58.5mm Puck Diffuser Screen","58.5mm","PSD-puck","2025-03-01","Chile","2025-03-24",1,20,-2,0,18,0,18
"High Diffusion Espresso Shower Screen","E61 - HD Shower Screen","PSD-HD-E61","2025-03-01","United States","2025-03-21",8,472,-118,0,354,0,354
"High Extraction He[%] Filter Baskets for a Fuller Coffee Experience","Pesado He[%] Basket - X-Large","PSD-HE-XL","2025-03-01","United States","2025-03-16",1,65,-6.5,0,58.5,0,58.5
"High Diffusion Espresso Shower Screen","E61 - HD Shower Screen","PSD-HD-E61","2025-03-01","Singapore","2025-03-31",1,60.3,-60.3,0,0,0,0
"Dosing Bundle","Black","DOSING_B","2025-03-01","United States","2025-03-28",1,52.5,-5.26,0,47.24,0,47.24
"Dusk & Haze Clump Crusher (WDT tool)","Dusk","PSDcrusher-Dusk","2025-03-01","United States","2025-03-25",1,34.35,0,0,34.35,0,34.35
"Impact Gravity Espresso Grounds Distributor (58.4mm)","Black","V2-PSD-distributor","2025-03-01","United States","2025-03-09",1,120,-12,0,108,0,108
"Hybrid LM/E61/NS/GA Portafilter - Versatile Bottomless & Spouted","Nuova Simonelli / Black | Silver","PF02NS-BSL-HY","2025-03-01","United Kingdom","2025-03-10",2,280.68,-28.07,0,252.61,0,252.61
"Metallic Stainless Steel Leva Accents","Riga","PSDleva-Riga","2025-03-01","United Arab Emirates","2025-03-18",1,20.97,-2.1,0,18.87,0,18.87
"Hybrid LM/E61/NS/GA Portafilter - Versatile Bottomless & Spouted","La Marzocco 6mm / Black | Iris","PF02LMBK-Iris-HY","2025-03-01","Kuwait","2025-03-27",1,145,0,0,145,0,145
"High Extraction He[%] Filter Baskets for a Fuller Coffee Experience","Pesado He[%] Basket - Medium","PSD-HE-ME","2025-03-01","United States","2025-03-14",1,65,0,0,65,0,65
"53.5 & 58.5mm Puck Diffuser Screen","53.5mm","PSD-puck-54","2025-03-01","United States","2025-03-20",1,20,0,0,20,0,20
"Maximum Distribution Bundle","Black","DistributionBundle","2025-03-01","Taiwan","2025-03-23",1,182.74,0,0,182.74,0,182.74
"Portafilter with a Double Spout for Espresso Machines","La Marzocco / E61 / White | Iris","PF02LMWH-Iris","2025-03-01","United Kingdom","2025-03-01",2,246.48,0,0,246.48,0,246.48
"High Extraction He[%] Filter Baskets for a Fuller Coffee Experience","Pesado He[%] Basket - Large","PSD-HE-LG","2025-03-01","United States","2025-03-09",6,390,-390,0,0,0,0
"Espresso Shot Mirror","Default Title","PSDshot-mirror","2025-03-01","Indonesia","2025-03-21",1,28.6,-2.86,0,25.74,0,25.74
"Impact Gravity Espresso Grounds Distributor (58.4mm)","Black","V2-PSD-distributor","2025-03-01","United States","2025-03-30",1,120,-12,0,108,0,108
"Pesado EP Filter Basket","EP-20g","EP-20g","2025-03-01","Ireland","2025-03-06",2,40.92,0,0,40.92,0,40.92
"High Extraction He[%] Filter Baskets for a Fuller Coffee Experience","Pesado He[%] Basket - Medium","PSD-HE-ME","2025-03-01","United States","2025-03-27",-2,0,0,-130,-130,0,-130
"Pesado EP Filter Basket","EP-18g","EP-18g","2025-03-01","Malaysia","2025-03-30",1,20.51,0,0,20.51,0,20.51
"Modular Portafilter Handles","Black / Iris","PSDHMODBKIRIS","2025-03-01","United States","2025-03-10",1,55,-5.5,0,49.5,0,49.5
"High Diffusion Espresso Shower Screen","E61 - HD Shower Screen","PSD-HD-E61","2025-03-01","France","2025-03-21",1,60.57,0,0,60.57,0,60.57
"Naked/Bottomless Portafilter - Head Only (HYBRID)","Breville 54mm","PFH00BR54-HY","2025-03-01","United States","2025-03-27",1,67.5,0,0,67.5,0,67.5
"53.5 & 58.5mm Puck Diffuser Screen","58.5mm","PSD-puck","2025-03-01","Hong Kong","2025-03-17",1,20.46,0,0,20.46,0,20.46
"Pesado Portafilter Tamping Station","Default Title","PSD-TampingStation","2025-03-01","United States","2025-03-10",1,119.99,-12,0,107.99,0,107.99
"Spouted Portafilter - Head Only","LM/E61","PFHLM","2025-03-01","United States","2025-03-09",-1,0,0,-60.74,-60.74,0,-60.74
"High Extraction He[%] Filter Baskets for a Fuller Coffee Experience","Pesado He[%] Basket - Large","PSD-HE-LG","2025-03-01","Israel","2025-03-17",1,66.5,0,0,66.5,0,66.5
"Magnetic Espresso Dosing Ring","58mm Dosing Ring / Black","V2-PSDring-58mm","2025-03-01","South Korea","2025-03-04",-1,0,0,-21.95,-21.95,0,-21.95
"High Diffusion Espresso Shower Screen","E61 - HD Shower Screen","PSD-HD-E61","2025-03-01","United States","2025-03-20",5,295,-11.8,0,283.2,0,283.2
"High Extraction He[%] 54mm Breville Filter Basket - Dosing 18g-20g","Default Title","PSD-HE-54","2025-03-01","United States","2025-03-17",0,65,0,-65,0,0,0
"Espresso Shot Mirror","Default Title","PSDshot-mirror","2025-03-01","United States","2025-03-30",4,112,-2.8,0,109.2,0,109.2
"Hybrid Breville 54/58mm Portafilter - Versatile and Easy to Use","Breville 54 / Black | Riga","PF02BR54BK-Riga-HY","2025-03-01","United States","2025-03-05",1,145,0,0,145,0,145
"Impact Gravity Espresso Grounds Distributor (58.4mm)","Black","V2-PSD-distributor","2025-03-01","United States","2025-03-11",1,120,0,0,120,0,120
"Maximum Distribution Bundle","Black","DistributionBundle","2025-03-01","United States","2025-03-01",1,214.85,0,0,214.85,0,214.85
"High Diffusion Espresso Shower Screen","E61 - HD Shower Screen","PSD-HD-E61","2025-03-01","United States","2025-03-23",6,354,-42.64,0,311.36,0,311.36
"Bottomless LM/E61/NS/GA Portafilter (Hybrid)","E61 5mm / Black / Silver","PF00MV-BSL-HY","2025-03-01","United States","2025-03-29",1,112,0,0,112,0,112
"High Extraction He[%] Filter Baskets for a Fuller Coffee Experience","Pesado He[%] Basket - X-Large","PSD-HE-XL","2025-03-01","United States","2025-03-14",1,65,0,0,65,0,65
"Bottomless LM/E61/NS/GA Portafilter (Hybrid)","Breville 54mm / White / Riga","PF00BR54WH-Riga-HY","2025-03-01","United States","2025-03-12",1,120,0,0,120,0,120
"Portafilter with a Double Spout for Espresso Machines","La Marzocco / E61 / Black | Riga","PF02LMBK-Riga","2025-03-01","Malta","2025-03-25",1,123.25,0,0,123.25,0,123.25
"Bottomless LM/E61/NS/GA Portafilter (Hybrid)","Breville 54mm / Black / Dusk","PF00BR54-BDK-HY","2025-03-01","United States","2025-03-11",1,120,-12,0,108,0,108
"Pesado Single Dose Coffee Cellar Stand + 4 Pack of Bean Cellars","Default Title","PSD-Beanstand-combo","2025-03-01","United States","2025-03-27",1,75,-7.5,0,67.5,0,67.5
"High Diffusion Espresso Shower Screen","E61 - HD Shower Screen","PSD-HD-E61","2025-03-01","Estonia","2025-03-30",1,60.6,0,0,60.6,0,60.6
"Pesado EP Filter Basket","EP-20g","EP-20g","2025-03-01","United States","2025-03-28",1,20,0,0,20,0,20
"Pesado EP Filter Basket","EP-Breville54-20g","EP-BR-20g","2025-03-01","United States","2025-03-24",1,20,0,0,20,0,20
"High Diffusion Espresso Shower Screen","LM - HD Shower Screen","PSD-HD-LM","2025-03-01","United Arab Emirates","2025-03-31",1,56.36,0,0,56.36,0,56.36
"Bottomless LM/E61/NS/GA Portafilter (Hybrid)","La Marzocco 6mm / White Full POM","PF00LM-WHPOM-HY","2025-03-01","United Arab Emirates","2025-03-23",1,92,0,0,92,0,92
"Bottomless LM/E61/NS/GA Portafilter (Hybrid)","Nuova Simonelli / White / Iris","PF00NSWH-Iris-HY","2025-03-01","United States","2025-03-20",2,240,-24,0,216,0,216
"Pesado EP Filter Basket","EP-20g","EP-20g","2025-03-01","United States","2025-03-03",5,100,0,0,100,0,100
"High Extraction He[%] Filter Baskets for a Fuller Coffee Experience","Pesado He[%] Basket - Large","PSD-HE-LG","2025-03-01","United States","2025-03-20",4,260,-6.5,0,253.5,0,253.5
"High Diffusion Espresso Shower Screen","E61 - HD Shower Screen","PSD-HD-E61","2025-03-01","Singapore","2025-03-17",2,121.72,-6.09,0,115.63,0,115.63
"Bottomless LM/E61/NS/GA Portafilter (Hybrid)","E61 5mm / Black Full POM","PF00MV-FullPOM-HY","2025-03-01","Germany","2025-03-10",1,91.82,0,0,91.82,0,91.82
"Espresso Shot Mirror","Default Title","PSDshot-mirror","2025-03-01","Singapore","2025-03-31",1,29.03,-29.03,0,0,0,0
"Magnetic Espresso Dosing Ring","58mm Dosing Ring / Black","V2-PSDring-58mm","2025-03-01","United States","2025-03-21",1,21.02,-2.11,0,18.91,1.33,20.24
"Milk Jug with Sharp Spout - 16.5oz / 490ml","Default Title","PSDjug","2025-03-01","United States","2025-03-25",1,34.35,0,0,34.35,0,34.35
"High Extraction He[%] Filter Baskets for a Fuller Coffee Experience","Pesado He[%] Basket - Medium","PSD-HE-ME","2025-03-01","United States","2025-03-07",1,65,0,0,65,0,65
"Espresso Shot Mirror","Default Title","PSDshot-mirror","2025-03-01","United States","2025-03-18",1,28,0,0,28,0,28
"High Extraction He[%] Filter Baskets for a Fuller Coffee Experience","Pesado He[%] Basket - X-Large","PSD-HE-XL","2025-03-01","Singapore","2025-03-18",1,66.79,0,0,66.79,0,66.79
"Pesado EP Filter Basket","EP-18g","EP-18g","2025-03-01","United States","2025-03-26",1,20,0,0,20,0,20
"High Diffusion Espresso Shower Screen","E61 - HD Shower Screen","PSD-HD-E61","2025-03-01","Chile","2025-03-24",1,59,-5.9,0,53.1,0,53.1
"Stand for (WDT) Clump Crusher 2.0","Default Title","V2-PSDcrusher-Stand","2025-03-01","South Korea","2025-03-24",1,18.41,-1.84,0,16.57,0,16.57
"Pesado EP Filter Basket","EP-22g","EP-22g","2025-03-01","United States","2025-03-18",1,20,0,0,20,0,20
"Bottomless LM/E61/NS/GA Portafilter (Hybrid)","La Marzocco 6mm / Black / Iris","PF00LMBK-Iris-HY","2025-03-01","United States","2025-03-21",1,110.22,0,0,110.22,9.78,120
"Bottomless LM/E61/NS/GA Portafilter (Hybrid)","E61 5mm / Black Full POM","PF00MV-FullPOM-HY","2025-03-01","United States","2025-03-13",1,90,0,0,90,0,90
"Impact Gravity Espresso Grounds Distributor (58.4mm)","Black","V2-PSD-distributor","2025-03-01","United States","2025-03-23",2,240,-62.74,0,177.26,0,177.26
"Alloy Modular Stand for Clump Crusher (WDT tool)","Default Title","PSDcrusher-Stand","2025-03-01","United States","2025-03-18",1,18,-1.8,0,16.2,0,16.2
"Dosing Cup","58mm Dosing Cup / White","PSDdosingCup-WH","2025-03-01","United Kingdom","2025-03-10",1,27.04,-2.7,0,24.34,0,24.34
"53.5 & 58.5mm Puck Diffuser Screen","58.5mm","PSD-puck","2025-03-01","United Arab Emirates","2025-03-20",1,20.42,0,0,20.42,0,20.42
"Pesado Portafilter Tamping Station","Default Title","PSD-TampingStation","2025-03-01","South Korea","2025-03-16",-1,0,0,-102.63,-102.63,0,-102.63
"Single-Dose Coffee Tubes (Bean Cellar 4-Pack)","Default Title","PSD-beantube","2025-03-01","United States","2025-03-24",1,27,0,0,27,0,27
"High Diffusion Espresso Shower Screen","LM - HD Shower Screen","PSD-HD-LM","2025-03-01","United States","2025-03-28",2,110,0,0,110,0,110
"Pesado EP Filter Basket","EP-Breville54-18g","EP-BR-18g","2025-03-01","United States","2025-03-11",1,20,-2,0,18,0,18
"Modular Puck Screen Holder - Aluminum Matte Black","Default Title","PSD-PuckHolder","2025-03-01","United States","2025-03-28",1,18,-1.8,0,16.2,0,16.2
"Stand for (WDT) Clump Crusher 2.0","Default Title","V2-PSDcrusher-Stand","2025-03-01","Ireland","2025-03-06",1,19.38,0,0,19.38,0,19.38
"High Extraction He[%] Filter Baskets for a Fuller Coffee Experience","Pesado He[%] Basket - Large","PSD-HE-LG","2025-03-01","Romania","2025-03-03",2,132.72,0,0,132.72,0,132.72
"High Diffusion Espresso Shower Screen","LM - HD Shower Screen","PSD-HD-LM","2025-03-01","Canada","2025-03-19",1,56.48,0,0,56.48,0,56.48
"High Diffusion Espresso Shower Screen","E61 - HD Shower Screen","PSD-HD-E61","2025-03-01","United Kingdom","2025-03-31",1,60.72,-6.07,0,54.65,0,54.65
"Dosing Bundle","Black","DOSING_B","2025-03-01","Taiwan","2025-03-18",1,39.21,-3.92,0,35.29,0,35.29
"High Diffusion Espresso Shower Screen","E61 - HD Shower Screen","PSD-HD-E61","2025-03-01","United States","2025-03-31",7,413,-23.6,0,389.4,0,389.4
"Stainless Steel Clump Crusher V2.0 (WDT espresso distribution tool)","Bronze","V2-PSDcrusher-Bronze","2025-03-01","United States","2025-03-16",1,32.1,0,0,32.1,2.25,34.35
"Espresso Shot Mirror","Default Title","PSDshot-mirror","2025-03-01","United States","2025-03-17",2,56,-2.8,0,53.2,0,53.2
"Bottomless LM/E61/NS/GA Portafilter (Hybrid)","E61 5mm / White / Riga","PF00MVWH-Riga-HY","2025-03-01","United Arab Emirates","2025-03-25",1,122.52,-12.25,0,110.27,0,110.27
"Crusher Threaded Pin Assembly for DIY WDT Tool","4 pack of WDT pins","PSD-removablepins","2025-03-01","United States","2025-03-24",2,2,0,0,2,0,2
"Single-Dose Coffee Tubes (Bean Cellar 4-Pack)","Default Title","PSD-beantube","2025-03-01","United States","2025-03-03",1,27,-2.7,0,24.3,0,24.3
"High Extraction He[%] Filter Baskets for a Fuller Coffee Experience","Pesado He[%] Basket - Medium","PSD-HE-ME","2025-03-01","United States","2025-03-03",1,65,-6.5,0,58.5,0,58.5
"Gravity Coffee Distributor 53.5mm","54 mm","PSD-distributor-54m","2025-03-01","United States","2025-03-10",1,110,0,0,110,0,110
"High Extraction He[%] Filter Baskets for a Fuller Coffee Experience","Pesado He[%] Basket - Large","PSD-HE-LG","2025-03-01","United States","2025-03-24",1,65,0,0,65,0,65
"Modular Portafilter Handles","Black / Black","PSDHMODBBK","2025-03-01","United States","2025-03-09",-1,0,0,-49.5,-49.5,0,-49.5
"Single-Dose Coffee Tubes (Bean Cellar 4-Pack)","Default Title","PSD-beantube","2025-03-01","Belgium","2025-03-10",2,56.2,-5.62,0,50.58,0,50.58
"High Extraction He[%] Filter Baskets for a Fuller Coffee Experience","Pesado He[%] Basket - Large","PSD-HE-LG","2025-03-01","Canada","2025-03-16",1,66.81,0,0,66.81,0,66.81
"Dusk & Haze Clump Crusher (WDT tool)","Dusk","PSDcrusher-Dusk","2025-03-01","United Arab Emirates","2025-03-21",1,35.12,-3.51,0,31.61,0,31.61
"High Diffusion Espresso Shower Screen","E61 - HD Shower Screen","PSD-HD-E61","2025-03-01","Israel","2025-03-17",1,60.18,0,0,60.18,0,60.18
"Impact Gravity Espresso Grounds Distributor (58.4mm)","Black","V2-PSD-distributor","2025-03-01","United States","2025-03-24",1,120,0,0,120,0,120
"Naked/Bottomless Portafilter - Head Only (HYBRID)","La Marzocco 6mm","PFH00LM-HY","2025-03-01","Malaysia","2025-03-30",1,68.97,0,0,68.97,0,68.97
"53.5 & 58.5mm Puck Diffuser Screen","58.5mm","PSD-puck","2025-03-01","United States","2025-03-14",2,40,0,0,40,0,40
"High Extraction He[%] Filter Baskets for a Fuller Coffee Experience","Pesado He[%] Basket - X-Large","PSD-HE-XL","2025-03-01","United States","2025-03-06",1,65,-6.5,0,58.5,0,58.5
"Sunrise Ceramic Coffee Cup and Saucer Set (White)","Default Title","PSD-CeramicSet","2025-03-01","United States","2025-03-16",2,20,0,0,20,0,20
"High Diffusion Espresso Shower Screen","LM - HD Shower Screen","PSD-HD-LM","2025-03-01","United States","2025-03-27",3,165,0,0,165,0,165
"Impact Gravity Espresso Grounds Distributor (58.4mm)","Black","V2-PSD-distributor","2025-03-01","United States","2025-03-19",1,120,0,0,120,0,120
"Hybrid LM/E61/NS/GA Portafilter - Versatile Bottomless & Spouted","La Marzocco 6mm / Black Full Pom","PF02LM-FullPOM-HY","2025-03-01","United States","2025-03-29",1,115,-11.5,0,103.5,0,103.5
"Breville 54mm Portafilter & Basket Precision Bundle","Black","PRE-BR54-SET","2025-03-01","United States","2025-03-16",1,214.85,-21.49,0,193.36,0,193.36
"Espresso Shot Mirror","Default Title","PSDshot-mirror","2025-03-01","United States","2025-03-22",2,56,-5.6,0,50.4,0,50.4
"High Extraction He[%] Filter Baskets for a Fuller Coffee Experience","Pesado He[%] Basket - Medium","PSD-HE-ME","2025-03-01","New Zealand","2025-03-11",1,66.31,0,0,66.31,0,66.31
"Pesado EP Filter Basket","EP-Breville54-18g","EP-BR-18g","2025-03-01","United States","2025-03-12",1,20,-20,0,0,0,0
"High Extraction He[%] Filter Baskets for a Fuller Coffee Experience","Pesado He[%] Basket - Medium","PSD-HE-ME","2025-03-01","United States","2025-03-08",1,65,-6.5,0,58.5,0,58.5
"Magnetic Espresso Dosing Ring","58mm Dosing Ring / Black","V2-PSDring-58mm","2025-03-01","United States","2025-03-22",1,22.5,-2.25,0,20.25,0,20.25
"High Extraction He[%] Filter Baskets for a Fuller Coffee Experience","Pesado He[%] Basket - Small","PSD-HE-SM","2025-03-01","United Arab Emirates","2025-03-25",1,66.43,-6.64,0,59.79,0,59.79
"Pesado Portafilter Tamping Station","Default Title","PSD-TampingStation","2025-03-01","Switzerland","2025-03-05",1,119.99,-11.99,0,108,0,108
"Full Moon Wave - Convex Tamper","Black | Dusk","PSDT-WAVE-BDk","2025-03-01","Taiwan","2025-03-23",1,111.97,0,0,111.97,0,111.97
"High Extraction He[%] Filter Baskets for a Fuller Coffee Experience","Pesado He[%] Basket - Medium","PSD-HE-ME","2025-03-01","Canada","2025-03-20",1,66.32,0,0,66.32,0,66.32
"High Diffusion Espresso Shower Screen","E61 - HD Shower Screen","PSD-HD-E61","2025-03-01","Singapore","2025-03-18",2,121.66,0,0,121.66,0,121.66
"Pesado Portafilter Tamping Station","Default Title","PSD-TampingStation","2025-03-01","United States","2025-03-09",1,119.99,-12.01,0,107.98,0,107.98
"Pesado EP Filter Basket","EP-Breville54-20g","EP-BR-20g","2025-03-01","United States","2025-03-20",1,20,0,0,20,0,20
"High Extraction He[%] Filter Baskets for a Fuller Coffee Experience","Pesado He[%] Basket - Medium","PSD-HE-ME","2025-03-01","United States","2025-03-28",1,65,0,0,65,0,65
"High Diffusion Espresso Shower Screen","E61 - HD Shower Screen","PSD-HD-E61","2025-03-01","South Korea","2025-03-31",1,60.42,-60.42,0,0,0,0
"Coffee Tamper: 58.5mm & 53.5mm","58.5mm / Black / Black","PSDTMBBk","2025-03-01","South Korea","2025-03-23",1,86.64,0,0,86.64,0,86.64
"Hybrid LM/E61/NS/GA Portafilter - Versatile Bottomless & Spouted","E61 5mm / Black | Riga","PF02MVBK-Riga-HY","2025-03-01","United States","2025-03-15",1,145,0,0,145,0,145
"Magnetic Espresso Dosing Ring","58mm Dosing Ring / Black","V2-PSDring-58mm","2025-03-01","South Korea","2025-03-03",1,21.95,0,0,21.95,0,21.95
"High Extraction He[%] Filter Baskets for a Fuller Coffee Experience","Pesado He[%] Basket - Large","PSD-HE-LG","2025-03-01","Kuwait","2025-03-18",1,65,0,0,65,0,65
"Magnetic Espresso Dosing Ring","54mm Dosing Ring / Black","V2-PSDring-54mm","2025-03-01","United States","2025-03-27",1,22.5,0,0,22.5,0,22.5
"Stainless Steel Clump Crusher V2.0 (WDT espresso distribution tool)","Black","V2-PSDcrusher-Black","2025-03-01","United States","2025-03-22",1,34.35,0,0,34.35,0,34.35
"High Diffusion Espresso Shower Screen","E61 - HD Shower Screen","PSD-HD-E61","2025-03-01","United States","2025-03-19",3,177,-5.9,0,171.1,0,171.1
"Single-Dose Coffee Tubes (Bean Cellar 4-Pack)","Default Title","PSD-beantube","2025-03-01","United States","2025-03-15",2,54,0,0,54,0,54
"High Diffusion Espresso Shower Screen","E61 - HD Shower Screen","PSD-HD-E61","2025-03-01","Hong Kong","2025-03-17",1,60.23,0,0,60.23,0,60.23
"High Extraction He[%] Filter Baskets for a Fuller Coffee Experience","Pesado He[%] Basket - Large","PSD-HE-LG","2025-03-01","United States","2025-03-31",1,65,-6.5,0,58.5,0,58.5
"Dusk & Haze Clump Crusher (WDT tool)","Dusk","PSDcrusher-Dusk","2025-03-01","United States","2025-03-28",1,34.35,-3.43,0,30.92,0,30.92
"Wooden Clump Crusher - WDT Distribution Tool for Fluffy Espresso Puck","Riga","PSDcrusherRIGA","2025-03-01","United States","2025-03-23",1,34.35,-14.52,0,19.83,0,19.83
"High Diffusion Espresso Shower Screen","LM - HD Shower Screen","PSD-HD-LM","2025-03-01","Singapore","2025-03-18",2,112.64,-16.9,0,95.74,0,95.74
"High Diffusion Espresso Shower Screen","LM - HD Shower Screen","PSD-HD-LM","2025-03-01","Taiwan","2025-03-19",2,112.24,0,0,112.24,0,112.24
"High Diffusion Espresso Shower Screen","E61 - HD Shower Screen","PSD-HD-E61","2025-03-01","United States","2025-03-24",2,118,0,0,118,0,118
"High Extraction He[%] Filter Baskets for a Fuller Coffee Experience","Pesado He[%] Basket - Large","PSD-HE-LG","2025-03-01","United States","2025-03-12",1,65,0,0,65,0,65
"53.5 & 58.5mm Puck Diffuser Screen","53.5mm","PSD-puck-54","2025-03-01","United States","2025-03-17",2,40,0,0,40,0,40
"High Extraction He[%] Filter Baskets for a Fuller Coffee Experience","Pesado He[%] Basket - Medium","PSD-HE-ME","2025-03-01","United States","2025-03-15",1,65,0,0,65,0,65
"Spouted Portafilter - Head Only","LM/E61","PFHLM","2025-03-01","Ireland","2025-03-06",2,138.1,0,0,138.1,0,138.1
"53.5 & 58.5mm Puck Diffuser Screen","58.5mm","PSD-puck","2025-03-01","United Arab Emirates","2025-03-31",1,20.42,0,0,20.42,0,20.42
"High Extraction He[%] Filter Baskets for a Fuller Coffee Experience","Pesado He[%] Basket - Medium","PSD-HE-ME","2025-03-01","United Kingdom","2025-03-10",2,133.9,-13.39,0,120.51,0,120.51
"53.5 & 58.5mm Puck Diffuser Screen","58.5mm","PSD-puck","2025-03-01","United States","2025-03-21",2,38.68,-1.86,0,36.82,1.18,38
"High Extraction He[%] Filter Baskets for a Fuller Coffee Experience","Pesado He[%] Basket - Medium","PSD-HE-ME","2025-03-01","Kuwait","2025-03-18",1,65,0,0,65,0,65
"Pesado Black Ripple Set","58mm Dosing Cup","PSDdosingCup-BK","2025-03-01","Singapore","2025-03-31",1,26.8,-26.8,0,0,0,0
"Bottomless LM/E61/NS/GA Portafilter (Hybrid)","E61 5mm / Black / Iris","PF00MVBK-Iris-HY","2025-03-01","New Zealand","2025-03-16",1,122.5,0,0,122.5,0,122.5
"High Extraction He[%] Filter Baskets for a Fuller Coffee Experience","Pesado He[%] Basket - Small","PSD-HE-SM","2025-03-01","United States","2025-03-31",1,65,0,0,65,0,65
"High Diffusion Espresso Shower Screen","E61 - HD Shower Screen","PSD-HD-E61","2025-03-01","United Arab Emirates","2025-03-20",2,120.88,0,0,120.88,0,120.88
"High Diffusion Espresso Shower Screen","LM - HD Shower Screen","PSD-HD-LM","2025-03-01","United States","2025-03-20",1,55,0,0,55,0,55
"Impact Gravity Espresso Grounds Distributor (58.4mm)","Black","V2-PSD-distributor","2025-03-01","United States","2025-03-28",1,120,-12,0,108,0,108
"Modular Puck Screen Holder - Aluminum Matte Black","Default Title","PSD-PuckHolder","2025-03-01","United States","2025-03-20",1,18,0,0,18,0,18
"Modular Portafilter Handles","White / Full POM",,"2025-03-01","South Korea","2025-03-27",1,56.73,-56.73,0,0,0,0
"High Diffusion Espresso Shower Screen","E61 - HD Shower Screen","PSD-HD-E61","2025-03-01","Canada","2025-03-17",1,60.86,0,0,60.86,0,60.86
"Pesado EP Filter Basket","EP-18g","EP-18g","2025-03-01","Germany","2025-03-20",1,20.57,0,0,20.57,0,20.57
"High Extraction He[%] Filter Baskets for a Fuller Coffee Experience","Pesado He[%] Basket - Large","PSD-HE-LG","2025-03-01","United States","2025-03-28",3,195,0,0,195,0,195
"Pesado Portafilter Tamping Station","Default Title","PSD-TampingStation","2025-03-01","United States","2025-03-14",1,119.99,0,0,119.99,0,119.99
"Pesado EP Filter Basket","EP-Breville54-18g","EP-BR-18g","2025-03-01","United States","2025-03-08",1,20,0,0,20,0,20
"Alloy Modular Stand for Clump Crusher (WDT tool)","Default Title","PSDcrusher-Stand","2025-03-01","Spain","2025-03-07",1,18.38,0,0,18.38,0,18.38
"Espresso Shot Mirror","Default Title","PSDshot-mirror","2025-03-01","United States","2025-03-26",2,56,-2.8,0,53.2,0,53.2
"Naked/Bottomless Portafilter - Head Only (HYBRID)","E61 5mm","PFH00MV-HY","2025-03-01","Switzerland","2025-03-05",1,67.5,-16.87,0,50.63,0,50.63
"Stand for (WDT) Clump Crusher 2.0","Default Title","V2-PSDcrusher-Stand","2025-03-01","United States","2025-03-22",1,18,0,0,18,0,18
"High Diffusion Espresso Shower Screen","E61 - HD Shower Screen","PSD-HD-E61","2025-03-01","Switzerland","2025-03-21",1,61.14,0,0,61.14,0,61.14
"53.5 & 58.5mm Puck Diffuser Screen","53.5mm","PSD-puck-54","2025-03-01","United States","2025-03-06",1,20,0,0,20,0,20
"Dusk & Haze Leva Accents","Dusk","PSDleva-dusk","2025-03-01","United Arab Emirates","2025-03-18",2,41.94,-4.19,0,37.75,0,37.75
"Gravity Coffee Distributor 53.5mm","54 mm","PSD-distributor-54m","2025-03-01","United States","2025-03-01",1,110,0,0,110,0,110
"Hybrid LM/E61/NS/GA Portafilter - Versatile Bottomless & Spouted","Nuova Simonelli / Black | Bronze","PF02NS-BBZ-HY","2025-03-01","Canada","2025-03-20",1,140.31,0,0,140.31,0,140.31
"High Extraction He[%] 54mm Breville Filter Basket - Dosing 18g-20g","Default Title","PSD-HE-54","2025-03-01","United States","2025-03-02",1,65,0,0,65,0,65
"Portafilter with a Double Spout for Espresso Machines","La Marzocco / E61 / Black Full Pom","PF02LM-FullPOM","2025-03-01","Romania","2025-03-03",6,551.16,0,0,551.16,0,551.16
"Dusk & Haze Clump Crusher (WDT tool)","Haze","PSDcrusher-Haze","2025-03-01","United States","2025-03-28",1,34.35,0,0,34.35,0,34.35
"High Extraction He[%] Filter Baskets for a Fuller Coffee Experience","Pesado He[%] Basket - Large","PSD-HE-LG","2025-03-01","United Kingdom","2025-03-29",1,67.27,0,0,67.27,0,67.27
"High Diffusion Espresso Shower Screen","LM - HD Shower Screen","PSD-HD-LM","2025-03-01","United States","2025-03-23",8,440,-5.5,0,434.5,0,434.5
"Hybrid LM/E61/NS/GA Portafilter - Versatile Bottomless & Spouted","Nuova Simonelli / Black | Iris","PF02NSBK-Iris-HY","2025-03-01","United States","2025-03-17",1,145,0,0,145,0,145
"Impact Gravity Espresso Grounds Distributor (58.4mm)","Black","V2-PSD-distributor","2025-03-01","Malta","2025-03-25",1,123.25,0,0,123.25,0,123.25
"Impact Gravity Espresso Grounds Distributor (58.4mm)","Black","V2-PSD-distributor","2025-03-01","Singapore","2025-03-17",1,122.46,-12.25,0,110.21,0,110.21
"Pesado 58.5 Portafilter Hybrid Head - Versatile & Easy to Use","LM/E61 & NS/BR58mm Hybrid Attachment Only","PSDHY","2025-03-01","United States","2025-03-20",1,25,0,0,25,0,25
"Single-Dose Coffee Tubes (Bean Cellar 4-Pack)","Default Title","PSD-beantube","2025-03-01","Taiwan","2025-03-14",1,26.72,-2.67,0,24.05,0,24.05
"Pesado Portafilter Tamping Station","Default Title","PSD-TampingStation","2025-03-01","United States","2025-03-05",1,119.99,0,0,119.99,0,119.99
"Bottomless LM/E61/NS/GA Portafilter (Hybrid)","E61 5mm / Black Full POM","PF00MV-FullPOM-HY","2025-03-01","United States","2025-03-30",1,90,0,0,90,0,90
"High Extraction He[%] Filter Baskets for a Fuller Coffee Experience","Pesado He[%] Basket - Medium","PSD-HE-ME","2025-03-01","United States","2025-03-24",1,65,0,0,65,0,65
"Dusk & Haze Leva Accents","Haze","PSDleva-haze","2025-03-01","United States","2025-03-17",1,20.4,0,0,20.4,0,20.4
"Crusher Threaded Pin Assembly for DIY WDT Tool","4 pack of WDT pins","PSD-removablepins","2025-03-01","United States","2025-03-03",2,2,-0.2,0,1.8,0,1.8
"Modular Puck Screen Holder - Aluminum Matte Black","Default Title","PSD-PuckHolder","2025-03-01","Indonesia","2025-03-21",1,18.42,-1.84,0,16.58,0,16.58
"Modular Puck Screen Holder - Aluminum Matte Black","Default Title","PSD-PuckHolder","2025-03-01","United States","2025-03-11",1,18,-1.8,0,16.2,0,16.2
"Pesado EP Filter Basket","EP-Breville54-20g","EP-BR-20g","2025-03-01","United States","2025-03-27",1,20,0,0,20,0,20
"High Extraction He[%] Filter Baskets for a Fuller Coffee Experience","Pesado He[%] Basket - Large","PSD-HE-LG","2025-03-01","United States","2025-03-08",2,130,0,0,130,0,130
"Pesado Black Ripple Set","Precision Barista Jug Sharp Spout","PSDjug-BK","2025-03-01","United States","2025-03-21",1,32.1,-3.2,0,28.9,2.02,30.92
"High Extraction He[%] Filter Baskets for a Fuller Coffee Experience","Pesado He[%] Basket - Medium","PSD-HE-ME","2025-03-01","United States","2025-03-19",2,130,-6.5,0,123.5,0,123.5
"High Extraction He[%] Filter Baskets for a Fuller Coffee Experience","Pesado He[%] Basket - Small","PSD-HE-SM","2025-03-01","United States","2025-03-24",1,65,-6.5,0,58.5,0,58.5
"53.5 & 58.5mm Puck Diffuser Screen","58.5mm","PSD-puck","2025-03-01","United States","2025-03-30",4,80,-2,0,78,0,78
"Pesado 58.5 Portafilter Hybrid Head - Versatile & Easy to Use","Breville 54mm Hybrid","PFH02BR54-HY","2025-03-01","United States","2025-03-12",1,92.5,-92.5,0,0,0,0
"Pesado Black Ripple Set","Precision Barista Jug Sharp Spout","PSDjug-BK","2025-03-01","Singapore","2025-03-31",1,35.73,-35.73,0,0,0,0
"Pesado EP Filter Basket","EP-18g","EP-18g","2025-03-01","United States","2025-03-30",1,20,0,0,20,0,20
"High Extraction He[%] Filter Baskets for a Fuller Coffee Experience","Pesado He[%] Basket - X-Large","PSD-HE-XL","2025-03-01","United States","2025-03-17",1,65,-6.5,0,58.5,0,58.5
"Bottomless LM/E61/NS/GA Portafilter (Hybrid)","Breville 58mm / White / Black","PF00BR58-WBK-HY","2025-03-01","United States","2025-03-14",1,112,-11.2,0,100.8,0,100.8
"High Diffusion Espresso Shower Screen","LM - HD Shower Screen","PSD-HD-LM","2025-03-01","United Kingdom","2025-03-18",3,171.57,0,0,171.57,0,171.57
"High Extraction He[%] Filter Baskets for a Fuller Coffee Experience","Pesado He[%] Basket - Medium","PSD-HE-ME","2025-03-01","South Korea","2025-03-20",1,62.66,-6.27,0,56.39,0,56.39
"Pesado EP Filter Basket","EP-22g","EP-22g","2025-03-01","Malaysia","2025-03-30",1,20.51,0,0,20.51,0,20.51
"High Diffusion Espresso Shower Screen","E61 - HD Shower Screen","PSD-HD-E61","2025-03-01","United States","2025-03-28",5,295,0,0,295,0,295
"Spring-Loaded Self-Leveling Tamper – Pesado x AD Coffee","Default Title","PSD-ADcoffee-Tamper","2025-03-01","United States","2025-03-05",1,120,0,0,120,0,120
"Alloy Modular Stand for Clump Crusher (WDT tool)","Default Title","PSDcrusher-Stand","2025-03-01","United States","2025-03-05",1,18,-2.7,0,15.3,0,15.3
"Portafilter with a Double Spout for Espresso Machines","La Marzocco / E61 / Black Full Pom","PF02LM-FullPOM","2025-03-01","United States","2025-03-11",1,90,0,0,90,0,90
"Espresso Shot Mirror","Default Title","PSDshot-mirror","2025-03-01","Kuwait","2025-03-16",1,28,0,0,28,0,28
"53.5 & 58.5mm Puck Diffuser Screen","58.5mm","PSD-puck","2025-03-01","Singapore","2025-03-18",1,21.03,-3.15,0,17.88,0,17.88
"Pesado EP Filter Basket","EP-18g","EP-18g","2025-03-01","Israel","2025-03-06",1,20.44,-2.04,0,18.4,0,18.4
"High Extraction He[%] 54mm Breville Filter Basket - Dosing 18g-20g","Default Title","PSD-HE-54","2025-03-01","United States","2025-03-13",2,125.23,-6.02,0,119.21,4.29,123.5
"Pesado Black Ripple Set","Black Ripple Set","PSDBlackRippleSet","2025-03-01","United States","2025-03-18",1,60.6,0,0,60.6,0,60.6
"High Diffusion Espresso Shower Screen","E61 - HD Shower Screen","PSD-HD-E61","2025-03-01","Bahrain","2025-03-18",1,59,-5.9,0,53.1,0,53.1
"High Diffusion Espresso Shower Screen","LM - HD Shower Screen","PSD-HD-LM","2025-03-01","United States","2025-03-31",1,55,0,0,55,0,55
"High Extraction He[%] Filter Baskets for a Fuller Coffee Experience","Pesado He[%] Basket - Medium","PSD-HE-ME","2025-03-01","United States","2025-03-23",5,315.81,-6.5,0,309.31,9.19,318.5
"Stainless Steel Clump Crusher V2.0 (WDT espresso distribution tool)","Black","V2-PSDcrusher-Black","2025-03-01","Spain","2025-03-07",1,35.74,0,0,35.74,0,35.74
"Dosing Cup","58mm Dosing Cup / Charcoal",,"2025-03-01","United States","2025-03-17",1,26.25,0,0,26.25,0,26.25
"High Diffusion Espresso Shower Screen","E61 - HD Shower Screen","PSD-HD-E61","2025-03-01","Kuwait","2025-03-23",1,59,0,0,59,0,59
"Hybrid Breville 54/58mm Portafilter - Versatile and Easy to Use","Breville 54 / Black | Iris","PF02BR54BK-Iris-HY","2025-03-01","United States","2025-03-08",1,145,0,0,145,0,145
"Modular Puck Screen Holder - Aluminum Matte Black","Default Title","PSD-PuckHolder","2025-03-01","United States","2025-03-12",1,18,0,0,18,0,18
"High Extraction He[%] Filter Baskets for a Fuller Coffee Experience","Pesado He[%] Basket - Medium","PSD-HE-ME","2025-03-01","United Kingdom","2025-03-02",2,133.58,-13.35,0,120.23,0,120.23
"High Extraction He[%] Filter Baskets for a Fuller Coffee Experience","Pesado He[%] Basket - Medium","PSD-HE-ME","2025-03-01","United States","2025-03-20",3,195,-6.5,0,188.5,0,188.5
"Bottomless LM/E61/NS/GA Portafilter (Hybrid)","E61 5mm / Black / Silver","PF00MV-BSL-HY","2025-03-01","Qatar","2025-03-14",1,114.39,-11.44,0,102.95,0,102.95
"Hybrid LM/E61/NS/GA Portafilter - Versatile Bottomless & Spouted","La Marzocco 6mm / Raya","PF02LMRaya-HY","2025-03-01","United States","2025-03-28",1,145,0,0,145,0,145
"Magnetic Espresso Dosing Ring","58mm Dosing Ring / Black","V2-PSDring-58mm","2025-03-01","United States","2025-03-02",1,22.5,0,0,22.5,0,22.5
"High Extraction He[%] Filter Baskets for a Fuller Coffee Experience","Pesado He[%] Basket - Large","PSD-HE-LG","2025-03-01","United States","2025-03-07",1,65,0,0,65,0,65
"Pesado Single Dose Coffee Cellar Stand + 4 Pack of Bean Cellars","Default Title","PSD-Beanstand-combo","2025-03-01","United States","2025-03-23",1,75,0,0,75,0,75
"Impact Gravity Espresso Grounds Distributor (58.4mm)","Black","V2-PSD-distributor","2025-03-01","South Korea","2025-03-31",1,122.88,-122.88,0,0,0,0
"53.5 & 58.5mm Puck Diffuser Screen","58.5mm","PSD-puck","2025-03-01","United States","2025-03-29",1,20,0,0,20,0,20
"Pesado 58.5 Portafilter Hybrid Head - Versatile & Easy to Use","E61 5mm Hybrid","PFH02MV-HY","2025-03-01","United States","2025-03-26",1,92.5,-67.5,0,25,0,25
"Pesado Portafilter Tamping Station","Default Title","PSD-TampingStation","2025-03-01","Germany","2025-03-07",1,122.45,-12.25,0,110.2,0,110.2
"Magnetic Espresso Dosing Ring","58mm Dosing Ring / Black","V2-PSDring-58mm","2025-03-01","Chile","2025-03-24",1,22.5,-2.25,0,20.25,0,20.25
"High Diffusion Espresso Shower Screen","E61 - HD Shower Screen","PSD-HD-E61","2025-03-01","Kuwait","2025-03-27",1,59,0,0,59,0,59
"Espresso Shot Mirror","Default Title","PSDshot-mirror","2025-03-01","Kuwait","2025-03-27",1,28,0,0,28,0,28
"Dosing Bundle","Black","DOSING_B","2025-03-01","United States","2025-03-22",1,52.5,0,0,52.5,0,52.5
"Stainless Steel Clump Crusher V2.0 (WDT espresso distribution tool)","Black","V2-PSDcrusher-Black","2025-03-01","United States","2025-03-14",1,34.35,0,0,34.35,0,34.35
"Espresso Shot Mirror","Default Title","PSDshot-mirror","2025-03-01","United Arab Emirates","2025-03-20",1,28.59,0,0,28.59,0,28.59
"53.5 & 58.5mm Puck Diffuser Screen","58.5mm","PSD-puck","2025-03-01","United States","2025-03-10",1,20,-2,0,18,0,18
"High Diffusion Espresso Shower Screen","E61 - HD Shower Screen","PSD-HD-E61","2025-03-01","United States","2025-03-27",2,118,0,0,118,0,118
"High Extraction He[%] Filter Baskets for a Fuller Coffee Experience","Pesado He[%] Basket - X-Large","PSD-HE-XL","2025-03-01","United States","2025-03-18",-1,0,0,-58.5,-58.5,0,-58.5
"High Diffusion Espresso Shower Screen","LM - HD Shower Screen","PSD-HD-LM","2025-03-01","United Kingdom","2025-03-17",3,171.39,0,0,171.39,0,171.39
"Portafilter with a Double Spout for Espresso Machines","La Marzocco / E61 / Black | Dusk","PF02LM-BDK","2025-03-01","United States","2025-03-22",1,120,-12,0,108,0,108
"Wooden Clump Crusher - WDT Distribution Tool for Fluffy Espresso Puck","Raya","PSDcrusherRAYA","2025-03-01","United States","2025-03-05",1,34.35,-5.15,0,29.2,0,29.2
"Stainless Steel Clump Crusher V2.0 (WDT espresso distribution tool)","Black","V2-PSDcrusher-Black","2025-03-01","United States","2025-03-02",1,34.35,0,0,34.35,0,34.35
"53.5 & 58.5mm Puck Diffuser Screen","58.5mm","PSD-puck","2025-03-01","United States","2025-03-22",1,20,-2,0,18,0,18
"High Extraction He[%] 54mm Breville Filter Basket - Dosing 18g-20g","Default Title","PSD-HE-54","2025-03-01","United States","2025-03-06",1,130,0,-58.5,71.5,0,71.5
"Dosing Bundle","Black","DOSING_B","2025-03-01","United States","2025-03-10",1,52.5,0,0,52.5,0,52.5
,"",,"2025-03-01","United States","2025-03-12",1,0,0,0,0,0,0
"Spring-Loaded Self-Leveling Tamper – Pesado x AD Coffee","Default Title","PSD-ADcoffee-Tamper","2025-03-01","United States","2025-03-14",1,120,0,0,120,0,120
"High Diffusion Espresso Shower Screen","LM - HD Shower Screen","PSD-HD-LM","2025-03-01","United States","2025-03-19",1,55,0,0,55,0,55
"Bottomless LM/E61/NS/GA Portafilter (Hybrid)","La Marzocco 6mm / White / Iris","PF00LMWH-Iris-HY","2025-03-01","Kuwait","2025-03-16",1,120,0,0,120,0,120
"Hybrid Breville 54/58mm Portafilter - Versatile and Easy to Use","Breville 54 / Black | Iris","PF02BR54BK-Iris-HY","2025-03-01","United States","2025-03-15",1,145,0,0,145,0,145
"Pesado EP Filter Basket","EP-Breville54-20g","EP-BR-20g","2025-03-01","United States","2025-03-08",1,20,0,0,20,0,20
"Gravity Coffee Distributor 53.5mm","54 mm","PSD-distributor-54m","2025-03-01","United States","2025-03-05",1,110,-16.5,0,93.5,0,93.5
"High Extraction He[%] Filter Baskets for a Fuller Coffee Experience","Pesado He[%] Basket - Small","PSD-HE-SM","2025-03-01","United States","2025-03-11",1,65,-6.5,0,58.5,0,58.5
"Milk Jug with Sharp Spout - 16.5oz / 490ml","Default Title","PSDjug","2025-03-01","United States","2025-03-18",1,34.35,0,0,34.35,0,34.35
"53.5 & 58.5mm Puck Diffuser Screen","53.5mm","PSD-puck-54","2025-03-01","United States","2025-03-02",1,20,0,0,20,0,20
"Hybrid Breville 54/58mm Portafilter - Versatile and Easy to Use","Breville 54 / Black | Black","PF02BR54-BBK-HY","2025-03-01","United States","2025-03-09",1,137,-13.7,0,123.3,0,123.3
"High Diffusion Espresso Shower Screen","E61 - HD Shower Screen","PSD-HD-E61","2025-03-01","Germany","2025-03-20",1,60.73,0,0,60.73,0,60.73
"High Extraction He[%] Filter Baskets for a Fuller Coffee Experience","Pesado He[%] Basket - X-Large","PSD-HE-XL","2025-03-01","United States","2025-03-30",2,195,-6.5,-65,123.5,0,123.5
"Modular Puck Screen Holder - Aluminum Matte Black","Default Title","PSD-PuckHolder","2025-03-01","United States","2025-03-24",1,18,0,0,18,0,18
"Sunrise Ceramic Coffee Cup and Saucer Set (White)","Default Title","PSD-CeramicSet","2025-03-01","Bahrain","2025-03-18",1,10,-1,0,9,0,9
"High Extraction He[%] Filter Baskets for a Fuller Coffee Experience","Pesado He[%] Basket - Large","PSD-HE-LG","2025-03-01","United States","2025-03-16",2,130,-6.5,0,123.5,0,123.5
"Magnetic Espresso Dosing Ring","58mm Dosing Ring / Black","V2-PSDring-58mm","2025-03-01","United States","2025-03-25",2,45,-2.25,0,42.75,0,42.75
"Crusher Threaded Pin Assembly for DIY WDT Tool","4 pack of WDT pins","PSD-removablepins","2025-03-01","Chile","2025-03-24",4,4,-0.4,0,3.6,0,3.6
"High Extraction He[%] Filter Baskets for a Fuller Coffee Experience","Pesado He[%] Basket - Medium","PSD-HE-ME","2025-03-01","United States","2025-03-11",1,65,-6.5,0,58.5,0,58.5
"High Extraction He[%] Filter Baskets for a Fuller Coffee Experience","Pesado He[%] Basket - Large","PSD-HE-LG","2025-03-01","Chile","2025-03-24",1,65,-6.5,0,58.5,0,58.5
"Modular Tamper Handle: Customize Your Tamper for Coffee","Black / Gold","PSDTHMODBGD","2025-03-01","Switzerland","2025-03-17",1,47.7,0,0,47.7,0,47.7
"High Diffusion Espresso Shower Screen","LM - HD Shower Screen","PSD-HD-LM","2025-03-01","United States","2025-03-22",2,110,0,0,110,0,110
"High Extraction He[%] Filter Baskets for a Fuller Coffee Experience","Pesado He[%] Basket - Medium","PSD-HE-ME","2025-03-01","United States","2025-03-30",6,390,-6.5,0,383.5,0,383.5
"High Diffusion Espresso Shower Screen","E61 - HD Shower Screen","PSD-HD-E61","2025-03-01","Bulgaria","2025-03-18",1,60.44,-6.04,0,54.4,0,54.4
"High Diffusion Espresso Shower Screen","E61 - HD Shower Screen","PSD-HD-E61","2025-03-01","Japan","2025-03-18",1,60.79,0,0,60.79,0,60.79
"Crusher Threaded Pin Assembly for DIY WDT Tool","4 pack of WDT pins","PSD-removablepins","2025-03-01","South Korea","2025-03-24",1,1.36,-0.14,0,1.22,0,1.22
"53.5 & 58.5mm Puck Diffuser Screen","58.5mm","PSD-puck","2025-03-01","United States","2025-03-19",2,40,0,0,40,0,40
"Bottomless LM/E61/NS/GA Portafilter (Hybrid)","Breville 58mm / Black / Haze","PF00BR58-BHZ-HY","2025-03-01","United States","2025-03-28",1,120,0,0,120,0,120
"Bottomless LM/E61/NS/GA Portafilter (Hybrid)","E61 5mm / White / Silver","PF00MV-WSL-HY","2025-03-01","United States","2025-03-13",1,112,0,0,112,0,112
"53.5 & 58.5mm Puck Diffuser Screen","58.5mm","PSD-puck","2025-03-01","South Korea","2025-03-16",1,20.02,0,0,20.02,0,20.02
"Impact Gravity Espresso Grounds Distributor (58.4mm)","Black","V2-PSD-distributor","2025-03-01","United States","2025-03-25",1,120,0,0,120,0,120
"Naked/Bottomless Portafilter - Head Only (HYBRID)","Breville 58mm","PFH00BR58-HY","2025-03-01","United Kingdom","2025-03-02",1,69.17,0,0,69.17,0,69.17
"High Diffusion Espresso Shower Screen","LM - HD Shower Screen","PSD-HD-LM","2025-03-01","United States","2025-03-17",7,385,-11,0,374,0,374
"Alloy Modular Stand for Clump Crusher (WDT tool)","Default Title","PSDcrusher-Stand","2025-03-01","United States","2025-03-16",1,16.82,0,0,16.82,1.18,18
"Bottomless LM/E61/NS/GA Portafilter (Hybrid)","E61 5mm / Black / Dusk","PF00MV-BDK-HY","2025-03-01","United States","2025-03-20",1,120,-12,0,108,0,108
"Precision Cut Espresso & Coffee Tamper Base for Maximum Yield","58mm Base Black","BKPSDTBase","2025-03-01","South Korea","2025-03-27",1,51.26,-51.26,0,0,0,0
"53.5 & 58.5mm Puck Diffuser Screen","58.5mm","PSD-puck","2025-03-01","United States","2025-03-24",1,20,0,0,20,0,20
"High Extraction He[%] Filter Baskets for a Fuller Coffee Experience","Pesado He[%] Basket - Large","PSD-HE-LG","2025-03-01","United States","2025-03-25",3,195,0,0,195,0,195
"Magnetic Espresso Dosing Ring","58mm Dosing Ring / Black","V2-PSDring-58mm","2025-03-01","United States","2025-03-16",2,45,0,0,45,0,45
"Single-Dose Coffee Tubes (Bean Cellar 4-Pack)","Default Title","PSD-beantube","2025-03-01","Kuwait","2025-03-27",1,27,0,0,27,0,27
"Distribution Bundle","58mm Distribution Bundle / Black","DISTR_B","2025-03-01","Hong Kong","2025-03-17",1,175.91,0,0,175.91,0,175.91
"Pesado Portafilter Tamping Station","Default Title","PSD-TampingStation","2025-03-01","United States","2025-03-28",1,119.99,-12,0,107.99,0,107.99
"High Diffusion Espresso Shower Screen","E61 - HD Shower Screen","PSD-HD-E61","2025-03-01","Spain","2025-03-18",1,61.27,0,0,61.27,0,61.27
"Dosing Cup","54mm Dosing Cup / White","PSDdosingCup-WH-54","2025-03-01","United States","2025-03-25",1,26.25,-3.93,0,22.32,0,22.32
"High Extraction He[%] Filter Baskets for a Fuller Coffee Experience","Pesado He[%] Basket - Large","PSD-HE-LG","2025-03-01","United States","2025-03-14",1,65,0,0,65,0,65
"53.5 & 58.5mm Puck Diffuser Screen","58.5mm","PSD-puck","2025-03-01","South Korea","2025-03-20",1,19.75,-1.98,0,17.77,0,17.77
"Pesado Black Ripple Set","58mm Dosing Cup","PSDdosingCup-BK","2025-03-01","South Korea","2025-03-31",1,27.16,-27.16,0,0,0,0
"53.5 & 58.5mm Puck Diffuser Screen","58.5mm","PSD-puck","2025-03-01","United States","2025-03-17",2,40,-4,0,36,0,36
"High Extraction He[%] Filter Baskets for a Fuller Coffee Experience","Pesado He[%] Basket - Medium","PSD-HE-ME","2025-03-01","Germany","2025-03-22",1,67.02,-6.7,0,60.32,0,60.32
"High Diffusion Espresso Shower Screen","LM - HD Shower Screen","PSD-HD-LM","2025-03-01","United States","2025-03-24",5,275,-5.5,0,269.5,0,269.5
"Stainless Steel Clump Crusher V2.0 (WDT espresso distribution tool)","Black","V2-PSDcrusher-Black","2025-03-01","South Korea","2025-03-24",1,33.41,-3.34,0,30.07,0,30.07
"High Extraction He[%] 54mm Breville Filter Basket - Dosing 18g-20g","Default Title","PSD-HE-54","2025-03-01","United States","2025-03-15",1,65,0,0,65,0,65
"Modular Puck Screen Holder - Aluminum Matte Black","Default Title","PSD-PuckHolder","2025-03-01","United States","2025-03-29",1,18,0,0,18,0,18
"High Diffusion Espresso Shower Screen","LM - HD Shower Screen","PSD-HD-LM","2025-03-01","Taiwan","2025-03-25",1,56.11,0,0,56.11,0,56.11
"High Diffusion Espresso Shower Screen","LM - HD Shower Screen","PSD-HD-LM","2025-03-01","Switzerland","2025-03-19",1,57,0,0,57,0,57
"53.5 & 58.5mm Puck Diffuser Screen","58.5mm","PSD-puck","2025-03-01","Canada","2025-03-20",1,20.94,0,0,20.94,0,20.94
"Crusher Threaded Pin Assembly for DIY WDT Tool","WDT pin assembly (0.3mm)","PSD-PinUP","2025-03-01","Switzerland","2025-03-05",1,14,0,0,14,0,14
"Metallic Stainless Steel Leva Accents","Iris","PSDleva-Iris","2025-03-01","United Arab Emirates","2025-03-18",1,20.97,-2.1,0,18.87,0,18.87
"High Extraction He[%] Filter Baskets for a Fuller Coffee Experience","Pesado He[%] Basket - Medium","PSD-HE-ME","2025-03-01","United States","2025-03-21",1,65,0,0,65,0,65
"High Diffusion Espresso Shower Screen","LM - HD Shower Screen","PSD-HD-LM","2025-03-01","United States","2025-03-29",4,220,-11,0,209,0,209
"53.5 & 58.5mm Puck Diffuser Screen","53.5mm","PSD-puck-54","2025-03-01","United States","2025-03-27",1,20,0,0,20,0,20
"Hybrid Breville 54/58mm Portafilter - Versatile and Easy to Use","Breville 54 / Black | Bronze","PF02BR54-BBZ-HY","2025-03-01","United States","2025-03-31",1,137,0,0,137,0,137
"Milk Jug with Sharp Spout - 16.5oz / 490ml","Default Title","PSDjug","2025-03-01","United States","2025-03-11",1,34.35,0,0,34.35,0,34.35
"High Diffusion Espresso Shower Screen","E61 - HD Shower Screen","PSD-HD-E61","2025-03-01","Romania","2025-03-30",-1,0,0,-60.31,-60.31,0,-60.31
"Bottomless LM/E61/NS/GA Portafilter (Hybrid)","E61 5mm / White / Riga","PF00MVWH-Riga-HY","2025-03-01","United States","2025-03-24",1,120,0,0,120,0,120
"High Extraction He[%] Filter Baskets for a Fuller Coffee Experience","Pesado He[%] Basket - Large","PSD-HE-LG","2025-03-01","Estonia","2025-03-30",1,67.1,0,0,67.1,0,67.1
"High Diffusion Espresso Shower Screen","E61 - HD Shower Screen","PSD-HD-E61","2025-03-01","Taiwan","2025-03-18",1,60.19,-6.02,0,54.17,0,54.17
"53.5 & 58.5mm Puck Diffuser Screen","58.5mm","PSD-puck","2025-03-01","United States","2025-03-31",1,20,0,0,20,0,20
"Espresso Shot Mirror","Default Title","PSDshot-mirror","2025-03-01","United States","2025-03-04",2,56,0,0,56,0,56
"Magnetic Espresso Dosing Ring","58mm Dosing Ring / Black","V2-PSDring-58mm","2025-03-01","United Arab Emirates","2025-03-23",1,23.14,0,0,23.14,0,23.14
"High Extraction He[%] Filter Baskets for a Fuller Coffee Experience","Pesado He[%] Basket - Medium","PSD-HE-ME","2025-03-01","United States","2025-03-18",2,130,-6.5,0,123.5,0,123.5
"Bottomless LM/E61/NS/GA Portafilter (Hybrid)","Breville 54mm / Black / Dusk","PF00BR54-BDK-HY","2025-03-01","United States","2025-03-05",1,120,-12,0,108,0,108
"High Extraction He[%] Filter Baskets for a Fuller Coffee Experience","Pesado He[%] Basket - Large","PSD-HE-LG","2025-03-01","United States","2025-03-05",1,65,-6.5,0,58.5,0,58.5
"Dosing Cup","58mm Dosing Cup / Charcoal",,"2025-03-01","United States","2025-03-24",1,26.25,0,0,26.25,0,26.25
"Hybrid Breville 54/58mm Portafilter - Versatile and Easy to Use","Breville 54 / Black | Dusk","PF02BR54-BDK-HY","2025-03-01","United States","2025-03-30",1,145,-14.5,0,130.5,0,130.5
"High Diffusion Espresso Shower Screen","E61 - HD Shower Screen","PSD-HD-E61","2025-03-01","United States","2025-03-25",6,354,-5.9,0,348.1,0,348.1
"53.5 & 58.5mm Puck Diffuser Screen","58.5mm","PSD-puck","2025-03-01","United States","2025-03-12",1,20,0,0,20,0,20
"Pesado Black Ripple Set","Black Ripple Set","PSDBlackRippleSet","2025-03-01","United States","2025-03-23",1,60.6,-25.62,0,34.98,0,34.98
"Impact Gravity Espresso Grounds Distributor (58.4mm)","Black","V2-PSD-distributor","2025-03-01","United States","2025-03-05",1,120,0,0,120,0,120
"High Extraction He[%] Filter Baskets for a Fuller Coffee Experience","Pesado He[%] Basket - X-Large","PSD-HE-XL","2025-03-01","United States","2025-03-24",1,65,0,0,65,0,65
"Pesado Portafilter Tamping Station","Default Title","PSD-TampingStation","2025-03-01","Hong Kong","2025-03-17",1,122.51,0,0,122.51,0,122.51
"Modular Tamper Handle: Customize Your Tamper for Coffee","Black / Iris","PSDTHMODBKIRIS","2025-03-01","United States","2025-03-23",1,45.99,-19.45,0,26.54,0,26.54
"Bottomless LM/E61/NS/GA Portafilter (Hybrid)","La Marzocco 6mm / White / Black","PF00LM-WBK-HY","2025-03-01","United States","2025-03-21",1,112,0,0,112,0,112
"High Diffusion Espresso Shower Screen","E61 - HD Shower Screen","PSD-HD-E61","2025-03-01","United Kingdom","2025-03-19",1,61.12,0,0,61.12,0,61.12
"Bottomless LM/E61/NS/GA Portafilter (Hybrid)","Nuova Simonelli / Black / Dusk","PF00NS-BDK-HY","2025-03-01","United States","2025-03-23",1,120,-12,0,108,0,108
"Crusher Threaded Pin Assembly for DIY WDT Tool","4 pack of WDT pins","PSD-removablepins","2025-03-01","Spain","2025-03-07",4,4.12,0,0,4.12,0,4.12
"Espresso Shot Mirror","Default Title","PSDshot-mirror","2025-03-01","United States","2025-03-08",1,28,-2.8,0,25.2,0,25.2
"High Extraction He[%] Filter Baskets for a Fuller Coffee Experience","Pesado He[%] Basket - Medium","PSD-HE-ME","2025-03-01","Belgium","2025-03-20",1,67.25,-6.73,0,60.52,0,60.52
"Pesado EP Filter Basket","EP-20g","EP-20g","2025-03-01","Kuwait","2025-03-23",1,20,0,0,20,0,20
"Pesado Single Dose Coffee Cellar Stand + 4 Pack of Bean Cellars","Default Title","PSD-Beanstand-combo","2025-03-01","United States","2025-03-17",1,75,-7.5,0,67.5,0,67.5
"Pesado EP Filter Basket","EP-20g","EP-20g","2025-03-01","United States","2025-03-18",1,20,0,0,20,0,20
"Precision 58mm Breville Bundle: 58mm Portafilter & He[%] Basket","Black","PRE-BR58-SET","2025-03-01","United Arab Emirates","2025-03-25",1,206.1,-20.61,0,185.49,0,185.49
"High Extraction He[%] Filter Baskets for a Fuller Coffee Experience","Pesado He[%] Basket - Medium","PSD-HE-ME","2025-03-01","United States","2025-03-22",1,65,-6.5,0,58.5,0,58.5
"High Diffusion Espresso Shower Screen","LM - HD Shower Screen","PSD-HD-LM","2025-03-01","United States","2025-03-30",3,165,0,0,165,0,165
"Magnetic Espresso Dosing Ring","58mm Dosing Ring / Black","V2-PSDring-58mm","2025-03-01","United States","2025-03-08",1,22.5,-2.25,0,20.25,0,20.25
"Impact Gravity Espresso Grounds Distributor (58.4mm)","Black","V2-PSD-distributor","2025-03-01","Kuwait","2025-03-27",1,120,0,0,120,0,120
"High Extraction He[%] Filter Baskets for a Fuller Coffee Experience","Pesado He[%] Basket - Medium","PSD-HE-ME","2025-03-01","United Kingdom","2025-03-08",1,67.17,0,0,67.17,0,67.17
"Naked/Bottomless Portafilter - Head Only (HYBRID)","La Marzocco 6mm","PFH00LM-HY","2025-03-01","United States","2025-03-29",1,67.5,0,0,67.5,0,67.5
"Sunrise Ceramic Coffee Cup and Saucer Set (White)","Default Title","PSD-CeramicSet","2025-03-01","Kuwait","2025-03-16",1,10,0,0,10,0,10
"High Extraction He[%] Filter Baskets for a Fuller Coffee Experience","Pesado He[%] Basket - Large","PSD-HE-LG","2025-03-01","United States","2025-03-06",1,65,-6.5,0,58.5,0,58.5
,"",,"2025-03-01","Israel","2025-03-19",1,0,0,0,0,0,0
"53.5 & 58.5mm Puck Diffuser Screen","53.5mm","PSD-puck-54","2025-03-01","United States","2025-03-15",1,20,0,0,20,0,20
"Magnetic Espresso Dosing Ring","58mm Dosing Ring / Black","V2-PSDring-58mm","2025-03-01","United States","2025-03-03",1,22.5,-2.25,0,20.25,0,20.25
"Pesado EP Filter Basket","EP-18g","EP-18g","2025-03-01","New Zealand","2025-03-16",1,20.71,0,0,20.71,0,20.71
"High Diffusion Espresso Shower Screen","E61 - HD Shower Screen","PSD-HD-E61","2025-03-01","United States","2025-03-26",9,531,-5.9,0,525.1,0,525.1
"High Extraction He[%] 54mm Breville Filter Basket - Dosing 18g-20g","Default Title","PSD-HE-54","2025-03-01","Singapore","2025-03-18",1,66.87,0,0,66.87,0,66.87
"Breville 54mm Portafilter & Basket Precision Bundle","Black","PRE-BR54-SET","2025-03-01","United States","2025-03-30",1,214.85,0,0,214.85,0,214.85
"Bottomless LM/E61/NS/GA Portafilter (Hybrid)","E61 5mm / Black / Bronze","PF00MV-BBZ-HY","2025-03-01","United States","2025-03-07",1,112,0,0,112,0,112
"Modular Portafilter Handles","White / Bronze",,"2025-03-01","United States","2025-03-20",1,55,-5.5,0,49.5,0,49.5
"Pesado EP Filter Basket","EP-18g","EP-18g","2025-03-01","Canada","2025-03-20",1,20.94,0,0,20.94,0,20.94
"High Diffusion Espresso Shower Screen","LM - HD Shower Screen","PSD-HD-LM","2025-03-01","United States","2025-03-18",3,165,0,0,165,0,165
"High Diffusion Espresso Shower Screen","E61 - HD Shower Screen","PSD-HD-E61","2025-03-01","United Arab Emirates","2025-03-18",1,60.19,-6.02,0,54.17,0,54.17
"Spring-Loaded Self-Leveling Tamper – Pesado x AD Coffee","Default Title","PSD-ADcoffee-Tamper","2025-03-01","United States","2025-03-15",1,120,0,0,120,0,120
"High Diffusion Espresso Shower Screen","E61 - HD Shower Screen","PSD-HD-E61","2025-03-01","Romania","2025-03-17",1,60.31,0,0,60.31,0,60.31
"Dosing Cup","54mm Dosing Cup / Black","PSDdosingCup-BK-54","2025-03-01","United States","2025-03-20",1,26.25,0,0,26.25,0,26.25
"Impact Gravity Espresso Grounds Distributor (58.4mm)","Black","V2-PSD-distributor","2025-03-01","United States","2025-03-26",1,120,0,0,120,0,120
"High Extraction He[%] 54mm Breville Filter Basket - Dosing 18g-20g","Default Title","PSD-HE-54","2025-03-01","United States","2025-03-07",1,65,0,0,65,0,65
"High Extraction He[%] Filter Baskets for a Fuller Coffee Experience","Pesado He[%] Basket - Large","PSD-HE-LG","2025-03-01","United Arab Emirates","2025-03-25",1,66.43,-6.64,0,59.79,0,59.79
"53.5 & 58.5mm Puck Diffuser Screen","58.5mm","PSD-puck","2025-03-01","United States","2025-03-23",2,40,-8.46,0,31.54,0,31.54
"Sunrise Ceramic Coffee Cup and Saucer Set (White)","Default Title","PSD-CeramicSet","2025-03-01","United States","2025-03-21",1,10,-10,0,0,0,0
"Spring-Loaded Self-Leveling Tamper – Pesado x AD Coffee","Default Title","PSD-ADcoffee-Tamper","2025-03-01","Germany","2025-03-29",1,123.39,0,0,123.39,0,123.39
"Coffee Tamper: 58.5mm & 53.5mm","58.5mm / Black / Riga","PSDTMBKRiga","2025-03-01","United States","2025-03-04",1,97.5,-9.75,0,87.75,0,87.75
"Impact Gravity Espresso Grounds Distributor (58.4mm)","Black","V2-PSD-distributor","2025-03-01","Singapore","2025-03-31",1,122.83,-122.83,0,0,0,0
"High Diffusion Espresso Shower Screen","LM - HD Shower Screen","PSD-HD-LM","2025-03-01","Israel","2025-03-18",1,56.32,-5.63,0,50.69,0,50.69
"Pesado EP Filter Basket","EP-Breville54-20g","EP-BR-20g","2025-03-01","United States","2025-03-05",1,20,-3.01,0,16.99,0,16.99
"High Extraction He[%] Filter Baskets for a Fuller Coffee Experience","Pesado He[%] Basket - Large","PSD-HE-LG","2025-03-01","United States","2025-03-26",4,260,-6.5,0,253.5,0,253.5
"Modular Puck Screen Holder - Aluminum Matte Black","Default Title","PSD-PuckHolder","2025-03-01","United States","2025-03-18",1,18,0,0,18,0,18
"Stainless Steel Clump Crusher V2.0 (WDT espresso distribution tool)","Bronze","V2-PSDcrusher-Bronze","2025-03-01","United States","2025-03-18",1,34.35,-3.43,0,30.92,0,30.92
"Pesado EP Filter Basket","EP-18g","EP-18g","2025-03-01","United States","2025-03-20",1,20,0,0,20,0,20
"Magnetic Espresso Dosing Ring","58mm Dosing Ring / Black","V2-PSDring-58mm","2025-03-01","United States","2025-03-28",1,22.5,0,0,22.5,0,22.5
"Breville 54mm Portafilter & Basket Precision Bundle","Black","PRE-BR54-SET","2025-03-01","United States","2025-03-18",1,214.85,-21.49,0,193.36,0,193.36
"Dusk & Haze Leva Accents","Dusk","PSDleva-dusk","2025-03-01","United States","2025-03-17",1,20.4,0,0,20.4,0,20.4
"Crusher Threaded Pin Assembly for DIY WDT Tool","WDT pin assembly (0.3mm)","PSD-PinUP","2025-03-01","Spain","2025-03-07",1,15.13,0,0,15.13,0,15.13
"High Extraction He[%] Filter Baskets for a Fuller Coffee Experience","Pesado He[%] Basket - Medium","PSD-HE-ME","2025-03-01","United States","2025-03-29",1,65,0,0,65,0,65
"Coffee Tamper: 58.5mm & 53.5mm","53.5mm / Black / Riga","PSDT-53.5-BKRiga","2025-03-01","Malta","2025-03-25",1,99.46,0,0,99.46,0,99.46
"High Diffusion Espresso Shower Screen","E61 - HD Shower Screen","PSD-HD-E61","2025-03-01","United Arab Emirates","2025-03-21",2,120.88,-66.48,0,54.4,0,54.4
"Alloy Modular Stand for Clump Crusher (WDT tool)","Default Title","PSDcrusher-Stand","2025-03-01","United States","2025-03-28",1,18,0,0,18,0,18
"High Diffusion Espresso Shower Screen","LM - HD Shower Screen","PSD-HD-LM","2025-03-01","United States","2025-03-21",1,51.4,-5.14,0,46.26,3.24,49.5
"High Extraction He[%] Filter Baskets for a Fuller Coffee Experience","Pesado He[%] Basket - Medium","PSD-HE-ME","2025-03-01","United Arab Emirates","2025-03-21",1,66.43,-6.64,0,59.79,0,59.79
"High Extraction He[%] Filter Baskets for a Fuller Coffee Experience","Pesado He[%] Basket - Medium","PSD-HE-ME","2025-03-01","Taiwan","2025-03-23",1,63.99,0,0,63.99,0,63.99
"53.5 & 58.5mm Puck Diffuser Screen","58.5mm","PSD-puck","2025-03-01","United States","2025-03-20",1,20,-2,0,18,0,18
"Stainless Steel Milk Jug With Round Spout - 16.5oz / 490ml","Default Title","PSDjugWH","2025-03-01","United States","2025-03-21",1,34.35,-34.35,0,0,0,0
"High Extraction He[%] Filter Baskets for a Fuller Coffee Experience","Pesado He[%] Basket - X-Large","PSD-HE-XL","2025-03-01","United States","2025-03-12",1,65,0,0,65,0,65
,"",,"2025-03-01","United States","2025-03-30",1,65,0,0,65,0,65
"High Extraction He[%] Filter Baskets for a Fuller Coffee Experience","Pesado He[%] Basket - Medium","PSD-HE-ME","2025-03-01","Romania","2025-03-03",1,66.36,0,0,66.36,0,66.36
"Bottomless LM/E61/NS/GA Portafilter (Hybrid)","Nuova Simonelli / Black Full POM","PF00NS-FullPOM-HY","2025-04-01","United States","2025-04-21",2,180,-18,0,162,0,162
"High Diffusion Espresso Shower Screen","E61 - HD Shower Screen","PSD-HD-E61","2025-04-01","United States","2025-04-03",7,413,-23.6,0,389.4,0,389.4
"53.5 & 58.5mm Puck Diffuser Screen","58.5mm","PSD-puck","2025-04-01","Thailand","2025-04-29",1,20.41,-2.04,0,18.37,0,18.37
"Portafilter with a Double Spout for Espresso Machines","La Marzocco / E61 / Black | Silver","PF02LM-BSL","2025-04-01","Australia","2025-04-22",-1,0,0,-112,-112,0,-112
"High Extraction He[%] Filter Baskets for a Fuller Coffee Experience","Pesado He[%] Basket - Medium","PSD-HE-ME","2025-04-01","United Kingdom","2025-04-07",2,133.86,0,0,133.86,0,133.86
"53.5 & 58.5mm Puck Diffuser Screen","58.5mm","PSD-puck","2025-04-01","United States","2025-04-26",4,80,-8,0,72,0,72
"High Extraction He[%] Filter Baskets for a Fuller Coffee Experience","Pesado He[%] Basket - Medium","PSD-HE-ME","2025-04-01","Qatar","2025-04-10",1,66.38,0,0,66.38,0,66.38
"High Extraction He[%] Filter Baskets for a Fuller Coffee Experience","Pesado He[%] Basket - Large","PSD-HE-LG","2025-04-01","Taiwan","2025-04-12",2,132.08,0,0,132.08,0,132.08
"Espresso Shot Mirror","Default Title","PSDshot-mirror","2025-04-01","United States","2025-04-16",1,28,0,0,28,0,28
"High Diffusion Espresso Shower Screen","E61 - HD Shower Screen","PSD-HD-E61","2025-04-01","United States","2025-04-19",4,236,-5.9,0,230.1,0,230.1
"High Extraction He[%] Filter Baskets for a Fuller Coffee Experience","Pesado He[%] Basket - Medium","PSD-HE-ME","2025-04-01","France","2025-04-17",1,66.98,0,0,66.98,0,66.98
"Impact Gravity Espresso Grounds Distributor (58.4mm)","Black","V2-PSD-distributor","2025-04-01","Switzerland","2025-04-18",1,123.6,0,0,123.6,0,123.6
"Magnetic Espresso Dosing Ring","54mm Dosing Ring / Black","V2-PSDring-54mm","2025-04-01","United States","2025-04-07",1,22.5,0,0,22.5,0,22.5
"53.5 & 58.5mm Puck Diffuser Screen","58.5mm","PSD-puck","2025-04-01","United States","2025-04-10",2,40,0,0,40,0,40
"Bottomless LM/E61/NS/GA Portafilter (Hybrid)","La Marzocco 6mm / Black / Bronze","PF00LM-BBZ-HY","2025-04-01","United States","2025-04-26",1,112,-11.2,0,100.8,0,100.8
"High Extraction He[%] Filter Baskets for a Fuller Coffee Experience","Pesado He[%] Basket - Large","PSD-HE-LG","2025-04-01","United States","2025-04-27",2,130,-130,0,0,0,0
"Pesado EP Filter Basket","EP-Breville54-18g","EP-BR-18g","2025-04-01","United States","2025-04-26",1,20,-2,0,18,0,18
"Stainless Steel Milk Jug With Round Spout - 16.5oz / 490ml","Default Title","PSDjugWH","2025-04-01","Philippines","2025-04-17",1,35.31,-35.31,0,0,0,0
"Bottomless LM/E61/NS/GA Portafilter (Hybrid)","E61 5mm / Black / Silver","PF00MV-BSL-HY","2025-04-01","Taiwan","2025-04-10",1,114.24,0,0,114.24,0,114.24
"High Diffusion Espresso Shower Screen","E61 - HD Shower Screen","PSD-HD-E61","2025-04-01","United States","2025-04-22",6,472,-17.7,-118,336.3,0,336.3
"Pesado EP Filter Basket","EP-Breville54-20g","EP-BR-20g","2025-04-01","United States","2025-04-27",1,20,-2,0,18,0,18
"Pesado EP Filter Basket","EP-18g","EP-18g","2025-04-01","Switzerland","2025-04-12",1,20.85,-2.09,0,18.76,0,18.76
"Coffee Tamper: 58.5mm & 53.5mm","58.5mm With Black Base / White / Black","PSDT-BKBase-WBK","2025-04-01","United States","2025-04-24",1,90,0,0,90,0,90
"Pesado EP Filter Basket","EP-20g","EP-20g","2025-04-01","United States","2025-04-01",1,20,0,0,20,0,20
"Sunrise Ceramic Coffee Cup and Saucer Set (White)","Default Title","PSD-CeramicSet","2025-04-01","United States","2025-04-30",1,10,0,0,10,0,10
"Modular Tamper Handle: Customize Your Tamper for Coffee","Black / Black","PSDTHMODBBK","2025-04-01","United States","2025-04-15",1,45.99,0,0,45.99,0,45.99
"Stainless Steel Clump Crusher V2.0 (WDT espresso distribution tool)","Silver","V2-PSDcrusher-Silver","2025-04-01","United States","2025-04-28",1,34.35,0,0,34.35,0,34.35
"Portafilter with a Double Spout for Espresso Machines","Breville 54 / Black Full Pom","PF02BR54-FullPOM","2025-04-01","United States","2025-04-14",1,90,0,0,90,0,90
"High Diffusion Espresso Shower Screen","E61 - HD Shower Screen","PSD-HD-E61","2025-04-01","United States","2025-04-06",7,413,-5.9,0,407.1,0,407.1
"Pesado EP Filter Basket","EP-Breville54-20g","EP-BR-20g","2025-04-01","United States","2025-04-11",1,20,0,0,20,0,20
"Bottomless LM/E61/NS/GA Portafilter (Hybrid)","Breville 54mm / White / Gold","PF00BR54-WGD-HY","2025-04-01","United States","2025-04-23",1,112,-11.2,0,100.8,0,100.8
"53.5 & 58.5mm Puck Diffuser Screen","58.5mm","PSD-puck","2025-04-01","United States","2025-04-15",3,60,-20,0,40,0,40
"Hybrid Breville 54/58mm Portafilter - Versatile and Easy to Use","Breville 54 / Black | Silver","PF02BR54-BSL-HY","2025-04-01","United States","2025-04-15",1,137,-13.7,0,123.3,0,123.3
"Bottomless LM/E61/NS/GA Portafilter (Hybrid)","E61 5mm / Black / Dusk","PF00MV-BDK-HY","2025-04-01","United States","2025-04-25",1,120,0,0,120,0,120
"High Extraction He[%] Filter Baskets for a Fuller Coffee Experience","Pesado He[%] Basket - X-Large","PSD-HE-XL","2025-04-01","United States","2025-04-21",1,130,0,-65,65,0,65
"Portafilter with a Double Spout for Espresso Machines","Nuova Simonelli / Black | Silver","PF02NS-BSL","2025-04-01","United Kingdom","2025-04-30",1,114.9,0,0,114.9,0,114.9
"High Extraction He[%] Filter Baskets for a Fuller Coffee Experience","Pesado He[%] Basket - Medium","PSD-HE-ME","2025-04-01","Oman","2025-04-25",1,65,-6.5,0,58.5,0,58.5
"53.5 & 58.5mm Puck Diffuser Screen","58.5mm","PSD-puck","2025-04-01","Denmark","2025-04-26",1,20.55,0,0,20.55,0,20.55
"High Extraction He[%] Filter Baskets for a Fuller Coffee Experience","Pesado He[%] Basket - Medium","PSD-HE-ME","2025-04-01","United States","2025-04-13",1,65,-6.5,0,58.5,0,58.5
"Hybrid LM/E61/NS/GA Portafilter - Versatile Bottomless & Spouted","E61 5mm / Black | Gold","PF02MV-BGD-HY","2025-04-01","United States","2025-04-24",1,137,0,0,137,0,137
"Alloy Modular Stand for Clump Crusher (WDT tool)","Default Title","PSDcrusher-Stand","2025-04-01","United States","2025-04-05",1,18,-1.8,0,16.2,0,16.2
"Magnetic Espresso Dosing Ring","58mm Dosing Ring / Black","V2-PSDring-58mm","2025-04-01","United States","2025-04-01",2,45,-2.25,0,42.75,0,42.75
"Impact Gravity Espresso Grounds Distributor (58.4mm)","Black","V2-PSD-distributor","2025-04-01","United States","2025-04-04",1,120,0,0,120,0,120
"High Extraction He[%] 54mm Breville Filter Basket - Dosing 18g-20g","Default Title","PSD-HE-54","2025-04-01","United States","2025-04-19",1,65,0,0,65,0,65
"Hybrid LM/E61/NS/GA Portafilter - Versatile Bottomless & Spouted","Nuova Simonelli / Black | Silver","PF02NS-BSL-HY","2025-04-01","South Korea","2025-04-17",1,136.06,0,0,136.06,0,136.06
"High Diffusion Espresso Shower Screen","E61 - HD Shower Screen","PSD-HD-E61","2025-04-01","Germany","2025-04-26",1,61.3,-6.14,0,55.16,0,55.16
"High Diffusion Espresso Shower Screen","LM - HD Shower Screen","PSD-HD-LM","2025-04-01","United States","2025-04-12",13,715,-11,0,704,0,704
"Milk Jug with Sharp Spout - 16.5oz / 490ml","Default Title","PSDjug","2025-04-01","United States","2025-04-01",1,34.35,0,0,34.35,0,34.35
"High Extraction He[%] 54mm Breville Filter Basket - Dosing 18g-20g","Default Title","PSD-HE-54","2025-04-01","United States","2025-04-03",2,130,-6.5,0,123.5,0,123.5
"Impact Gravity Espresso Grounds Distributor (58.4mm)","Black","V2-PSD-distributor","2025-04-01","United States","2025-04-20",2,240,-12,0,228,0,228
"Modular Puck Screen Holder - Aluminum Matte Black","Default Title","PSD-PuckHolder","2025-04-01","United States","2025-04-18",1,18,-1.8,0,16.2,0,16.2
"High Diffusion Espresso Shower Screen","LM - HD Shower Screen","PSD-HD-LM","2025-04-01","United States","2025-04-28",8,440,0,0,440,0,440
"53.5 & 58.5mm Puck Diffuser Screen","58.5mm","PSD-puck","2025-04-01","Bahrain","2025-04-01",1,20,-2,0,18,0,18
"Crusher Threaded Pin Assembly for DIY WDT Tool","4 pack of WDT pins","PSD-removablepins","2025-04-01","United States","2025-04-15",2,2,0,0,2,0,2
"Hybrid Breville 54/58mm Portafilter - Versatile and Easy to Use","Breville 54 / Black | Bronze","PF02BR54-BBZ-HY","2025-04-01","United States","2025-04-10",1,137,0,0,137,0,137
"High Diffusion Espresso Shower Screen","E61 - HD Shower Screen","PSD-HD-E61","2025-04-01","Switzerland","2025-04-13",1,61.32,-6.13,0,55.19,0,55.19
"Coffee Tamper: 58.5mm & 53.5mm","58.5mm / White / Silver","PSDTMWSl","2025-04-01","United States","2025-04-23",1,90,0,0,90,0,90
"Single-Dose Coffee Tubes (Bean Cellar 4-Pack)","Default Title","PSD-beantube","2025-04-01","United States","2025-04-07",1,27,0,0,27,0,27
"Impact Gravity Espresso Grounds Distributor (58.4mm)","Black","V2-PSD-distributor","2025-04-01","United States","2025-04-25",1,120,0,0,120,0,120
"Pesado EP Filter Basket","EP-18g","EP-18g","2025-04-01","United States","2025-04-10",1,20,-2,0,18,0,18
"High Diffusion Espresso Shower Screen","E61 - HD Shower Screen","PSD-HD-E61","2025-04-01","Denmark","2025-04-13",1,60.23,0,0,60.23,0,60.23
"Bottomless LM/E61/NS/GA Portafilter (Hybrid)","E61 5mm / Black / Dusk","PF00MV-BDK-HY","2025-04-01","United Kingdom","2025-04-11",1,123.61,0,0,123.61,0,123.61
"High Diffusion Espresso Shower Screen","LM - HD Shower Screen","PSD-HD-LM","2025-04-01","United States","2025-04-17",3,165,0,0,165,0,165
"High Extraction He[%] Filter Baskets for a Fuller Coffee Experience","Pesado He[%] Basket - Medium","PSD-HE-ME","2025-04-01","Germany","2025-04-20",1,67.16,0,0,67.16,0,67.16
"High Extraction He[%] Filter Baskets for a Fuller Coffee Experience","Pesado He[%] Basket - X-Large","PSD-HE-XL","2025-04-01","Australia","2025-04-01",1,65,0,0,65,0,65
"Wooden Clump Crusher - WDT Distribution Tool for Fluffy Espresso Puck","Riga","PSDcrusherRIGA","2025-04-01","United States","2025-04-26",1,34.35,0,0,34.35,0,34.35
"High Extraction He[%] Filter Baskets for a Fuller Coffee Experience","Pesado He[%] Basket - Medium","PSD-HE-ME","2025-04-01","Singapore","2025-04-11",1,66.67,0,0,66.67,0,66.67
"Modular Portafilter Handles","Black / Bronze","PSDHMODBBZ","2025-04-01","United States","2025-04-16",1,55,0,0,55,0,55
"Coffee Tamper: 58.5mm & 53.5mm","58.5mm With Black Base / Black / Riga","PSDT-BKBase-BRiga","2025-04-01","United States","2025-04-21",1,97.5,-9.75,0,87.75,0,87.75
"High Extraction He[%] 54mm Breville Filter Basket - Dosing 18g-20g","Default Title","PSD-HE-54","2025-04-01","United States","2025-04-22",1,65,0,0,65,0,65
"Portafilter with a Double Spout for Espresso Machines","La Marzocco / E61 / Raya","PF02LMRaya","2025-04-01","Netherlands","2025-04-20",1,122.99,-12.3,0,110.69,0,110.69
"Hybrid Breville 54/58mm Portafilter - Versatile and Easy to Use","Breville 54 / Black | Riga","PF02BR54BK-Riga-HY","2025-04-01","United States","2025-04-11",1,145,0,0,145,0,145
"Pesado EP Filter Basket","EP-18g","EP-18g","2025-04-01","United States","2025-04-26",1,20,-2,0,18,0,18
"Modular Puck Screen Holder - Aluminum Matte Black","Default Title","PSD-PuckHolder","2025-04-01","Netherlands","2025-04-13",1,19.25,-1.93,0,17.32,0,17.32
"High Diffusion Espresso Shower Screen","LM - HD Shower Screen","PSD-HD-LM","2025-04-01","United States","2025-04-01",6,330,0,0,330,0,330
"Wooden Clump Crusher - WDT Distribution Tool for Fluffy Espresso Puck","Raya","PSDcrusherRAYA","2025-04-01","United States","2025-04-29",1,34.35,0,0,34.35,0,34.35
"Modular Puck Screen Holder - Aluminum Matte Black","Default Title","PSD-PuckHolder","2025-04-01","United States","2025-04-07",1,18,0,0,18,0,18
"Portafilter with a Double Spout for Espresso Machines","La Marzocco / E61 / Black | Black","PF02LM-BBK","2025-04-01","United States","2025-04-28",1,112,0,0,112,0,112
"Milk Jug with Sharp Spout - 16.5oz / 490ml","Default Title","PSDjug","2025-04-01","United States","2025-04-16",2,68.7,0,0,68.7,0,68.7
"Wooden Clump Crusher - WDT Distribution Tool for Fluffy Espresso Puck","Riga","PSDcrusherRIGA","2025-04-01","Thailand","2025-04-23",1,35.05,-35.05,0,0,0,0
"Pesado 58.5 Portafilter Hybrid Head - Versatile & Easy to Use","La Marzocco 6mm Hybrid","PFH02LM-HY","2025-04-01","United Kingdom","2025-04-21",-1,0,0,-95.3,-95.3,0,-95.3
"High Extraction He[%] Filter Baskets for a Fuller Coffee Experience","Pesado He[%] Basket - Medium","PSD-HE-ME","2025-04-01","United States","2025-04-12",2,130,0,0,130,0,130
"Pesado EP Filter Basket","EP-20g","EP-20g","2025-04-01","Denmark","2025-04-26",1,20.55,0,0,20.55,0,20.55
"High Extraction He[%] Filter Baskets for a Fuller Coffee Experience","Pesado He[%] Basket - Small","PSD-HE-SM","2025-04-01","United States","2025-04-03",2,130,0,0,130,0,130
"Modular Puck Screen Holder - Aluminum Matte Black","Default Title","PSD-PuckHolder","2025-04-01","United States","2025-04-03",3,54,-5.4,0,48.6,0,48.6
"High Diffusion Espresso Shower Screen","LM - HD Shower Screen","PSD-HD-LM","2025-04-01","United States","2025-04-13",1,55,0,0,55,0,55
"Modular Puck Screen Holder - Aluminum Matte Black","Default Title","PSD-PuckHolder","2025-04-01","Germany","2025-04-20",1,19.31,0,0,19.31,0,19.31
"High Diffusion Espresso Shower Screen","E61 - HD Shower Screen","PSD-HD-E61","2025-04-01","United States","2025-04-30",8,531,-17.7,-59,454.3,0,454.3
"High Extraction He[%] Filter Baskets for a Fuller Coffee Experience","Pesado He[%] Basket - Medium","PSD-HE-ME","2025-04-01","Singapore","2025-04-15",1,66.85,-6.68,0,60.17,0,60.17
"53.5 & 58.5mm Puck Diffuser Screen","58.5mm","PSD-puck","2025-04-01","Netherlands","2025-04-13",1,21.53,-2.16,0,19.37,0,19.37
"High Extraction He[%] Filter Baskets for a Fuller Coffee Experience","Pesado He[%] Basket - Medium","PSD-HE-ME","2025-04-01","United States","2025-04-28",3,191.03,0,0,191.03,3.97,195
"Coffee Tamper: 58.5mm & 53.5mm","53.5mm / Black / Black","PSDT-53.5-BBK","2025-04-01","United States","2025-04-27",1,90,-9,0,81,0,81
"High Diffusion Espresso Shower Screen","E61 - HD Shower Screen","PSD-HD-E61","2025-04-01","Australia","2025-04-18",1,53.63,-5.36,0,48.27,4.83,53.1
"High Diffusion Espresso Shower Screen","LM - HD Shower Screen","PSD-HD-LM","2025-04-01","United States","2025-04-29",9,491.64,0,0,491.64,3.36,495
"High Extraction He[%] 54mm Breville Filter Basket - Dosing 18g-20g","Default Title","PSD-HE-54","2025-04-01","United States","2025-04-02",1,65,0,0,65,0,65
"High Extraction He[%] Filter Baskets for a Fuller Coffee Experience","Pesado He[%] Basket - Medium","PSD-HE-ME","2025-04-01","United States","2025-04-17",3,195,0,0,195,0,195
"High Diffusion Espresso Shower Screen","LM - HD Shower Screen","PSD-HD-LM","2025-04-01","Japan","2025-04-14",2,113.22,0,0,113.22,0,113.22
"High Diffusion Espresso Shower Screen","LM - HD Shower Screen","PSD-HD-LM","2025-04-01","Reunion","2025-04-11",2,113.3,0,0,113.3,0,113.3
"High Diffusion Espresso Shower Screen","LM - HD Shower Screen","PSD-HD-LM","2025-04-01","Netherlands","2025-04-11",2,113.3,0,0,113.3,0,113.3
"Bottomless LM/E61/NS/GA Portafilter (Hybrid)","Breville 54mm / White / Silver","PF00BR54-WSL-HY","2025-04-01","South Korea","2025-04-25",1,110.16,-16.52,0,93.64,0,93.64
"High Diffusion Espresso Shower Screen","E61 - HD Shower Screen","PSD-HD-E61","2025-04-01","Australia","2025-04-23",1,53.64,0,0,53.64,5.36,59
"High Diffusion Espresso Shower Screen","LM - HD Shower Screen","PSD-HD-LM","2025-04-01","United States","2025-04-16",3,165,0,0,165,0,165
"Spring-Loaded Self-Leveling Tamper – Pesado x AD Coffee","Default Title","PSD-ADcoffee-Tamper","2025-04-01","United States","2025-04-13",1,120,0,0,120,0,120
"High Extraction He[%] Filter Baskets for a Fuller Coffee Experience","Pesado He[%] Basket - Medium","PSD-HE-ME","2025-04-01","Thailand","2025-04-23",1,66.32,-66.32,0,0,0,0
"Impact Gravity Espresso Grounds Distributor (58.4mm)","Black","V2-PSD-distributor","2025-04-01","United States","2025-04-24",3,360,-12,0,348,0,348
"Magnetic Espresso Dosing Ring","58mm Dosing Ring / Black","V2-PSDring-58mm","2025-04-01","United States","2025-04-13",1,22.5,0,0,22.5,0,22.5
"Hybrid LM/E61/NS/GA Portafilter - Versatile Bottomless & Spouted","E61 5mm / Black | Bronze","PF02MV-BBZ-HY","2025-04-01","Bahrain","2025-04-01",1,137,-13.7,0,123.3,0,123.3
"High Extraction He[%] Filter Baskets for a Fuller Coffee Experience","Pesado He[%] Basket - Medium","PSD-HE-ME","2025-04-01","United States","2025-04-01",1,65,0,0,65,0,65
"Breville 54mm Portafilter & Basket Precision Bundle","Black","PRE-BR54-SET","2025-04-01","United States","2025-04-03",1,214.85,-21.48,0,193.37,0,193.37
"Impact Gravity Espresso Grounds Distributor (58.4mm)","Black","V2-PSD-distributor","2025-04-01","United States","2025-04-08",1,120,-12,0,108,0,108
"Bottomless LM/E61/NS/GA Portafilter (Hybrid)","E61 5mm / Black / Iris","PF00MVBK-Iris-HY","2025-04-01","Norway","2025-04-22",1,120,0,0,120,0,120
"Spring-Loaded Self-Leveling Tamper – Pesado x AD Coffee","Default Title","PSD-ADcoffee-Tamper","2025-04-01","Oman","2025-04-25",1,120,-12,0,108,0,108
"High Extraction He[%] Filter Baskets for a Fuller Coffee Experience","Pesado He[%] Basket - Medium","PSD-HE-ME","2025-04-01","United Kingdom","2025-04-06",1,66.96,-66.96,0,0,0,0
"Espresso Shot Mirror","Default Title","PSDshot-mirror","2025-04-01","United States","2025-04-01",1,28,0,0,28,0,28
"High Diffusion Espresso Shower Screen","E61 - HD Shower Screen","PSD-HD-E61","2025-04-01","United States","2025-04-02",6,348.75,0,0,348.75,5.25,354
"High Diffusion Espresso Shower Screen","LM - HD Shower Screen","PSD-HD-LM","2025-04-01","Chile","2025-04-30",2,110,0,0,110,0,110
"High Diffusion Espresso Shower Screen","LM - HD Shower Screen","PSD-HD-LM","2025-04-01","Oman","2025-04-25",5,275,-27.5,0,247.5,0,247.5
"High Extraction He[%] Filter Baskets for a Fuller Coffee Experience","Pesado He[%] Basket - X-Large","PSD-HE-XL","2025-04-01","United States","2025-04-25",1,65,0,0,65,0,65
"High Extraction He[%] Filter Baskets for a Fuller Coffee Experience","Pesado He[%] Basket - Large","PSD-HE-LG","2025-04-01","United States","2025-04-10",1,65,0,0,65,0,65
"Pesado 58.5 Portafilter Hybrid Head - Versatile & Easy to Use","Breville 54mm Hybrid Attachment Only","PSDHY-BR","2025-04-01","United States","2025-04-07",1,25,0,0,25,0,25
"53.5 & 58.5mm Puck Diffuser Screen","58.5mm","PSD-puck","2025-04-01","United States","2025-04-11",2,40,0,0,40,0,40
"53.5 & 58.5mm Puck Diffuser Screen","53.5mm","PSD-puck-54","2025-04-01","United States","2025-04-03",1,20,-2.01,0,17.99,0,17.99
"High Diffusion Espresso Shower Screen","LM - HD Shower Screen","PSD-HD-LM","2025-04-01","Singapore","2025-04-18",1,56.4,0,0,56.4,0,56.4
"High Diffusion Espresso Shower Screen","E61 - HD Shower Screen","PSD-HD-E61","2025-04-01","United States","2025-04-18",7,413,-11.8,0,401.2,0,401.2
"High Diffusion Espresso Shower Screen","E61 - HD Shower Screen","PSD-HD-E61","2025-04-01","Canada","2025-04-05",1,60.45,0,0,60.45,0,60.45
"Bottomless LM/E61/NS/GA Portafilter (Hybrid)","E61 5mm / White Full POM","PF00MV-WHPOM-HY","2025-04-01","United States","2025-04-07",1,90,0,0,90,0,90
"Coffee Tamper: 58.5mm & 53.5mm","58.5mm / White / Riga","PSDTMWHRiga","2025-04-01","Thailand","2025-04-23",1,99.47,-99.47,0,0,0,0
"Coffee Tamper: 58.5mm & 53.5mm","58.5mm / Black / Bronze","PSDTMBBZ","2025-04-01","United States","2025-04-15",1,90,0,0,90,0,90
"High Extraction He[%] Filter Baskets for a Fuller Coffee Experience","Pesado He[%] Basket - X-Large","PSD-HE-XL","2025-04-01","United States","2025-04-09",1,65,0,0,65,0,65
"Hybrid Breville 54/58mm Portafilter - Versatile and Easy to Use","Breville 54 / Black Full POM","PF02BR54-FullPOM-HY","2025-04-01","United States","2025-04-26",1,115,-11.5,0,103.5,0,103.5
"53.5 & 58.5mm Puck Diffuser Screen","58.5mm","PSD-puck","2025-04-01","Germany","2025-04-14",1,20.45,-2.05,0,18.4,0,18.4
"High Extraction He[%] Filter Baskets for a Fuller Coffee Experience","Pesado He[%] Basket - Large","PSD-HE-LG","2025-04-01","United States","2025-04-26",2,123.82,-6.5,0,117.32,6.18,123.5
"High Diffusion Espresso Shower Screen","LM - HD Shower Screen","PSD-HD-LM","2025-04-01","Germany","2025-04-13",1,56.74,0,0,56.74,0,56.74
"High Extraction He[%] Filter Baskets for a Fuller Coffee Experience","Pesado He[%] Basket - Medium","PSD-HE-ME","2025-04-01","Philippines","2025-04-29",1,67.75,0,0,67.75,0,67.75
"High Diffusion Espresso Shower Screen","E61 - HD Shower Screen","PSD-HD-E61","2025-04-01","United States","2025-04-23",13,767,-17.7,0,749.3,0,749.3
"High Extraction He[%] Filter Baskets for a Fuller Coffee Experience","Pesado He[%] Basket - Large","PSD-HE-LG","2025-04-01","United States","2025-04-15",2,130,0,0,130,0,130
"High Diffusion Espresso Shower Screen","E61 - HD Shower Screen","PSD-HD-E61","2025-04-01","Kuwait","2025-04-24",1,59,0,0,59,0,59
"High Extraction He[%] Filter Baskets for a Fuller Coffee Experience","Pesado He[%] Basket - X-Large","PSD-HE-XL","2025-04-01","United States","2025-04-04",3,195,0,0,195,0,195
"53.5 & 58.5mm Puck Diffuser Screen","58.5mm","PSD-puck","2025-04-01","United States","2025-04-14",1,20,0,0,20,0,20
"High Diffusion Espresso Shower Screen","E61 - HD Shower Screen","PSD-HD-E61","2025-04-01","Oman","2025-04-25",5,295,-29.5,0,265.5,0,265.5
"Hybrid LM/E61/NS/GA Portafilter - Versatile Bottomless & Spouted","E61 5mm / White | Silver","PF02MV-WSL-HY","2025-04-01","United States","2025-04-30",1,137,-13.7,0,123.3,0,123.3
"High Diffusion Espresso Shower Screen","E61 - HD Shower Screen","PSD-HD-E61","2025-04-01","United States","2025-04-07",6,350.66,-11.8,0,338.86,3.34,342.2
"53.5 & 58.5mm Puck Diffuser Screen","53.5mm","PSD-puck-54","2025-04-01","United States","2025-04-22",-2,0,0,-36,-36,0,-36
"Hybrid LM/E61/NS/GA Portafilter - Versatile Bottomless & Spouted","La Marzocco 6mm / Black | Riga","PF02LMBK-Riga-HY","2025-04-01","United States","2025-04-03",1,145,0,0,145,0,145
"High Extraction He[%] Filter Baskets for a Fuller Coffee Experience","Pesado He[%] Basket - X-Large","PSD-HE-XL","2025-04-01","United States","2025-04-20",1,65,0,0,65,0,65
"Hybrid LM/E61/NS/GA Portafilter - Versatile Bottomless & Spouted","La Marzocco 6mm / Black | Silver","PF02LM-BSL-HY","2025-04-01","United States","2025-04-11",1,137,0,0,137,0,137
"High Extraction He[%] Filter Baskets for a Fuller Coffee Experience","Pesado He[%] Basket - X-Large","PSD-HE-XL","2025-04-01","United States","2025-04-23",1,65,0,0,65,0,65
"Single-Dose Coffee Tubes (Bean Cellar 4-Pack)","Default Title","PSD-beantube","2025-04-01","United States","2025-04-03",3,81,0,0,81,0,81
"High Extraction He[%] Filter Baskets for a Fuller Coffee Experience","Pesado He[%] Basket - Large","PSD-HE-LG","2025-04-01","United States","2025-04-12",3,195,-6.5,0,188.5,0,188.5
"Stainless Steel Clump Crusher V2.0 (WDT espresso distribution tool)","Black","V2-PSDcrusher-Black","2025-04-01","United States","2025-04-05",1,34.35,-3.44,0,30.91,0,30.91
"Modular Portafilter Handles","Black / Iris","PSDHMODBKIRIS","2025-04-01","Hong Kong","2025-04-16",1,56.18,0,0,56.18,0,56.18
"Pesado 58.5 Portafilter Hybrid Head - Versatile & Easy to Use","LM/E61 & NS/BR58mm Hybrid Attachment Only","PSDHY","2025-04-01","United States","2025-04-11",1,25,0,0,25,0,25
"High Diffusion Espresso Shower Screen","E61 - HD Shower Screen","PSD-HD-E61","2025-04-01","United States","2025-04-04",9,531,-11.8,0,519.2,0,519.2
"Bottomless LM/E61/NS/GA Portafilter (Hybrid)","Breville 54mm / Black Full POM","PF00BR54-FullPOM-HY","2025-04-01","United States","2025-04-03",1,90,-9,0,81,0,81
"High Extraction He[%] Filter Baskets for a Fuller Coffee Experience","Pesado He[%] Basket - X-Large","PSD-HE-XL","2025-04-01","United States","2025-04-07",1,65,0,0,65,0,65
"High Extraction He[%] Filter Baskets for a Fuller Coffee Experience","Pesado He[%] Basket - Large","PSD-HE-LG","2025-04-01","Netherlands","2025-04-28",1,66.91,0,0,66.91,0,66.91
"53.5 & 58.5mm Puck Diffuser Screen","58.5mm","PSD-puck","2025-04-01","United States","2025-04-13",2,40,0,0,40,0,40
"Pesado EP Filter Basket","EP-20g","EP-20g","2025-04-01","United States","2025-04-11",1,20,0,0,20,0,20
"Hybrid Breville 54/58mm Portafilter - Versatile and Easy to Use","Breville 58 / Black | Iris","PF02BR58BK-Iris-HY","2025-04-01","United States","2025-04-09",1,145,0,0,145,0,145
"High Diffusion Espresso Shower Screen","E61 - HD Shower Screen","PSD-HD-E61","2025-04-01","United States","2025-04-20",7,413,0,0,413,0,413
"53.5 & 58.5mm Puck Diffuser Screen","53.5mm","PSD-puck-54","2025-04-01","United States","2025-04-05",3,60,-2,0,58,0,58
"Pesado 58.5 Portafilter Hybrid Head - Versatile & Easy to Use","LM/E61 & NS/BR58mm Hybrid Attachment Only","PSDHY","2025-04-01","United States","2025-04-27",1,25,-2.5,0,22.5,0,22.5
"53.5 & 58.5mm Puck Diffuser Screen","58.5mm","PSD-puck","2025-04-01","Denmark","2025-04-13",1,20.53,0,0,20.53,0,20.53
"Bottomless LM/E61/NS/GA Portafilter (Hybrid)","E61 5mm / White Full POM","PF00MV-WHPOM-HY","2025-04-01","United States","2025-04-04",1,90,-9,0,81,0,81
"High Extraction He[%] Filter Baskets for a Fuller Coffee Experience","Pesado He[%] Basket - Large","PSD-HE-LG","2025-04-01","United States","2025-04-17",1,65,-6.5,0,58.5,0,58.5
"Precision 58mm Breville Bundle: 58mm Portafilter & He[%] Basket","Black","PRE-BR58-SET","2025-04-01","United States","2025-04-01",1,202,-20.2,0,181.8,0,181.8
"Magnetic Espresso Dosing Ring","54mm Dosing Ring / Black","V2-PSDring-54mm","2025-04-01","United States","2025-04-05",1,22.5,-2.25,0,20.25,0,20.25
"Pesado Black Ripple Set","Precision Barista Jug Sharp Spout","PSDjug-BK","2025-04-01","Taiwan","2025-04-18",3,105.12,-15.77,0,89.35,0,89.35
"High Diffusion Espresso Shower Screen","E61 - HD Shower Screen","PSD-HD-E61","2025-04-01","United States","2025-04-25",5,295,-5.9,0,289.1,0,289.1
"Espresso Shot Mirror","Default Title","PSDshot-mirror","2025-04-01","United States","2025-04-26",1,28,0,0,28,0,28
"53.5 & 58.5mm Puck Diffuser Screen","53.5mm","PSD-puck-54","2025-04-01","United States","2025-04-08",1,20,-20,0,0,0,0
"Bottomless LM/E61/NS/GA Portafilter (Hybrid)","Breville 54mm / Black Full POM","PF00BR54-FullPOM-HY","2025-04-01","United States","2025-04-22",1,90,0,0,90,0,90
"Maximum Distribution Bundle","Black","DistributionBundle","2025-04-01","Canada","2025-04-11",1,219.46,0,0,219.46,0,219.46
"Pesado Black Ripple Set","Black Ripple Set","PSDBlackRippleSet","2025-04-01","United States","2025-04-17",1,60.6,-6.06,0,54.54,0,54.54
"High Diffusion Espresso Shower Screen","LM - HD Shower Screen","PSD-HD-LM","2025-04-01","United States","2025-04-11",8,440,0,0,440,0,440
"Sunrise Ceramic Coffee Cup and Saucer Set (White)","Default Title","PSD-CeramicSet","2025-04-01","United States","2025-04-24",1,10,0,0,10,0,10
"Modular Portafilter Handles","White / Silver",,"2025-04-01","United States","2025-04-16",1,55,0,0,55,0,55
"Impact Gravity Espresso Grounds Distributor (58.4mm)","Black","V2-PSD-distributor","2025-04-01","United States","2025-04-03",2,240,0,0,240,0,240
"High Extraction He[%] Filter Baskets for a Fuller Coffee Experience","Pesado He[%] Basket - Medium","PSD-HE-ME","2025-04-01","United States","2025-04-10",1,65,0,0,65,0,65
"High Diffusion Espresso Shower Screen","LM - HD Shower Screen","PSD-HD-LM","2025-04-01","Canada","2025-04-13",1,56.19,0,0,56.19,0,56.19
"High Extraction He[%] Filter Baskets for a Fuller Coffee Experience","Pesado He[%] Basket - Small","PSD-HE-SM","2025-04-01","United States","2025-04-05",1,65,-6.5,0,58.5,0,58.5
"High Diffusion Espresso Shower Screen","LM - HD Shower Screen","PSD-HD-LM","2025-04-01","United States","2025-04-27",-2,0,0,-104.5,-104.5,0,-104.5
"Breville 54mm Portafilter & Basket Precision Bundle","Black","PRE-BR54-SET","2025-04-01","United States","2025-04-24",1,214.85,0,0,214.85,0,214.85
"High Extraction He[%] 54mm Breville Filter Basket - Dosing 18g-20g","Default Title","PSD-HE-54","2025-04-01","United States","2025-04-04",1,65,-6.5,0,58.5,0,58.5
"Impact Gravity Espresso Grounds Distributor (58.4mm)","Black","V2-PSD-distributor","2025-04-01","United States","2025-04-19",1,120,0,0,120,0,120
"Pesado Single Dose Coffee Cellar Stand + 4 Pack of Bean Cellars","Default Title","PSD-Beanstand-combo","2025-04-01","United States","2025-04-21",1,75,0,0,75,0,75
"High Diffusion Espresso Shower Screen","E61 - HD Shower Screen","PSD-HD-E61","2025-04-01","Netherlands","2025-04-24",2,120.54,-6.03,0,114.51,0,114.51
"High Extraction He[%] 54mm Breville Filter Basket - Dosing 18g-20g","Default Title","PSD-HE-54","2025-04-01","Japan","2025-04-07",1,66.7,-6.67,0,60.03,0,60.03
"Modular Portafilter Handles","White / Riga",,"2025-04-01","United States","2025-04-29",1,55,-5.5,0,49.5,0,49.5
"High Extraction He[%] Filter Baskets for a Fuller Coffee Experience","Pesado He[%] Basket - Medium","PSD-HE-ME","2025-04-01","United States","2025-04-26",1,65,-6.5,0,58.5,0,58.5
"53.5 & 58.5mm Puck Diffuser Screen","58.5mm","PSD-puck","2025-04-01","United Kingdom","2025-04-07",2,41.08,-4.11,0,36.97,0,36.97
"High Diffusion Espresso Shower Screen","E61 - HD Shower Screen","PSD-HD-E61","2025-04-01","Israel","2025-04-10",1,60.23,-6.02,0,54.21,0,54.21
"High Diffusion Espresso Shower Screen","LM - HD Shower Screen","PSD-HD-LM","2025-04-01","Taiwan","2025-04-12",2,112.26,0,0,112.26,0,112.26
"High Extraction He[%] Filter Baskets for a Fuller Coffee Experience","Pesado He[%] Basket - Small","PSD-HE-SM","2025-04-01","United States","2025-04-21",-1,0,0,-65,-65,0,-65
"High Diffusion Espresso Shower Screen","LM - HD Shower Screen","PSD-HD-LM","2025-04-01","United States","2025-04-14",9,495,-16.5,0,478.5,0,478.5
"High Extraction He[%] 54mm Breville Filter Basket - Dosing 18g-20g","Default Title","PSD-HE-54","2025-04-01","United States","2025-04-09",1,65,-6.5,0,58.5,0,58.5
"Impact Gravity Espresso Grounds Distributor (58.4mm)","Black","V2-PSD-distributor","2025-04-01","United States","2025-04-22",2,240,0,0,240,0,240
"High Diffusion Espresso Shower Screen","LM - HD Shower Screen","PSD-HD-LM","2025-04-01","Taiwan","2025-04-01",4,224.48,-22.44,0,202.04,0,202.04
"Bottomless LM/E61/NS/GA Portafilter (Hybrid)","E61 5mm / Black / Silver","PF00MV-BSL-HY","2025-04-01","United States","2025-04-15",2,224,0,0,224,0,224
"High Extraction He[%] Filter Baskets for a Fuller Coffee Experience","Pesado He[%] Basket - Large","PSD-HE-LG","2025-04-01","Singapore","2025-04-18",1,66.31,0,0,66.31,0,66.31
"High Extraction He[%] Filter Baskets for a Fuller Coffee Experience","Pesado He[%] Basket - Medium","PSD-HE-ME","2025-04-01","United States","2025-04-15",0,65,0,-65,0,0,0
"High Extraction He[%] Filter Baskets for a Fuller Coffee Experience","Pesado He[%] Basket - Small","PSD-HE-SM","2025-04-01","United States","2025-04-24",1,65,0,0,65,0,65
"Hybrid LM/E61/NS/GA Portafilter - Versatile Bottomless & Spouted","La Marzocco 6mm / White | Silver","PF02LM-WSL-HY","2025-04-01","Singapore","2025-04-15",1,139.77,-13.98,0,125.79,0,125.79
"Spring-Loaded Self-Leveling Tamper – Pesado x AD Coffee","Default Title","PSD-ADcoffee-Tamper","2025-04-01","United States","2025-04-27",1,120,-12,0,108,0,108
"High Extraction He[%] 54mm Breville Filter Basket - Dosing 18g-20g","Default Title","PSD-HE-54","2025-04-01","United States","2025-04-25",1,65,-9.75,0,55.25,0,55.25
"Modular Puck Screen Holder - Aluminum Matte Black","Default Title","PSD-PuckHolder","2025-04-01","Qatar","2025-04-10",1,18.38,0,0,18.38,0,18.38
"Stainless Steel Milk Jug With Round Spout - 16.5oz / 490ml","Default Title","PSDjugWH","2025-04-01","United States","2025-04-25",1,34.35,0,0,34.35,0,34.35
"53.5 & 58.5mm Puck Diffuser Screen","58.5mm","PSD-puck","2025-04-01","United States","2025-04-16",1,20,0,0,20,0,20
"High Diffusion Espresso Shower Screen","LM - HD Shower Screen","PSD-HD-LM","2025-04-01","Hong Kong","2025-04-16",1,56.18,0,0,56.18,0,56.18
"High Diffusion Espresso Shower Screen","E61 - HD Shower Screen","PSD-HD-E61","2025-04-01","United States","2025-04-09",4,236,-5.9,0,230.1,0,230.1
"Pesado 58.5 Portafilter Hybrid Head - Versatile & Easy to Use","E61 5mm Hybrid","PFH02MV-HY","2025-04-01","United States","2025-04-22",2,185,-175.75,0,9.25,0,9.25
"High Extraction He[%] Filter Baskets for a Fuller Coffee Experience","Pesado He[%] Basket - Large","PSD-HE-LG","2025-04-01","Thailand","2025-04-29",1,66.32,-6.63,0,59.69,0,59.69
"Spring-Loaded Self-Leveling Tamper – Pesado x AD Coffee","Default Title","PSD-ADcoffee-Tamper","2025-04-01","United States","2025-04-15",1,120,0,0,120,0,120
"Pesado EP Filter Basket","EP-18g","EP-18g","2025-04-01","United States","2025-04-17",-1,0,0,-20,-20,0,-20
"Bottomless LM/E61/NS/GA Portafilter (Hybrid)","E61 5mm / Black / Iris","PF00MVBK-Iris-HY","2025-04-01","Germany","2025-04-20",1,122.98,0,0,122.98,0,122.98
"Precision Espresso Portafilter & Basket Bundle - LM & E61","E61 5mm / Black","PRE_SETMV","2025-04-01","United States","2025-04-15",1,202,0,0,202,0,202
"High Diffusion Espresso Shower Screen","LM - HD Shower Screen","PSD-HD-LM","2025-04-01","Netherlands","2025-04-17",1,56.69,0,0,56.69,0,56.69
"Precision 58mm Breville Bundle: 58mm Portafilter & He[%] Basket","Black","PRE-BR58-SET","2025-04-01","South Korea","2025-04-03",1,176.55,0,0,176.55,0,176.55
"High Diffusion Espresso Shower Screen","LM - HD Shower Screen","PSD-HD-LM","2025-04-01","United States","2025-04-10",4,220,0,0,220,0,220
"Modular Puck Screen Holder - Aluminum Matte Black","Default Title","PSD-PuckHolder","2025-04-01","United States","2025-04-04",2,36,0,0,36,0,36
"High Diffusion Espresso Shower Screen","LM - HD Shower Screen","PSD-HD-LM","2025-04-01","Australia","2025-04-18",1,50,-5,0,45,4.5,49.5
"Wooden Clump Crusher - WDT Distribution Tool for Fluffy Espresso Puck","Iris","PSDcrusherIRIS","2025-04-01","United States","2025-04-19",1,34.35,-3.43,0,30.92,0,30.92
"Bottomless LM/E61/NS/GA Portafilter (Hybrid)","E61 5mm / White / Dusk","PF00MV-WDK-HY","2025-04-01","United States","2025-04-12",1,120,0,0,120,0,120
"High Diffusion Espresso Shower Screen","E61 - HD Shower Screen","PSD-HD-E61","2025-04-01","Singapore","2025-04-23",1,60.83,0,0,60.83,0,60.83
"High Extraction He[%] Filter Baskets for a Fuller Coffee Experience","Pesado He[%] Basket - Large","PSD-HE-LG","2025-04-01","United Kingdom","2025-04-07",1,66.76,-6.68,0,60.08,0,60.08
"High Diffusion Espresso Shower Screen","LM - HD Shower Screen","PSD-HD-LM","2025-04-01","Taiwan","2025-04-29",2,112.24,0,0,112.24,0,112.24
"High Extraction He[%] Filter Baskets for a Fuller Coffee Experience","Pesado He[%] Basket - Medium","PSD-HE-ME","2025-04-01","United States","2025-04-11",3,195,0,0,195,0,195
"High Extraction He[%] Filter Baskets for a Fuller Coffee Experience","Pesado He[%] Basket - Medium","PSD-HE-ME","2025-04-01","Philippines","2025-04-17",1,67.1,-67.1,0,0,0,0
"High Diffusion Espresso Shower Screen","E61 - HD Shower Screen","PSD-HD-E61","2025-04-01","Netherlands","2025-04-09",1,60.65,0,0,60.65,0,60.65
"Pesado EP Filter Basket","EP-22g","EP-22g","2025-04-01","United States","2025-04-09",1,20,-2,0,18,0,18
"Milk Jug with Sharp Spout - 16.5oz / 490ml","Default Title","PSDjug","2025-04-01","Hong Kong","2025-04-12",1,35.08,0,0,35.08,0,35.08
"Pesado EP Filter Basket","EP-20g","EP-20g","2025-04-01","Switzerland","2025-04-12",1,20.85,-2.09,0,18.76,0,18.76
"High Extraction He[%] 54mm Breville Filter Basket - Dosing 18g-20g","Default Title","PSD-HE-54","2025-04-01","United States","2025-04-05",2,130,-6.5,0,123.5,0,123.5
"Pesado 58.5 Portafilter Hybrid Head - Versatile & Easy to Use","E61 5mm Hybrid","PFH02MV-HY","2025-04-01","United States","2025-04-30",1,92.5,0,0,92.5,0,92.5
"High Diffusion Espresso Shower Screen","E61 - HD Shower Screen","PSD-HD-E61","2025-04-01","Australia","2025-04-21",1,53.63,-5.36,0,48.27,4.83,53.1
"High Diffusion Espresso Shower Screen","LM - HD Shower Screen","PSD-HD-LM","2025-04-01","United States","2025-04-26",7,385,-5.5,0,379.5,0,379.5
"High Extraction He[%] Filter Baskets for a Fuller Coffee Experience","Pesado He[%] Basket - Small","PSD-HE-SM","2025-04-01","United States","2025-04-20",1,65,0,0,65,0,65
"Portafilter with a Double Spout for Espresso Machines","Breville 54 / Black | Silver","PF02BR54-BSL","2025-04-01","United States","2025-04-13",1,112,-11.2,0,100.8,0,100.8
"High Extraction He[%] Filter Baskets for a Fuller Coffee Experience","Pesado He[%] Basket - Medium","PSD-HE-ME","2025-04-01","United States","2025-04-27",-1,0,0,-58.5,-58.5,0,-58.5
"53.5 & 58.5mm Puck Diffuser Screen","58.5mm","PSD-puck","2025-04-01","New Zealand","2025-04-15",1,20.65,0,0,20.65,0,20.65
"High Diffusion Espresso Shower Screen","LM - HD Shower Screen","PSD-HD-LM","2025-04-01","Taiwan","2025-04-13",4,224.52,0,0,224.52,0,224.52
"Alloy Modular Stand for Clump Crusher (WDT tool)","Default Title","PSDcrusher-Stand","2025-04-01","New Zealand","2025-04-15",1,18.88,0,0,18.88,0,18.88
"Magnetic Espresso Dosing Ring","58mm Dosing Ring / Black","V2-PSDring-58mm","2025-04-01","United States","2025-04-15",1,22.5,0,0,22.5,0,22.5
"Impact Gravity Espresso Grounds Distributor (58.4mm)","Black","V2-PSD-distributor","2025-04-01","United States","2025-04-23",1,120,-24,0,96,0,96
"Pesado EP Filter Basket","EP-18g","EP-18g","2025-04-01","United States","2025-04-12",1,20,-2,0,18,0,18
"High Diffusion Espresso Shower Screen","LM - HD Shower Screen","PSD-HD-LM","2025-04-01","United States","2025-04-15",11,605,0,0,605,0,605
"Hybrid LM/E61/NS/GA Portafilter - Versatile Bottomless & Spouted","E61 5mm / Black | Silver","PF02MV-BSL-HY","2025-04-01","United States","2025-04-22",1,137,0,0,137,0,137
"Wooden Clump Crusher - WDT Distribution Tool for Fluffy Espresso Puck","Riga","PSDcrusherRIGA","2025-04-01","New Zealand","2025-04-15",1,35.41,0,0,35.41,0,35.41
"High Extraction He[%] Filter Baskets for a Fuller Coffee Experience","Pesado He[%] Basket - Medium","PSD-HE-ME","2025-04-01","United States","2025-04-14",3,195,-13,0,182,0,182
"Maximum Distribution Bundle","Black","DistributionBundle","2025-04-01","United States","2025-04-12",1,214.85,0,0,214.85,0,214.85
"Milk Jug with Sharp Spout - 16.5oz / 490ml","Default Title","PSDjug","2025-04-01","United States","2025-04-10",3,103.05,-6.87,0,96.18,0,96.18
"Stand for (WDT) Clump Crusher 2.0","Default Title","V2-PSDcrusher-Stand","2025-04-01","United States","2025-04-22",1,18,-1.8,0,16.2,0,16.2
"Pesado Single Dose Coffee Cellar Stand + 4 Pack of Bean Cellars","Default Title","PSD-Beanstand-combo","2025-04-01","United States","2025-04-25",1,75,0,0,75,0,75
"Magnetic Espresso Dosing Ring","58mm Dosing Ring / Black","V2-PSDring-58mm","2025-04-01","United States","2025-04-26",1,22.5,-2.25,0,20.25,0,20.25
"Impact Gravity Espresso Grounds Distributor (58.4mm)","Black","V2-PSD-distributor","2025-04-01","United States","2025-04-07",1,120,0,0,120,0,120
"Espresso Shot Mirror","Default Title","PSDshot-mirror","2025-04-01","Kuwait","2025-04-24",1,28,0,0,28,0,28
"Spring-Loaded Self-Leveling Tamper – Pesado x AD Coffee","Default Title","PSD-ADcoffee-Tamper","2025-04-01","United States","2025-04-26",1,120,-12,0,108,0,108
"Sunrise Ceramic Coffee Cup and Saucer Set (White)","Default Title","PSD-CeramicSet","2025-04-01","United States","2025-04-20",2,20,-3,0,17,0,17
"Portafilter with a Double Spout for Espresso Machines","La Marzocco / E61 / Black | Bronze","PF02LM-BBZ","2025-04-01","United States","2025-04-17",1,112,-11.2,0,100.8,0,100.8
"High Diffusion Espresso Shower Screen","LM - HD Shower Screen","PSD-HD-LM","2025-04-01","Taiwan","2025-04-16",1,56.1,0,0,56.1,0,56.1
"Pesado Single Dose Coffee Cellar Stand + 4 Pack of Bean Cellars","Default Title","PSD-Beanstand-combo","2025-04-01","United States","2025-04-09",1,75,0,0,75,0,75
"High Extraction He[%] Filter Baskets for a Fuller Coffee Experience","Pesado He[%] Basket - Large","PSD-HE-LG","2025-04-01","United States","2025-04-13",1,65,-9.75,0,55.25,0,55.25
"High Extraction He[%] Filter Baskets for a Fuller Coffee Experience","Pesado He[%] Basket - X-Large","PSD-HE-XL","2025-04-01","United States","2025-04-22",2,130,-6.5,0,123.5,0,123.5
"High Diffusion Espresso Shower Screen","E61 - HD Shower Screen","PSD-HD-E61","2025-04-01","United States","2025-04-05",14,826,-17.7,0,808.3,0,808.3
"High Diffusion Espresso Shower Screen","LM - HD Shower Screen","PSD-HD-LM","2025-04-01","Norway","2025-04-17",2,110,0,0,110,0,110
"53.5 & 58.5mm Puck Diffuser Screen","58.5mm","PSD-puck","2025-04-01","United States","2025-04-28",1,20,0,0,20,0,20
"High Extraction He[%] Filter Baskets for a Fuller Coffee Experience","Pesado He[%] Basket - Large","PSD-HE-LG","2025-04-01","United States","2025-04-29",1,65,0,0,65,0,65
"Pesado 58.5 Portafilter Hybrid Head - Versatile & Easy to Use","La Marzocco 6mm Hybrid","PFH02LM-HY","2025-04-01","United States","2025-04-24",1,92.5,0,0,92.5,0,92.5
"Coffee Tamper: 58.5mm & 53.5mm","58.5mm With Black Base / Black / Black","PSDT-BKBase-BBK","2025-04-01","Philippines","2025-04-17",1,91.82,-91.82,0,0,0,0
"High Diffusion Espresso Shower Screen","LM - HD Shower Screen","PSD-HD-LM","2025-04-01","Singapore","2025-04-21",1,56.67,0,0,56.67,0,56.67
"High Diffusion Espresso Shower Screen","E61 - HD Shower Screen","PSD-HD-E61","2025-04-01","United States","2025-04-21",3,295,0,-118,177,0,177
"Espresso Shot Mirror","Default Title","PSDshot-mirror","2025-04-01","United States","2025-04-14",1,28,0,0,28,0,28
"Gravity Coffee Distributor 53.5mm","54 mm","PSD-distributor-54m","2025-04-01","United States","2025-04-15",1,110,0,0,110,0,110
"High Diffusion Espresso Shower Screen","LM - HD Shower Screen","PSD-HD-LM","2025-04-01","Hong Kong","2025-04-12",1,56.23,0,0,56.23,0,56.23
"53.5 & 58.5mm Puck Diffuser Screen","58.5mm","PSD-puck","2025-04-01","United States","2025-04-12",2,40,-4,0,36,0,36
"Precision Espresso Portafilter & Basket Bundle - LM & E61","E61 5mm / Black","PRE_SETMV","2025-04-01","Australia","2025-04-21",1,202,-30.3,0,171.7,0,171.7
"High Extraction He[%] Filter Baskets for a Fuller Coffee Experience","Pesado He[%] Basket - Large","PSD-HE-LG","2025-04-01","United States","2025-04-16",2,130,0,0,130,0,130
"High Diffusion Espresso Shower Screen","E61 - HD Shower Screen","PSD-HD-E61","2025-04-01","Philippines","2025-04-25",2,120.78,0,0,120.78,0,120.78
"Espresso Shot Mirror","Default Title","PSDshot-mirror","2025-04-01","United States","2025-04-27",0,28,-2.8,-28,-2.8,0,-2.8
"High Diffusion Espresso Shower Screen","E61 - HD Shower Screen","PSD-HD-E61","2025-04-01","United States","2025-04-24",8,472,-11.8,0,460.2,0,460.2
"53.5 & 58.5mm Puck Diffuser Screen","58.5mm","PSD-puck","2025-04-01","United States","2025-04-01",2,40,0,0,40,0,40
"Gravity Coffee Distributor 53.5mm","54 mm","PSD-distributor-54m","2025-04-01","United States","2025-04-26",1,110,0,0,110,0,110
"Pesado EP Filter Basket","EP-Breville54-18g","EP-BR-18g","2025-04-01","United States","2025-04-01",1,20,0,0,20,0,20
"High Extraction He[%] Filter Baskets for a Fuller Coffee Experience","Pesado He[%] Basket - Large","PSD-HE-LG","2025-04-01","Bahrain","2025-04-01",1,65,-6.5,0,58.5,0,58.5
"High Diffusion Espresso Shower Screen","E61 - HD Shower Screen","PSD-HD-E61","2025-04-01","United States","2025-04-08",5,354,-17.7,-53.1,283.2,0,283.2
"53.5 & 58.5mm Puck Diffuser Screen","53.5mm","PSD-puck-54","2025-04-01","United States","2025-04-25",1,20,-3,0,17,0,17
"Naked/Bottomless Portafilter - Head Only (HYBRID)","E61 5mm","PFH00MV-HY","2025-04-01","United States","2025-04-25",1,67.5,-6.75,0,60.75,0,60.75
"53.5 & 58.5mm Puck Diffuser Screen","58.5mm","PSD-puck","2025-04-01","United States","2025-04-17",2,40,-2,0,38,0,38
"Impact Gravity Espresso Grounds Distributor (58.4mm)","Black","V2-PSD-distributor","2025-04-01","United States","2025-04-14",2,240,-12,0,228,0,228
"High Extraction He[%] 54mm Breville Filter Basket - Dosing 18g-20g","Default Title","PSD-HE-54","2025-04-01","United States","2025-04-01",1,65,0,0,65,0,65
"Spring-Loaded Self-Leveling Tamper – Pesado x AD Coffee","Default Title","PSD-ADcoffee-Tamper","2025-04-01","United States","2025-04-03",1,120,0,0,120,0,120
"Modular Puck Screen Holder - Aluminum Matte Black","Default Title","PSD-PuckHolder","2025-04-01","United States","2025-04-16",4,72,0,0,72,0,72
"High Diffusion Espresso Shower Screen","LM - HD Shower Screen","PSD-HD-LM","2025-04-01","United States","2025-04-22",13,715,-11,0,704,0,704
"High Extraction He[%] Filter Baskets for a Fuller Coffee Experience","Pesado He[%] Basket - X-Large","PSD-HE-XL","2025-04-01","Australia","2025-04-22",-1,0,0,-65,-65,0,-65
"High Diffusion Espresso Shower Screen","E61 - HD Shower Screen","PSD-HD-E61","2025-04-01","Indonesia","2025-04-19",1,60.2,0,0,60.2,0,60.2
"High Extraction He[%] Filter Baskets for a Fuller Coffee Experience","Pesado He[%] Basket - Medium","PSD-HE-ME","2025-04-01","United States","2025-04-23",2,130,-78,0,52,0,52
"Pesado Single Dose Coffee Cellar Stand + 4 Pack of Bean Cellars","Default Title","PSD-Beanstand-combo","2025-04-01","United States","2025-04-16",1,70.09,0,0,70.09,4.91,75
"Magnetic Espresso Dosing Ring","58mm Dosing Ring / Black","V2-PSDring-58mm","2025-04-01","United States","2025-04-19",2,45,-4.5,0,40.5,0,40.5
"High Extraction He[%] 54mm Breville Filter Basket - Dosing 18g-20g","Default Title","PSD-HE-54","2025-04-01","United States","2025-04-17",2,130,0,0,130,0,130
"Pesado Portafilter Tamping Station","Default Title","PSD-TampingStation","2025-04-01","United States","2025-04-02",1,119.99,-12.01,0,107.98,0,107.98
"High Diffusion Espresso Shower Screen","LM - HD Shower Screen","PSD-HD-LM","2025-04-01","United States","2025-04-06",5,266.61,-5.5,0,261.11,8.39,269.5
"High Extraction He[%] Filter Baskets for a Fuller Coffee Experience","Pesado He[%] Basket - Medium","PSD-HE-ME","2025-04-01","United States","2025-04-07",1,61.32,0,0,61.32,3.68,65
"High Extraction He[%] Filter Baskets for a Fuller Coffee Experience","Pesado He[%] Basket - Large","PSD-HE-LG","2025-04-01","United Kingdom","2025-04-11",1,67.66,0,0,67.66,0,67.66
"Magnetic Espresso Dosing Ring","58mm Dosing Ring / Black","V2-PSDring-58mm","2025-04-01","Germany","2025-04-20",1,23.87,0,0,23.87,0,23.87
"Modular Portafilter Handles","Black / Bronze","PSDHMODBBZ","2025-04-01","United States","2025-04-23",1,55,-5.5,0,49.5,0,49.5
"Hybrid Breville 54/58mm Portafilter - Versatile and Easy to Use","Breville 54 / White | Gold","PF02BR54-WGD-HY","2025-04-01","United States","2025-04-25",1,137,-20.55,0,116.45,0,116.45
"High Diffusion Espresso Shower Screen","E61 - HD Shower Screen","PSD-HD-E61","2025-04-01","Netherlands","2025-04-13",1,61.28,-6.12,0,55.16,0,55.16
"Sunrise Ceramic Coffee Cup and Saucer Set (White)","Default Title","PSD-CeramicSet","2025-04-01","United States","2025-04-16",2,20,0,0,20,0,20
"Spring-Loaded Self-Leveling Tamper – Pesado x AD Coffee","Default Title","PSD-ADcoffee-Tamper","2025-04-01","United States","2025-04-22",1,120,0,0,120,0,120
"High Extraction He[%] 54mm Breville Filter Basket - Dosing 18g-20g","Default Title","PSD-HE-54","2025-04-01","United States","2025-04-28",1,65,0,0,65,0,65
"Hybrid LM/E61/NS/GA Portafilter - Versatile Bottomless & Spouted","E61 5mm / Black | Silver","PF02MV-BSL-HY","2025-04-01","United States","2025-04-10",1,137,-13.7,0,123.3,0,123.3
"Pesado Portafilter Tamping Station","Default Title","PSD-TampingStation","2025-04-01","United States","2025-04-07",1,119.99,0,0,119.99,0,119.99
"High Diffusion Espresso Shower Screen","LM - HD Shower Screen","PSD-HD-LM","2025-04-01","United States","2025-04-03",8,440,-22,0,418,0,418
"Coffee Tamper: 58.5mm & 53.5mm","58.5mm / Black / Silver","PSDTMBSl","2025-04-01","United States","2025-04-11",1,90,0,0,90,0,90
"Pesado EP Filter Basket","EP-18g","EP-18g","2025-04-01","United States","2025-04-24",1,20,0,0,20,0,20
"High Extraction He[%] Filter Baskets for a Fuller Coffee Experience","Pesado He[%] Basket - Medium","PSD-HE-ME","2025-04-01","Germany","2025-04-14",1,67.14,-6.71,0,60.43,0,60.43
"High Diffusion Espresso Shower Screen","E61 - HD Shower Screen","PSD-HD-E61","2025-04-01","Switzerland","2025-04-23",1,60.28,-9.04,0,51.24,0,51.24
"Dosing Bundle","Black","DOSING_B","2025-04-01","Taiwan","2025-04-18",1,40.01,-6,0,34.01,0,34.01
"Impact Gravity Espresso Grounds Distributor (58.4mm)","Black","V2-PSD-distributor","2025-04-01","United States","2025-04-27",0,120,-24,-96,0,0,0
"High Diffusion Espresso Shower Screen","LM - HD Shower Screen","PSD-HD-LM","2025-04-01","United States","2025-04-19",6,330,-5.5,0,324.5,0,324.5
"High Extraction He[%] Filter Baskets for a Fuller Coffee Experience","Pesado He[%] Basket - Medium","PSD-HE-ME","2025-04-01","United States","2025-04-18",3,195,0,0,195,0,195
"Modular Portafilter Handles","Black / Riga","PSDHMODBKRIGA","2025-04-01","United States","2025-04-23",1,55,-5,0,50,0,50
"High Extraction He[%] Filter Baskets for a Fuller Coffee Experience","Pesado He[%] Basket - Large","PSD-HE-LG","2025-04-01","Israel","2025-04-27",1,66.54,0,0,66.54,0,66.54
"Stainless Steel Clump Crusher V2.0 (WDT espresso distribution tool)","Silver","V2-PSDcrusher-Silver","2025-04-01","Denmark","2025-04-13",1,35.14,0,0,35.14,0,35.14
"Magnetic Espresso Dosing Ring","58mm Dosing Ring / Black","V2-PSDring-58mm","2025-04-01","United States","2025-04-22",1,22.5,-2.25,0,20.25,0,20.25
"Stand for (WDT) Clump Crusher 2.0","Default Title","V2-PSDcrusher-Stand","2025-04-01","United States","2025-04-26",1,18,0,0,18,0,18
"Single-Dose Coffee Tubes (Bean Cellar 4-Pack)","Default Title","PSD-beantube","2025-04-01","United States","2025-04-26",1,27,-2.7,0,24.3,0,24.3
"High Extraction He[%] Filter Baskets for a Fuller Coffee Experience","Pesado He[%] Basket - Medium","PSD-HE-ME","2025-04-01","Norway","2025-04-22",1,65,0,0,65,0,65
"High Extraction He[%] Filter Baskets for a Fuller Coffee Experience","Pesado He[%] Basket - X-Large","PSD-HE-XL","2025-04-01","United States","2025-04-10",1,65,-6.5,0,58.5,0,58.5
"High Extraction He[%] Filter Baskets for a Fuller Coffee Experience","Pesado He[%] Basket - Large","PSD-HE-LG","2025-04-01","United States","2025-04-25",3,195,0,0,195,0,195
"High Diffusion Espresso Shower Screen","LM - HD Shower Screen","PSD-HD-LM","2025-04-01","United Kingdom","2025-04-21",-1,0,0,-56.66,-56.66,0,-56.66
,"",,"2025-04-01","United States","2025-04-30",2,0,0,0,0,0,0
"Impact Gravity Espresso Grounds Distributor (58.4mm)","Black","V2-PSD-distributor","2025-04-01","United Arab Emirates","2025-04-20",1,122.52,0,0,122.52,0,122.52
"High Diffusion Espresso Shower Screen","E61 - HD Shower Screen","PSD-HD-E61","2025-04-01","United States","2025-04-17",5,354,-11.8,-59,283.2,0,283.2
"Milk Jug with Sharp Spout - 16.5oz / 490ml","Default Title","PSDjug","2025-04-01","South Korea","2025-04-03",1,33.73,0,0,33.73,0,33.73
"Full Moon Wave - Convex Tamper","Black | Iris","PSDT-WAVE-BKIris","2025-04-01","Taiwan","2025-04-13",1,115.56,0,0,115.56,0,115.56
"Espresso Shot Mirror","Default Title","PSDshot-mirror","2025-04-01","Germany","2025-04-26",1,29.48,-2.94,0,26.54,0,26.54
"Full Moon Wave - Convex Tamper","Black | Black","PSDT-WAVE-BBK","2025-04-01","United States","2025-04-10",1,107,-10.7,0,96.3,0,96.3
"High Extraction He[%] Filter Baskets for a Fuller Coffee Experience","Pesado He[%] Basket - Large","PSD-HE-LG","2025-04-01","United States","2025-04-09",1,65,0,0,65,0,65
"Pesado EP Filter Basket","EP-Breville54-18g","EP-BR-18g","2025-04-01","United States","2025-04-08",1,20,0,0,20,0,20
"Bottomless LM/E61/NS/GA Portafilter (Hybrid)","E61 5mm / Black Full POM","PF00MV-FullPOM-HY","2025-04-01","United States","2025-04-30",1,90,0,0,90,0,90
"High Diffusion Espresso Shower Screen","E61 - HD Shower Screen","PSD-HD-E61","2025-04-01","United Kingdom","2025-04-11",1,61.15,0,0,61.15,0,61.15
"High Diffusion Espresso Shower Screen","E61 - HD Shower Screen","PSD-HD-E61","2025-04-01","Saudi Arabia","2025-04-27",1,60.25,0,0,60.25,0,60.25
"Modular Portafilter Handles","Black / Black","PSDHMODBBK","2025-04-01","United States","2025-04-01",1,55,-5.5,0,49.5,0,49.5
"Hybrid LM/E61/NS/GA Portafilter - Versatile Bottomless & Spouted","E61 5mm / Black | Riga","PF02MVBK-Riga-HY","2025-04-01","United States","2025-04-26",1,145,-14.5,0,130.5,0,130.5
"High Diffusion Espresso Shower Screen","E61 - HD Shower Screen","PSD-HD-E61","2025-04-01","United States","2025-04-01",7,413,-11.8,0,401.2,0,401.2
"Maximum Distribution Bundle","Black","DistributionBundle","2025-04-01","South Korea","2025-04-17",1,185.26,-27.79,0,157.47,0,157.47
"High Diffusion Espresso Shower Screen","LM - HD Shower Screen","PSD-HD-LM","2025-04-01","Greece","2025-04-10",1,56.99,0,0,56.99,0,56.99
"Stainless Steel Milk Jug With Round Spout - 16.5oz / 490ml","Default Title","PSDjugWH","2025-04-01","United States","2025-04-17",1,34.35,0,0,34.35,0,34.35
"Pesado Black Ripple Set","58mm Dosing Cup","PSDdosingCup-BK","2025-04-01","United States","2025-04-30",2,52.5,-5.25,0,47.25,0,47.25
"High Extraction He[%] Filter Baskets for a Fuller Coffee Experience","Pesado He[%] Basket - Large","PSD-HE-LG","2025-04-01","United States","2025-04-04",1,65,0,0,65,0,65
"High Extraction He[%] Filter Baskets for a Fuller Coffee Experience","Pesado He[%] Basket - X-Large","PSD-HE-XL","2025-04-01","United States","2025-04-15",1,65,0,0,65,0,65
"High Extraction He[%] Filter Baskets for a Fuller Coffee Experience","Pesado He[%] Basket - Small","PSD-HE-SM","2025-04-01","United Kingdom","2025-04-07",2,133.86,0,0,133.86,0,133.86
"High Diffusion Espresso Shower Screen","LM - HD Shower Screen","PSD-HD-LM","2025-04-01","United Arab Emirates","2025-04-16",1,56.36,0,0,56.36,0,56.36
"Stainless Steel Clump Crusher V2.0 (WDT espresso distribution tool)","Black","V2-PSDcrusher-Black","2025-04-01","United States","2025-04-13",1,34.35,-3.43,0,30.92,0,30.92
"High Extraction He[%] Filter Baskets for a Fuller Coffee Experience","Pesado He[%] Basket - Medium","PSD-HE-ME","2025-04-01","United States","2025-04-30",7,455,-13,0,442,0,442
"Bottomless LM/E61/NS/GA Portafilter (Hybrid)","E61 5mm / Black / Black","PF00MV-BBK-HY","2025-04-01","Philippines","2025-04-17",1,114.77,-114.77,0,0,0,0
"Precision Cut Espresso & Coffee Tamper Base for Maximum Yield","58mm Base Black","BKPSDTBase","2025-04-01","Netherlands","2025-04-09",1,51.85,0,0,51.85,0,51.85
"Espresso Shot Mirror","Default Title","PSDshot-mirror","2025-04-01","United States","2025-04-07",1,28,0,0,28,0,28
"High Diffusion Espresso Shower Screen","E61 - HD Shower Screen","PSD-HD-E61","2025-04-01","United States","2025-04-12",2,118,-11.8,0,106.2,0,106.2
"53.5 & 58.5mm Puck Diffuser Screen","58.5mm","PSD-puck","2025-04-01","United States","2025-04-21",0,20,0,-20,0,0,0
"Stainless Steel Milk Jug With Round Spout - 16.5oz / 490ml","Default Title","PSDjugWH","2025-04-01","United States","2025-04-28",1,34.35,0,0,34.35,0,34.35
"Pesado Portafilter Tamping Station","Default Title","PSD-TampingStation","2025-04-01","United Arab Emirates","2025-04-15",1,122.51,0,0,122.51,0,122.51
"High Extraction He[%] Filter Baskets for a Fuller Coffee Experience","Pesado He[%] Basket - Large","PSD-HE-LG","2025-04-01","United States","2025-04-20",3,195,0,0,195,0,195
"High Diffusion Espresso Shower Screen","LM - HD Shower Screen","PSD-HD-LM","2025-04-01","Belgium","2025-04-13",1,56.74,0,0,56.74,0,56.74
"Hybrid Breville 54/58mm Portafilter - Versatile and Easy to Use","Breville 58 / Black | Silver","PF02BR58-BSL-HY","2025-04-01","United States","2025-04-08",1,137,-13.7,0,123.3,0,123.3
"Precision Espresso Portafilter & Basket Bundle - LM & E61","La Marzocco 6mm / Black","PRE_SET","2025-04-01","Singapore","2025-04-21",1,206.76,-31.01,0,175.75,0,175.75
"Portafilter with a Double Spout for Espresso Machines","La Marzocco / E61 / Black | Silver","PF02LM-BSL","2025-04-01","Australia","2025-04-01",1,112,0,0,112,0,112
"High Diffusion Espresso Shower Screen","E61 - HD Shower Screen","PSD-HD-E61","2025-04-01","United States","2025-04-28",7,413,-11.8,0,401.2,0,401.2
"53.5 & 58.5mm Puck Diffuser Screen","58.5mm","PSD-puck","2025-04-01","United States","2025-04-05",2,40,0,0,40,0,40
"Impact Gravity Espresso Grounds Distributor (58.4mm)","Black","V2-PSD-distributor","2025-04-01","Oman","2025-04-25",1,120,-12,0,108,0,108
"53.5 & 58.5mm Puck Diffuser Screen","58.5mm","PSD-puck","2025-04-01","United Arab Emirates","2025-04-16",1,20.42,0,0,20.42,0,20.42
"High Diffusion Espresso Shower Screen","E61 - HD Shower Screen","PSD-HD-E61","2025-04-01","Philippines","2025-04-17",1,61.68,-61.68,0,0,0,0
"Hybrid Breville 54/58mm Portafilter - Versatile and Easy to Use","Breville 54 / Black | Black","PF02BR54-BBK-HY","2025-04-01","United States","2025-04-27",1,137,-13.7,0,123.3,0,123.3
"High Extraction He[%] Filter Baskets for a Fuller Coffee Experience","Pesado He[%] Basket - X-Large","PSD-HE-XL","2025-04-01","United States","2025-04-11",1,65,0,0,65,0,65
"53.5 & 58.5mm Puck Diffuser Screen","58.5mm","PSD-puck","2025-04-01","Germany","2025-04-20",1,20.45,0,0,20.45,0,20.45
"Pesado 58.5 Portafilter Hybrid Head - Versatile & Easy to Use","La Marzocco 6mm Hybrid","PFH02LM-HY","2025-04-01","United Kingdom","2025-04-04",1,95.3,0,0,95.3,0,95.3
"Pesado EP Filter Basket","EP-20g","EP-20g","2025-04-01","United States","2025-04-07",1,20,0,0,20,0,20
"Pesado 58.5 Portafilter Hybrid Head - Versatile & Easy to Use","Breville 54mm Hybrid Attachment Only","PSDHY-BR","2025-04-01","United States","2025-04-13",1,25,0,0,25,0,25
"53.5 & 58.5mm Puck Diffuser Screen","58.5mm","PSD-puck","2025-04-01","United States","2025-04-09",2,40,-2,0,38,0,38
"Pesado EP Filter Basket","EP-Breville54-20g","EP-BR-20g","2025-04-01","United States","2025-04-21",1,20,0,0,20,0,20
"Dusk & Haze Clump Crusher (WDT tool)","Haze","PSDcrusher-Haze","2025-04-01","United States","2025-04-05",1,34.35,-3.43,0,30.92,0,30.92
"High Diffusion Espresso Shower Screen","E61 - HD Shower Screen","PSD-HD-E61","2025-04-01","United States","2025-04-16",9,527.14,0,0,527.14,3.86,531
"High Diffusion Espresso Shower Screen","E61 - HD Shower Screen","PSD-HD-E61","2025-04-01","Israel","2025-04-22",2,120.64,-120.64,0,0,0,0
"53.5 & 58.5mm Puck Diffuser Screen","53.5mm","PSD-puck-54","2025-04-01","United States","2025-04-01",1,20,0,0,20,0,20
"High Diffusion Espresso Shower Screen","LM - HD Shower Screen","PSD-HD-LM","2025-04-01","United Kingdom","2025-04-04",1,56.66,0,0,56.66,0,56.66
"Coffee Tamper: 58.5mm & 53.5mm","58.5mm / Black / Bronze","PSDTMBBZ","2025-04-01","United States","2025-04-05",1,90,0,0,90,0,90
"Stainless Steel Milk Jug With Round Spout - 16.5oz / 490ml","Default Title","PSDjugWH","2025-04-01","Qatar","2025-04-10",1,35.11,0,0,35.11,0,35.11
"High Diffusion Espresso Shower Screen","E61 - HD Shower Screen","PSD-HD-E61","2025-04-01","Chile","2025-04-01",2,118,0,0,118,0,118
"53.5 & 58.5mm Puck Diffuser Screen","58.5mm","PSD-puck","2025-04-01","United States","2025-04-25",2,40,0,0,40,0,40
"Stainless Steel Milk Jug With Round Spout - 16.5oz / 490ml","Default Title","PSDjugWH","2025-04-01","United States","2025-04-16",1,34.35,-5.15,0,29.2,0,29.2
"53.5 & 58.5mm Puck Diffuser Screen","53.5mm","PSD-puck-54","2025-04-01","United States","2025-04-17",1,20,0,0,20,0,20
"Impact Gravity Espresso Grounds Distributor (58.4mm)","Black","V2-PSD-distributor","2025-04-01","Thailand","2025-04-23",1,122.42,-122.42,0,0,0,0
"Espresso Shot Mirror","Default Title","PSDshot-mirror","2025-04-01","United States","2025-04-03",1,28,-2.8,0,25.2,0,25.2
"53.5 & 58.5mm Puck Diffuser Screen","58.5mm","PSD-puck","2025-04-01","Netherlands","2025-04-28",1,21.51,0,0,21.51,0,21.51
"53.5 & 58.5mm Puck Diffuser Screen","58.5mm","PSD-puck","2025-04-01","Saudi Arabia","2025-04-28",1,20.53,-2.05,0,18.48,0,18.48
"Dosing Bundle","Black","DOSING_B","2025-04-01","United States","2025-04-25",1,52.5,0,0,52.5,0,52.5
"High Extraction He[%] Filter Baskets for a Fuller Coffee Experience","Pesado He[%] Basket - Large","PSD-HE-LG","2025-04-01","United States","2025-04-05",3,195,0,0,195,0,195
"Impact Gravity Espresso Grounds Distributor (58.4mm)","Black","V2-PSD-distributor","2025-04-01","Switzerland","2025-04-12",1,122.67,-12.27,0,110.4,0,110.4
"High Diffusion Espresso Shower Screen","LM - HD Shower Screen","PSD-HD-LM","2025-04-01","Germany","2025-04-23",1,56.52,0,0,56.52,0,56.52
"53.5 & 58.5mm Puck Diffuser Screen","58.5mm","PSD-puck","2025-04-01","United States","2025-04-20",1,20,0,0,20,0,20
"Pesado Black Ripple Set","Precision Barista Jug Sharp Spout","PSDjug-BK","2025-04-01","Philippines","2025-04-17",1,35.31,-35.31,0,0,0,0
"Pesado Black Ripple Set","Precision Barista Jug Sharp Spout","PSDjug-BK","2025-04-01","United States","2025-04-10",1,34.35,0,0,34.35,0,34.35
"High Diffusion Espresso Shower Screen","E61 - HD Shower Screen","PSD-HD-E61","2025-04-01","United States","2025-04-13",5,295,-14.75,0,280.25,0,280.25
"Pesado EP Filter Basket","EP-Breville54-20g","EP-BR-20g","2025-04-01","United States","2025-04-08",1,20,0,0,20,0,20
"High Diffusion Espresso Shower Screen","LM - HD Shower Screen","PSD-HD-LM","2025-04-01","United States","2025-04-30",10,550,-11,0,539,0,539
"Coffee Tamper: 58.5mm & 53.5mm","58.5mm With Black Base / Black / Black","PSDT-BKBase-BBK","2025-04-01","United States","2025-04-13",1,90,-9,0,81,0,81
"Pesado Portafilter Tamping Station","Default Title","PSD-TampingStation","2025-04-01","Thailand","2025-04-23",1,122.39,-122.39,0,0,0,0
"High Extraction He[%] Filter Baskets for a Fuller Coffee Experience","Pesado He[%] Basket - Large","PSD-HE-LG","2025-04-01","United States","2025-04-21",1,65,0,0,65,0,65
"Espresso Shot Mirror","Default Title","PSDshot-mirror","2025-04-01","Germany","2025-04-14",1,29.56,-2.96,0,26.6,0,26.6
"High Extraction He[%] 54mm Breville Filter Basket - Dosing 18g-20g","Default Title","PSD-HE-54","2025-04-01","Germany","2025-04-19",1,67.15,-6.71,0,60.44,0,60.44
"53.5 & 58.5mm Puck Diffuser Screen","58.5mm","PSD-puck","2025-04-01","United States","2025-04-04",3,60,-4.01,0,55.99,0,55.99
"High Diffusion Espresso Shower Screen","E61 - HD Shower Screen","PSD-HD-E61","2025-04-01","Japan","2025-04-25",1,60.56,0,0,60.56,0,60.56
"Portafilter with a Double Spout for Espresso Machines","Breville 58 / White | Gold","PF02BR58-WGD","2025-04-01","United States","2025-04-19",1,112,0,0,112,0,112
"High Extraction He[%] Filter Baskets for a Fuller Coffee Experience","Pesado He[%] Basket - Medium","PSD-HE-ME","2025-04-01","Spain","2025-04-03",1,67.19,0,0,67.19,0,67.19
"High Diffusion Espresso Shower Screen","E61 - HD Shower Screen","PSD-HD-E61","2025-04-01","United States","2025-04-29",6,413,-17.7,-59,336.3,0,336.3
"High Diffusion Espresso Shower Screen","LM - HD Shower Screen","PSD-HD-LM","2025-04-01","United States","2025-04-23",7,385,-11,0,374,0,374
"Modular Puck Screen Holder - Aluminum Matte Black","Default Title","PSD-PuckHolder","2025-04-01","United States","2025-04-17",1,18,-1.8,0,16.2,0,16.2
"Pesado EP Filter Basket","EP-18g","EP-18g","2025-04-01","United States","2025-04-04",3,60,0,0,60,0,60
"Pesado Portafilter Tamping Station","Default Title","PSD-TampingStation","2025-04-01","United States","2025-04-19",1,119.99,-12,0,107.99,0,107.99
"Hybrid LM/E61/NS/GA Portafilter - Versatile Bottomless & Spouted","E61 5mm / Black Full Pom","PF02MV-FullPOM-HY","2025-04-01","United States","2025-04-17",1,115,-11.5,0,103.5,0,103.5
"Bottomless LM/E61/NS/GA Portafilter (Hybrid)","Breville 58mm / Black / Riga","PF00BR58BK-Riga-HY","2025-04-01","United States","2025-04-15",1,120,0,0,120,0,120
"High Diffusion Espresso Shower Screen","E61 - HD Shower Screen","PSD-HD-E61","2025-04-01","Netherlands","2025-04-28",1,61.23,0,0,61.23,0,61.23
"Hybrid LM/E61/NS/GA Portafilter - Versatile Bottomless & Spouted","La Marzocco 6mm / Black | Iris","PF02LMBK-Iris-HY","2025-04-01","United States","2025-04-14",1,145,0,0,145,0,145
"Portafilter with a Double Spout for Espresso Machines","La Marzocco / E61 / White Full Pom","PF02LM-WHPOM","2025-04-01","Taiwan","2025-04-11",1,91.8,-13.77,0,78.03,0,78.03
"High Extraction He[%] Filter Baskets for a Fuller Coffee Experience","Pesado He[%] Basket - Medium","PSD-HE-ME","2025-04-01","United States","2025-04-22",6,390,-26,0,364,0,364
"Precision 58mm Breville Bundle: 58mm Portafilter & He[%] Basket","Black","PRE-BR58-SET","2025-04-01","South Korea","2025-04-04",-1,0,0,-176.55,-176.55,0,-176.55
"53.5 & 58.5mm Puck Diffuser Screen","53.5mm","PSD-puck-54","2025-04-01","Germany","2025-04-19",1,20.45,-2.05,0,18.4,0,18.4
"Naked/Bottomless Portafilter - Head Only (HYBRID)","La Marzocco 6mm","PFH00LM-HY","2025-04-01","United States","2025-04-22",-1,0,0,-67.5,-67.5,0,-67.5
"Modular Puck Screen Holder - Aluminum Matte Black","Default Title","PSD-PuckHolder","2025-04-01","United States","2025-04-01",1,18,0,0,18,0,18
"High Diffusion Espresso Shower Screen","LM - HD Shower Screen","PSD-HD-LM","2025-04-01","Netherlands","2025-04-20",1,56.91,-5.69,0,51.22,0,51.22
"High Diffusion Espresso Shower Screen","LM - HD Shower Screen","PSD-HD-LM","2025-04-01","United States","2025-04-07",7,385,0,0,385,0,385
"Crusher Threaded Pin Assembly for DIY WDT Tool","4 pack of WDT pins","PSD-removablepins","2025-04-01","United States","2025-04-09",7,7,0,0,7,0,7
"Milk Jug with Sharp Spout - 16.5oz / 490ml","Default Title","PSDjug","2025-04-01","United States","2025-04-18",1,34.35,0,0,34.35,0,34.35
"High Diffusion Espresso Shower Screen","E61 - HD Shower Screen","PSD-HD-E61","2025-04-01","Netherlands","2025-04-12",1,61.28,0,0,61.28,0,61.28
"High Extraction He[%] Filter Baskets for a Fuller Coffee Experience","Pesado He[%] Basket - Large","PSD-HE-LG","2025-04-01","Singapore","2025-04-11",1,66.67,0,0,66.67,0,66.67
"High Extraction He[%] Filter Baskets for a Fuller Coffee Experience","Pesado He[%] Basket - Medium","PSD-HE-ME","2025-04-01","United States","2025-04-06",2,130,-6.5,0,123.5,0,123.5
"High Diffusion Espresso Shower Screen","LM - HD Shower Screen","PSD-HD-LM","2025-04-01","United States","2025-04-02",4,220,0,0,220,0,220
"Wooden Clump Crusher - WDT Distribution Tool for Fluffy Espresso Puck","Raya","PSDcrusherRAYA","2025-04-01","United States","2025-04-22",1,34.35,-3.44,0,30.91,0,30.91
"Bottomless LM/E61/NS/GA Portafilter (Hybrid)","La Marzocco 6mm / Black / Riga","PF00LMBK-Riga-HY","2025-04-01","United States","2025-04-22",1,120,0,0,120,0,120
"Impact Gravity Espresso Grounds Distributor (58.4mm)","Black","V2-PSD-distributor","2025-04-01","United States","2025-04-10",1,120,-12,0,108,0,108
"53.5 & 58.5mm Puck Diffuser Screen","58.5mm","PSD-puck","2025-04-01","France","2025-04-17",1,20.39,0,0,20.39,0,20.39
"Spring-Loaded Self-Leveling Tamper – Pesado x AD Coffee","Default Title","PSD-ADcoffee-Tamper","2025-04-01","United States","2025-04-23",1,120,-12,0,108,0,108
"High Diffusion Espresso Shower Screen","E61 - HD Shower Screen","PSD-HD-E61","2025-04-01","Germany","2025-04-20",1,60.32,0,0,60.32,0,60.32
"High Extraction He[%] Filter Baskets for a Fuller Coffee Experience","Pesado He[%] Basket - Small","PSD-HE-SM","2025-04-01","Canada","2025-04-23",1,66.5,-6.65,0,59.85,0,59.85
"High Extraction He[%] Filter Baskets for a Fuller Coffee Experience","Pesado He[%] Basket - Large","PSD-HE-LG","2025-04-01","Israel","2025-04-10",1,66.33,-6.63,0,59.7,0,59.7
"High Extraction He[%] Filter Baskets for a Fuller Coffee Experience","Pesado He[%] Basket - Small","PSD-HE-SM","2025-04-01","United States","2025-04-12",1,65,-6.5,0,58.5,0,58.5
"High Extraction He[%] Filter Baskets for a Fuller Coffee Experience","Pesado He[%] Basket - Medium","PSD-HE-ME","2025-04-01","United States","2025-04-03",2,130,-13,0,117,0,117
"High Extraction He[%] Filter Baskets for a Fuller Coffee Experience","Pesado He[%] Basket - Small","PSD-HE-SM","2025-04-01","Philippines","2025-04-29",1,67.75,0,0,67.75,0,67.75
"Coffee Tamper: 58.5mm & 53.5mm","58.5mm / Black / Silver","PSDTMBSl","2025-04-01","United States","2025-04-26",1,81.45,0,0,81.45,8.55,90
"53.5 & 58.5mm Puck Diffuser Screen","58.5mm","PSD-puck","2025-04-01","Qatar","2025-04-10",1,20.57,0,0,20.57,0,20.57
"High Diffusion Espresso Shower Screen","LM - HD Shower Screen","PSD-HD-LM","2025-04-01","Netherlands","2025-04-09",1,56.27,0,0,56.27,0,56.27
"Bottomless LM/E61/NS/GA Portafilter (Hybrid)","Breville 54mm / White / Silver","PF00BR54-WSL-HY","2025-04-01","South Korea","2025-04-27",0,109.85,-16.48,-93.64,-0.27,0,-0.27
"High Diffusion Espresso Shower Screen","LM - HD Shower Screen","PSD-HD-LM","2025-04-01","United States","2025-04-18",3,165,0,0,165,0,165
"Modular Tamper Handle: Customize Your Tamper for Coffee","Black / Black","PSDTHMODBBK","2025-04-01","Taiwan","2025-04-11",1,46.67,-7,0,39.67,0,39.67
"High Diffusion Espresso Shower Screen","E61 - HD Shower Screen","PSD-HD-E61","2025-04-01","United Kingdom","2025-04-25",1,61.24,0,0,61.24,0,61.24
"High Extraction He[%] Filter Baskets for a Fuller Coffee Experience","Pesado He[%] Basket - Medium","PSD-HE-ME","2025-04-01","United States","2025-04-21",4,255.96,0,0,255.96,4.04,260
"High Diffusion Espresso Shower Screen","LM - HD Shower Screen","PSD-HD-LM","2025-04-01","United States","2025-04-20",2,110,0,0,110,0,110
"Pesado EP Filter Basket","EP-18g","EP-18g","2025-04-01","United States","2025-04-07",1,20,0,0,20,0,20
"Modular Puck Screen Holder - Aluminum Matte Black","Default Title","PSD-PuckHolder","2025-04-01","United States","2025-04-26",1,18,-1.8,0,16.2,0,16.2
"Spring-Loaded Self-Leveling Tamper – Pesado x AD Coffee","Default Title","PSD-ADcoffee-Tamper","2025-04-01","United States","2025-04-09",2,240,0,0,240,0,240
"High Extraction He[%] 54mm Breville Filter Basket - Dosing 18g-20g","Default Title","PSD-HE-54","2025-04-01","United States","2025-04-11",1,65,0,0,65,0,65
"53.5 & 58.5mm Puck Diffuser Screen","58.5mm","PSD-puck","2025-04-01","United States","2025-04-30",2,40,0,0,40,0,40
"Milk Jug with Sharp Spout - 16.5oz / 490ml","Default Title","PSDjug","2025-04-01","United States","2025-04-04",1,34.35,-3.43,0,30.92,0,30.92
"Maximum Distribution Bundle","Black","DistributionBundle","2025-04-01","United States","2025-04-02",1,214.85,-21.48,0,193.37,0,193.37
"Single-Dose Coffee Tubes (Bean Cellar 4-Pack)","Default Title","PSD-beantube","2025-04-01","United States","2025-04-12",1,27,-2.7,0,24.3,0,24.3
"Crusher Threaded Pin Assembly for DIY WDT Tool","WDT pin assembly (0.3mm)","PSD-PinUP","2025-04-01","United States","2025-04-22",1,14,0,0,14,0,14
"High Extraction He[%] Filter Baskets for a Fuller Coffee Experience","Pesado He[%] Basket - Medium","PSD-HE-ME","2025-04-01","United States","2025-04-24",4,260,-13,0,247,0,247
"High Extraction He[%] Filter Baskets for a Fuller Coffee Experience","Pesado He[%] Basket - Small","PSD-HE-SM","2025-04-01","United States","2025-04-15",1,65,0,0,65,0,65
"Pesado Black Ripple Set","Precision Barista Jug Sharp Spout","PSDjug-BK","2025-04-01","Oman","2025-04-25",1,34.35,-3.44,0,30.91,0,30.91
"High Diffusion Espresso Shower Screen","E61 - HD Shower Screen","PSD-HD-E61","2025-04-01","Canada","2025-04-17",1,60.71,-6.07,0,54.64,0,54.64
"High Diffusion Espresso Shower Screen","LM - HD Shower Screen","PSD-HD-LM","2025-04-01","United States","2025-04-25",4,220,0,0,220,0,220
"Modular Puck Screen Holder - Aluminum Matte Black","Default Title","PSD-PuckHolder","2025-04-01","United States","2025-04-15",1,18,0,0,18,0,18
"Pesado EP Filter Basket","EP-18g","EP-18g","2025-04-01","United States","2025-04-02",1,20,0,0,20,0,20
"Sunrise Ceramic Coffee Cup and Saucer Set (White)","Default Title","PSD-CeramicSet","2025-04-01","United States","2025-04-10",4,40,-4.01,0,35.99,0,35.99
"High Diffusion Espresso Shower Screen","E61 - HD Shower Screen","PSD-HD-E61","2025-04-01","Netherlands","2025-04-10",1,60.34,0,0,60.34,0,60.34
"Dusk & Haze Clump Crusher (WDT tool)","Dusk","PSDcrusher-Dusk","2025-04-01","United States","2025-04-15",1,34.35,0,0,34.35,0,34.35
"High Extraction He[%] Filter Baskets for a Fuller Coffee Experience","Pesado He[%] Basket - Medium","PSD-HE-ME","2025-04-01","United States","2025-04-08",-1,0,0,-58.5,-58.5,0,-58.5
"Bottomless LM/E61/NS/GA Portafilter (Hybrid)","E61 5mm / White / Dusk","PF00MV-WDK-HY","2025-04-01","United States","2025-04-07",1,120,0,0,120,0,120
"Hybrid LM/E61/NS/GA Portafilter - Versatile Bottomless & Spouted","La Marzocco 6mm / Black | Black","PF02LM-BBK-HY","2025-04-01","United States","2025-04-24",1,137,-13.7,0,123.3,0,123.3
"High Diffusion Espresso Shower Screen","LM - HD Shower Screen","PSD-HD-LM","2025-04-01","United States","2025-04-09",8,440,-5.5,0,434.5,0,434.5
"High Diffusion Espresso Shower Screen","E61 - HD Shower Screen","PSD-HD-E61","2025-04-01","Germany","2025-04-23",1,61.15,0,0,61.15,0,61.15
"Sunrise Ceramic Coffee Cup and Saucer Set (White)","Default Title","PSD-CeramicSet","2025-04-01","United States","2025-04-26",2,20,-2,0,18,0,18
"High Diffusion Espresso Shower Screen","E61 - HD Shower Screen","PSD-HD-E61","2025-04-01","Norway","2025-04-17",1,59,0,0,59,0,59
"Impact Gravity Espresso Grounds Distributor (58.4mm)","Black","V2-PSD-distributor","2025-04-01","United States","2025-04-01",2,240,-24,0,216,0,216
"Spring-Loaded Self-Leveling Tamper – Pesado x AD Coffee","Default Title","PSD-ADcoffee-Tamper","2025-04-01","United States","2025-04-20",1,120,-12,0,108,0,108
"Stand for (WDT) Clump Crusher 2.0","Default Title","V2-PSDcrusher-Stand","2025-04-01","United States","2025-04-13",1,18,-1.81,0,16.19,0,16.19
"Pesado 58.5 Portafilter Hybrid Head - Versatile & Easy to Use","La Marzocco 6mm Hybrid","PFH02LM-HY","2025-04-01","Germany","2025-04-23",1,95.15,0,0,95.15,0,95.15
"High Extraction He[%] Filter Baskets for a Fuller Coffee Experience","Pesado He[%] Basket - Medium","PSD-HE-ME","2025-04-01","United States","2025-04-05",4,260,0,0,260,0,260
"Pesado Portafilter Tamping Station","Default Title","PSD-TampingStation","2025-04-01","United States","2025-04-08",1,119.99,0,0,119.99,0,119.99
"Coffee Tamper: 58.5mm & 53.5mm","58.5mm / White / Silver","PSDTMWSl","2025-04-01","Taiwan","2025-04-11",1,91.19,-13.68,0,77.51,0,77.51
"High Diffusion Espresso Shower Screen","LM - HD Shower Screen","PSD-HD-LM","2025-04-01","United States","2025-04-04",3,165,0,0,165,0,165
"Impact Gravity Espresso Grounds Distributor (58.4mm)","Black","V2-PSD-distributor","2025-04-01","United States","2025-04-12",1,120,-12,0,108,0,108
"Coffee Tamper: 58.5mm & 53.5mm","58.5mm With Black Base / White / Haze","PSDT-BKBase-WHz","2025-04-01","United States","2025-04-05",1,97.5,-9.75,0,87.75,0,87.75
"High Diffusion Espresso Shower Screen","E61 - HD Shower Screen","PSD-HD-E61","2025-04-01","Germany","2025-04-18",1,60.25,0,0,60.25,0,60.25
"Magnetic Espresso Dosing Ring","58mm Dosing Ring / Black","V2-PSDring-58mm","2025-04-01","Taiwan","2025-04-11",1,22.98,-3.45,0,19.53,0,19.53
"High Extraction He[%] 54mm Breville Filter Basket - Dosing 18g-20g","Default Title","PSD-HE-54","2025-04-01","United States","2025-04-27",1,65,-6.5,0,58.5,0,58.5
"Stand for (WDT) Clump Crusher 2.0","Default Title","V2-PSDcrusher-Stand","2025-04-01","United States","2025-04-29",1,18,0,0,18,0,18
"Pesado Single Dose Coffee Cellar Stand + 4 Pack of Bean Cellars","Default Title","PSD-Beanstand-combo","2025-04-01","United States","2025-04-26",1,75,-7.5,0,67.5,0,67.5
"Hybrid Breville 54/58mm Portafilter - Versatile and Easy to Use","Breville 54 / Black | Bronze","PF02BR54-BBZ-HY","2025-04-01","United States","2025-04-07",1,137,-13.7,0,123.3,0,123.3
"Impact Gravity Espresso Grounds Distributor (58.4mm)","Black","V2-PSD-distributor","2025-04-01","United States","2025-04-26",2,240,-24,0,216,0,216
"Magnetic Espresso Dosing Ring","58mm Dosing Ring / Black","V2-PSDring-58mm","2025-04-01","United States","2025-04-23",1,22.5,-4.5,0,18,0,18
"Bottomless LM/E61/NS/GA Portafilter (Hybrid)","E61 5mm / White / Haze","PF00MV-WHZ-HY","2025-04-01","United States","2025-04-25",1,120,0,0,120,0,120
"High Extraction He[%] Filter Baskets for a Fuller Coffee Experience","Pesado He[%] Basket - Small","PSD-HE-SM","2025-04-01","United States","2025-04-28",1,65,0,0,65,0,65
"High Extraction He[%] Filter Baskets for a Fuller Coffee Experience","Pesado He[%] Basket - Medium","PSD-HE-ME","2025-04-01","United States","2025-04-19",2,130,-13,0,117,0,117
"Maximum Distribution Bundle","Black","DistributionBundle","2025-04-01","United States","2025-04-09",1,214.85,0,0,214.85,0,214.85
"Bottomless LM/E61/NS/GA Portafilter (Hybrid)","E61 5mm / Black / Silver","PF00MV-BSL-HY","2025-04-01","United States","2025-04-19",1,112,-11.2,0,100.8,0,100.8
"Pesado EP Filter Basket","EP-20g","EP-20g","2025-04-01","United States","2025-04-09",1,20,-2,0,18,0,18
"53.5 & 58.5mm Puck Diffuser Screen","58.5mm","PSD-puck","2025-04-01","United States","2025-04-07",4,80,0,0,80,0,80
"Pesado 58.5 Portafilter Hybrid Head - Versatile & Easy to Use","E61 5mm Hybrid","PFH02MV-HY","2025-04-01","United States","2025-04-01",1,92.5,-9.25,0,83.25,0,83.25
"High Diffusion Espresso Shower Screen","E61 - HD Shower Screen","PSD-HD-E61","2025-04-01","United States","2025-04-14",14,826,-17.7,0,808.3,0,808.3
"Milk Jug with Sharp Spout - 16.5oz / 490ml","Default Title","PSDjug","2025-04-01","South Korea","2025-04-04",-1,0,0,-33.73,-33.73,0,-33.73
"High Extraction He[%] Filter Baskets for a Fuller Coffee Experience","Pesado He[%] Basket - Large","PSD-HE-LG","2025-04-01","United States","2025-04-22",2,130,0,0,130,0,130
"High Extraction He[%] Filter Baskets for a Fuller Coffee Experience","Pesado He[%] Basket - X-Large","PSD-HE-XL","2025-04-01","United States","2025-04-13",1,65,0,0,65,0,65
"Stainless Steel Clump Crusher V2.0 (WDT espresso distribution tool)","Silver","V2-PSDcrusher-Silver","2025-04-01","United States","2025-04-20",1,34.35,-3.44,0,30.91,0,30.91
"High Diffusion Espresso Shower Screen","E61 - HD Shower Screen","PSD-HD-E61","2025-04-01","Israel","2025-04-27",1,60.19,0,0,60.19,0,60.19
"Bottomless LM/E61/NS/GA Portafilter (Hybrid)","La Marzocco 6mm / Black / Silver","PF00LM-BSL-HY","2025-04-01","United States","2025-04-23",1,112,0,0,112,0,112
"Dosing Cup","58mm Dosing Cup / Charcoal",,"2025-04-01","United States","2025-04-23",2,52.5,-5.25,0,47.25,0,47.25
"High Diffusion Espresso Shower Screen","LM - HD Shower Screen","PSD-HD-LM","2025-04-01","Hong Kong","2025-04-23",12,674.28,0,0,674.28,0,674.28
"Magnetic Espresso Dosing Ring","54mm Dosing Ring / Black","V2-PSDring-54mm","2025-04-01","United States","2025-04-26",1,22.5,-2.25,0,20.25,0,20.25
"53.5 & 58.5mm Puck Diffuser Screen","53.5mm","PSD-puck-54","2025-04-01","United States","2025-04-15",1,20,-2,0,18,0,18
"Bottomless LM/E61/NS/GA Portafilter (Hybrid)","Nuova Simonelli / Black / Dusk","PF00NS-BDK-HY","2025-04-01","Taiwan","2025-04-13",1,121.3,0,0,121.3,0,121.3
"Modular Puck Screen Holder - Aluminum Matte Black","Default Title","PSD-PuckHolder","2025-04-01","Hong Kong","2025-04-16",1,18.43,0,0,18.43,0,18.43
"Bottomless LM/E61/NS/GA Portafilter (Hybrid)","E61 5mm / Black / Black","PF00MV-BBK-HY","2025-04-01","United States","2025-04-01",1,112,-11.2,0,100.8,0,100.8
"High Diffusion Espresso Shower Screen","E61 - HD Shower Screen","PSD-HD-E61","2025-04-01","Saudi Arabia","2025-04-28",4,241,-6.02,0,234.98,0,234.98
"Breville 54mm Portafilter & Basket Precision Bundle","Black","PRE-BR54-SET","2025-04-01","Brazil","2025-04-19",1,214.85,-32.22,0,182.63,0,182.63
"High Diffusion Espresso Shower Screen","LM - HD Shower Screen","PSD-HD-LM","2025-04-01","Saudi Arabia","2025-04-07",3,168.57,-16.86,0,151.71,0,151.71
"Pesado EP Filter Basket","EP-22g","EP-22g","2025-04-01","Switzerland","2025-04-12",1,20.85,-2.09,0,18.76,0,18.76
"Coffee Tamper: 58.5mm & 53.5mm","58.5mm / Black / Silver","PSDTMBSl","2025-04-01","Switzerland","2025-04-18",1,93,0,0,93,0,93
"Magnetic Espresso Dosing Ring","54mm Dosing Ring / Black","V2-PSDring-54mm","2025-04-01","United States","2025-04-15",1,22.5,0,0,22.5,0,22.5
"53.5 & 58.5mm Puck Diffuser Screen","58.5mm","PSD-puck","2025-04-01","United States","2025-04-18",4,80,-4,0,76,0,76
"53.5 & 58.5mm Puck Diffuser Screen","53.5mm","PSD-puck-54","2025-04-01","United States","2025-04-26",1,20,-2,0,18,0,18
"High Diffusion Espresso Shower Screen","E61 - HD Shower Screen","PSD-HD-E61","2025-04-01","United States","2025-04-11",3,177,0,0,177,0,177
"Stainless Steel Clump Crusher V2.0 (WDT espresso distribution tool)","Silver","V2-PSDcrusher-Silver","2025-04-01","United States","2025-04-09",1,34.35,0,0,34.35,0,34.35
"High Extraction He[%] Filter Baskets for a Fuller Coffee Experience","Pesado He[%] Basket - Medium","PSD-HE-ME","2025-04-01","Israel","2025-04-10",1,66.33,-6.63,0,59.7,0,59.7
"High Extraction He[%] Filter Baskets for a Fuller Coffee Experience","Pesado He[%] Basket - Large","PSD-HE-LG","2025-04-01","United States","2025-04-03",4,260,-19.5,0,240.5,0,240.5
"Pesado EP Filter Basket","EP-20g","EP-20g","2025-04-01","United States","2025-04-04",1,20,-2,0,18,0,18
"Precision Espresso Portafilter & Basket Bundle - LM & E61","La Marzocco 6mm / Black","PRE_SET","2025-04-01","United States","2025-04-01",1,202,0,0,202,0,202
"High Diffusion Espresso Shower Screen","E61 - HD Shower Screen","PSD-HD-E61","2025-04-01","United States","2025-04-27",4,236,0,0,236,0,236
"High Diffusion Espresso Shower Screen","LM - HD Shower Screen","PSD-HD-LM","2025-04-01","Singapore","2025-04-27",2,112.48,-11.25,0,101.23,0,101.23
"Pesado 58.5 Portafilter Hybrid Head - Versatile & Easy to Use","E61 5mm Hybrid","PFH02MV-HY","2025-04-01","United States","2025-04-12",1,92.5,-9.25,0,83.25,0,83.25
"High Diffusion Espresso Shower Screen","LM - HD Shower Screen","PSD-HD-LM","2025-04-01","Switzerland","2025-04-18",2,112.58,0,0,112.58,0,112.58
"Pesado 58.5 Portafilter Hybrid Head - Versatile & Easy to Use","La Marzocco 6mm Hybrid","PFH02LM-HY","2025-04-01","United States","2025-04-14",1,92.5,0,0,92.5,0,92.5
"Pesado EP Filter Basket","EP-18g","EP-18g","2025-04-01","United Kingdom","2025-04-04",1,20.61,0,0,20.61,0,20.61
"High Diffusion Espresso Shower Screen","LM - HD Shower Screen","PSD-HD-LM","2025-04-01","Singapore","2025-04-15",1,56.21,-5.62,0,50.59,0,50.59
"High Diffusion Espresso Shower Screen","E61 - HD Shower Screen","PSD-HD-E61","2025-04-01","United States","2025-04-15",2,236,0,-118,118,0,118
"Spring-Loaded Self-Leveling Tamper – Pesado x AD Coffee","Default Title","PSD-ADcoffee-Tamper","2025-04-01","Switzerland","2025-04-12",1,122.67,-12.27,0,110.4,0,110.4
"Espresso Shot Mirror","Default Title","PSDshot-mirror","2025-04-01","United States","2025-04-20",1,28,0,0,28,0,28
"Pesado EP Filter Basket","EP-20g","EP-20g","2025-04-01","United States","2025-04-08",1,20,-2,0,18,0,18
"High Diffusion Espresso Shower Screen","LM - HD Shower Screen","PSD-HD-LM","2025-04-01","United Arab Emirates","2025-04-11",1,56.36,0,0,56.36,0,56.36
"High Extraction He[%] Filter Baskets for a Fuller Coffee Experience","Pesado He[%] Basket - X-Large","PSD-HE-XL","2025-04-01","United States","2025-04-12",1,65,0,0,65,0,65
"High Extraction He[%] Filter Baskets for a Fuller Coffee Experience","Pesado He[%] Basket - Large","PSD-HE-LG","2025-04-01","United States","2025-04-23",2,130,0,0,130,0,130
"High Diffusion Espresso Shower Screen","E61 - HD Shower Screen","PSD-HD-E61","2025-04-01","Spain","2025-04-03",1,60.57,0,0,60.57,0,60.57
"Dosing Bundle","Black","DOSING_B","2025-04-01","United States","2025-04-03",1,52.5,0,0,52.5,0,52.5
"Hybrid LM/E61/NS/GA Portafilter - Versatile Bottomless & Spouted","La Marzocco 6mm / Black | Silver","PF02LM-BSL-HY","2025-04-01","United States","2025-04-24",1,137,0,0,137,0,137
"High Diffusion Espresso Shower Screen","E61 - HD Shower Screen","PSD-HD-E61","2025-04-01","Taiwan","2025-04-17",2,120.36,0,0,120.36,0,120.36
"Pesado EP Filter Basket","EP-20g","EP-20g","2025-04-01","United States","2025-04-24",1,20,0,0,20,0,20
"53.5 & 58.5mm Puck Diffuser Screen","58.5mm","PSD-puck","2025-04-01","United States","2025-04-22",6,120,0,0,120,0,120
"53.5 & 58.5mm Puck Diffuser Screen","53.5mm","PSD-puck-54","2025-04-01","Japan","2025-04-07",1,20.42,-2.04,0,18.38,0,18.38
"High Diffusion Espresso Shower Screen","E61 - HD Shower Screen","PSD-HD-E61","2025-04-01","Thailand","2025-04-23",1,60.18,-60.18,0,0,0,0
"Hybrid LM/E61/NS/GA Portafilter - Versatile Bottomless & Spouted","La Marzocco 6mm / White | Riga","PF02LMWH-Riga-HY","2025-04-01","Taiwan","2025-04-12",1,146.42,0,0,146.42,0,146.42
"Modular Puck Screen Holder - Aluminum Matte Black","Default Title","PSD-PuckHolder","2025-04-01","Taiwan","2025-04-18",1,18.64,0,0,18.64,0,18.64
"53.5 & 58.5mm Puck Diffuser Screen","53.5mm","PSD-puck-54","2025-04-01","United States","2025-04-27",1,20,-2,0,18,0,18
"High Diffusion Espresso Shower Screen","E61 - HD Shower Screen","PSD-HD-E61","2025-04-01","United States","2025-04-10",4,354,-5.9,-118,230.1,0,230.1
"Magnetic Espresso Dosing Ring","54mm Dosing Ring / Black","V2-PSDring-54mm","2025-04-01","United States","2025-04-14",1,22.5,0,0,22.5,0,22.5
"High Extraction He[%] Filter Baskets for a Fuller Coffee Experience","Pesado He[%] Basket - Large","PSD-HE-LG","2025-04-01","United States","2025-04-02",1,65,0,0,65,0,65
"Hybrid Breville 54/58mm Portafilter - Versatile and Easy to Use","Breville 54 / Black | Black","PF02BR54-BBK-HY","2025-04-01","United States","2025-04-01",1,137,-13.7,0,123.3,0,123.3
"High Diffusion Espresso Shower Screen","E61 - HD Shower Screen","PSD-HD-E61","2025-04-01","Spain","2025-04-22",1,61.24,-6.13,0,55.11,0,55.11
"Metallic Stainless Steel Leva Accents","Silver","V2-PSDleva-silver","2025-04-01","United States","2025-04-10",1,20.4,-2.04,0,18.36,0,18.36
"Pesado EP Filter Basket","EP-18g","EP-18g","2025-04-01","United Kingdom","2025-04-21",-1,0,0,-20.61,-20.61,0,-20.61
"Bottomless LM/E61/NS/GA Portafilter (Hybrid)","La Marzocco 6mm / White / Iris","PF00LMWH-Iris-HY","2025-04-01","United States","2025-04-19",1,120,-12,0,108,0,108
"High Diffusion Espresso Shower Screen","E61 - HD Shower Screen","PSD-HD-E61","2025-04-01","United States","2025-04-26",9,531,-5.9,0,525.1,0,525.1
"53.5 & 58.5mm Puck Diffuser Screen","53.5mm","PSD-puck-54","2025-04-01","United States","2025-04-11",1,20,0,0,20,0,20
"Stainless Steel Clump Crusher V2.0 (WDT espresso distribution tool)","Black","V2-PSDcrusher-Black","2025-04-01","United States","2025-04-27",1,34.35,0,0,34.35,0,34.35
"High Extraction He[%] Filter Baskets for a Fuller Coffee Experience","Pesado He[%] Basket - Large","PSD-HE-LG","2025-04-01","United States","2025-04-18",4,260,-6.5,0,253.5,0,253.5
"High Extraction He[%] Filter Baskets for a Fuller Coffee Experience","Pesado He[%] Basket - Medium","PSD-HE-ME","2025-04-01","United States","2025-04-25",1,65,0,0,65,0,65
"Crusher Threaded Pin Assembly for DIY WDT Tool","4 pack of WDT pins","PSD-removablepins","2025-04-01","United States","2025-04-22",3,3,0,0,3,0,3
"Pesado Portafilter Tamping Station","Default Title","PSD-TampingStation","2025-04-01","United States","2025-04-20",1,119.99,-12,0,107.99,0,107.99
"Coffee Tamper: 58.5mm & 53.5mm","58.5mm / White / Iris","PSDTMWHIris","2025-04-01","United States","2025-04-19",1,97.5,-9.76,0,87.74,0,87.74
"High Diffusion Espresso Shower Screen","LM - HD Shower Screen","PSD-HD-LM","2025-04-01","United States","2025-04-24",8,440,0,0,440,0,440
"Bottomless LM/E61/NS/GA Portafilter (Hybrid)","E61 5mm / White / Riga","PF00MVWH-Riga-HY","2025-04-01","Thailand","2025-04-23",1,122.42,-122.42,0,0,0,0
"Dusk & Haze Clump Crusher (WDT tool)","Haze","PSDcrusher-Haze","2025-04-01","United Arab Emirates","2025-04-16",1,35.12,0,0,35.12,0,35.12
"Dusk & Haze Leva Accents","Dusk","PSDleva-dusk","2025-04-01","United Kingdom","2025-04-11",1,22.12,0,0,22.12,0,22.12
"High Extraction He[%] Filter Baskets for a Fuller Coffee Experience","Pesado He[%] Basket - Medium","PSD-HE-ME","2025-04-01","United States","2025-04-09",1,65,-6.5,0,58.5,0,58.5
"High Diffusion Espresso Shower Screen","E61 - HD Shower Screen","PSD-HD-E61","2025-04-01","Singapore","2025-04-29",1,60.38,0,0,60.38,0,60.38
"Magnetic Espresso Dosing Ring","58mm Dosing Ring / Black","V2-PSDring-58mm","2025-04-01","United States","2025-04-05",1,22.5,-2.26,0,20.24,0,20.24
"Impact Gravity Espresso Grounds Distributor (58.4mm)","Black","V2-PSD-distributor","2025-04-01","Taiwan","2025-04-13",1,122.41,0,0,122.41,0,122.41
"High Diffusion Espresso Shower Screen","E61 - HD Shower Screen","PSD-HD-E61","2025-04-01","Germany","2025-04-22",1,60.7,0,0,60.7,0,60.7
"Hybrid Breville 54/58mm Portafilter - Versatile and Easy to Use","Breville 54 / Black | Riga","PF02BR54BK-Riga-HY","2025-04-01","United States","2025-04-02",1,145,0,0,145,0,145
"High Extraction He[%] 54mm Breville Filter Basket - Dosing 18g-20g","Default Title","PSD-HE-54","2025-04-01","United States","2025-04-15",1,65,-6.5,0,58.5,0,58.5
"Naked/Bottomless Portafilter - Head Only (HYBRID)","Breville 58mm","PFH00BR58-HY","2025-04-01","United States","2025-04-23",1,67.5,-6.75,0,60.75,0,60.75
"High Diffusion Espresso Shower Screen","LM - HD Shower Screen","PSD-HD-LM","2025-04-01","United States","2025-04-08",6,322.32,0,0,322.32,7.68,330
"Maximum Distribution Bundle","Black","DistributionBundle","2025-04-01","United States","2025-04-22",1,214.85,0,0,214.85,0,214.85
"High Extraction He[%] Filter Baskets for a Fuller Coffee Experience","Pesado He[%] Basket - Medium","PSD-HE-ME","2025-04-01","United States","2025-04-04",2,130,-6.5,0,123.5,0,123.5
"High Extraction He[%] Filter Baskets for a Fuller Coffee Experience","Pesado He[%] Basket - Large","PSD-HE-LG","2025-04-01","United States","2025-04-30",2,130,-6.5,0,123.5,0,123.5
"High Extraction He[%] 54mm Breville Filter Basket - Dosing 18g-20g","Default Title","PSD-HE-54","2025-04-01","United States","2025-04-26",1,65,-6.5,0,58.5,0,58.5
"Sunrise Ceramic Coffee Cup and Saucer Set (White)","Default Title","PSD-CeramicSet","2025-04-01","United States","2025-04-14",1,10,-1,0,9,0,9
"High Diffusion Espresso Shower Screen","LM - HD Shower Screen","PSD-HD-LM","2025-04-01","United States","2025-04-05",6,330,-5.5,0,324.5,0,324.5
"Bottomless LM/E61/NS/GA Portafilter (Hybrid)","E61 5mm / Black / Silver","PF00MV-BSL-HY","2025-04-01","United States","2025-04-20",1,112,-11.2,0,100.8,0,100.8
"High Extraction He[%] Filter Baskets for a Fuller Coffee Experience","Pesado He[%] Basket - Medium","PSD-HE-ME","2025-04-01","United States","2025-04-20",1,65,0,0,65,0,65
"High Extraction He[%] Filter Baskets for a Fuller Coffee Experience","Pesado He[%] Basket - Small","PSD-HE-SM","2025-04-01","United States","2025-04-27",1,65,-6.5,0,58.5,0,58.5
"Bottomless LM/E61/NS/GA Portafilter (Hybrid)","Breville 54mm / White Full POM","PF00BR54-WHPOM-HY","2025-04-01","Canada","2025-04-08",1,92.18,0,0,92.18,0,92.18
"Stand for (WDT) Clump Crusher 2.0","Default Title","V2-PSDcrusher-Stand","2025-04-01","United States","2025-04-28",1,18,0,0,18,0,18
"Milk Jug with Sharp Spout - 16.5oz / 490ml","Default Title","PSDjug","2025-04-01","United States","2025-04-08",1,34.35,-3.44,0,30.91,0,30.91
"High Extraction He[%] Filter Baskets for a Fuller Coffee Experience","Pesado He[%] Basket - Medium","PSD-HE-ME","2025-04-01","Saudi Arabia","2025-04-28",1,66.38,-6.64,0,59.74,0,59.74
"Hybrid LM/E61/NS/GA Portafilter - Versatile Bottomless & Spouted","E61 5mm / White | Haze","PF02MV-WHZ-HY","2025-04-01","United States","2025-04-05",1,145,0,0,145,0,145
"High Extraction He[%] 54mm Breville Filter Basket - Dosing 18g-20g","Default Title","PSD-HE-54","2025-04-01","United States","2025-04-10",1,65,0,0,65,0,65
"High Diffusion Espresso Shower Screen","LM - HD Shower Screen","PSD-HD-LM","2025-04-01","United States","2025-04-21",7,381.58,-5.5,0,376.08,3.42,379.5
"Pesado EP Filter Basket","EP-18g","EP-18g","2025-04-01","United States","2025-04-06",1,20,-2,0,18,0,18
"High Diffusion Espresso Shower Screen","LM - HD Shower Screen","PSD-HD-LM","2025-05-01","Slovakia","2025-05-20",4,225.16,0,0,225.16,0,225.16
"Wooden Clump Crusher - WDT Distribution Tool for Fluffy Espresso Puck","Riga","PSDcrusherRIGA","2025-05-01","United States","2025-05-25",2,68.7,-3.43,0,65.27,0,65.27
"Modular Tamper Handle: Customize Your Tamper for Coffee","Black / Dusk","PSDTHMODBDK","2025-05-01","United States","2025-05-07",1,45.99,0,0,45.99,0,45.99
"Wooden Clump Crusher - WDT Distribution Tool for Fluffy Espresso Puck","Riga","PSDcrusherRIGA","2025-05-01","New Zealand","2025-05-29",1,28.38,0,0,28.38,0,28.38
"Espresso Shot Mirror","Default Title","PSDshot-mirror","2025-05-01","United States","2025-05-05",1,28,0,0,28,0,28
"Pesado Black Ripple Set","Precision Barista Jug Sharp Spout","PSDjug-BK","2025-05-01","Australia","2025-05-26",1,31.96,0,0,31.96,3.2,35.16
"Dusk & Haze Clump Crusher (WDT tool)","Dusk","PSDcrusher-Dusk","2025-05-01","United States","2025-05-28",1,34.35,-3.43,0,30.92,0,30.92
"Dosing Cup","54mm Dosing Cup / Black","PSDdosingCup-BK-54","2025-05-01","Australia","2025-05-15",1,26.31,0,0,26.31,0,26.31
"High Extraction He[%] Filter Baskets for a Fuller Coffee Experience","Pesado He[%] Basket - Medium","PSD-HE-ME","2025-05-01","Ukraine","2025-05-22",1,66.32,-6.63,0,59.69,0,59.69
"Coffee Tamper: 58.5mm & 53.5mm","58.5mm / White / Iris","PSDTMWHIris","2025-05-01","United States","2025-05-16",1,97.5,-14.62,0,82.88,0,82.88
"High Extraction He[%] Filter Baskets for a Fuller Coffee Experience","Pesado He[%] Basket - Large","PSD-HE-LG","2025-05-01","United States","2025-05-10",1,65,0,0,65,0,65
"High Diffusion Espresso Shower Screen","E61 - HD Shower Screen","PSD-HD-E61","2025-05-01","Japan","2025-05-16",1,60.42,0,0,60.42,0,60.42
"Bottomless LM/E61/NS/GA Portafilter (Hybrid)","E61 5mm / Black / Silver","PF00MV-BSL-HY","2025-05-01","Australia","2025-05-17",1,96.07,0,0,96.07,0,96.07
"High Extraction He[%] Filter Baskets for a Fuller Coffee Experience","Pesado He[%] Basket - X-Large","PSD-HE-XL","2025-05-01","Australia","2025-05-17",1,54.45,0,0,54.45,0,54.45
"High Diffusion Espresso Shower Screen","E61 - HD Shower Screen","PSD-HD-E61","2025-05-01","United States","2025-05-25",8,649,-8.85,-171.1,469.05,0,469.05
"Pesado EP Filter Basket","EP-22g","EP-22g","2025-05-01","United States","2025-05-02",1,20,-2,0,18,0,18
"Portafilter with a Double Spout for Espresso Machines","La Marzocco / E61 / Black | Gold","PF02LM-BGD","2025-05-01","United States","2025-05-08",2,224,0,0,224,0,224
"Magnetic Espresso Dosing Ring","58mm Dosing Ring / Black","V2-PSDring-58mm","2025-05-01","United States","2025-05-29",2,45,-2.25,0,42.75,0,42.75
"Bottomless LM/E61/NS/GA Portafilter (Hybrid)","E61 5mm / White / Haze","PF00MV-WHZ-HY","2025-05-01","United States","2025-05-25",1,120,0,0,120,0,120
"Bottomless LM/E61/NS/GA Portafilter (Hybrid)","La Marzocco 6mm / White / Iris","PF00LMWH-Iris-HY","2025-05-01","United States","2025-05-27",1,120,-22.8,0,97.2,0,97.2
"Wooden Clump Crusher - WDT Distribution Tool for Fluffy Espresso Puck","Iris","PSDcrusherIRIS","2025-05-01","Australia","2025-05-28",1,28.35,0,0,28.35,0,28.35
"High Extraction He[%] Filter Baskets for a Fuller Coffee Experience","Pesado He[%] Basket - Medium","PSD-HE-ME","2025-05-01","United States","2025-05-24",2,130,-6.5,0,123.5,0,123.5
"Hybrid Breville 54/58mm Portafilter - Versatile and Easy to Use","Breville 54 / Black Full POM","PF02BR54-FullPOM-HY","2025-05-01","United States","2025-05-04",1,115,-11.5,0,103.5,0,103.5
"Stainless Steel Milk Jug With Round Spout - 16.5oz / 490ml","Default Title","PSDjugWH","2025-05-01","Singapore","2025-05-28",1,35.67,0,0,35.67,0,35.67
"High Diffusion Espresso Shower Screen","LM - HD Shower Screen","PSD-HD-LM","2025-05-01","United States","2025-05-05",5,275,0,0,275,0,275
"High Diffusion Espresso Shower Screen","MV - HD Shower Screen","PSD-HD-MV","2025-05-01","United States","2025-05-13",2,110,-5.5,0,104.5,0,104.5
"High Diffusion Espresso Shower Screen","E61 - HD Shower Screen","PSD-HD-E61","2025-05-01","Canada","2025-05-26",1,60.51,0,0,60.51,0,60.51
"53.5 & 58.5mm Puck Diffuser Screen","53.5mm","PSD-puck-54","2025-05-01","United States","2025-05-29",1,20,0,0,20,0,20
"High Diffusion Espresso Shower Screen","E61 - HD Shower Screen","PSD-HD-E61","2025-05-01","United States","2025-05-20",5,354,-5.9,-50.15,297.95,0,297.95
"High Extraction He[%] Filter Baskets for a Fuller Coffee Experience","Pesado He[%] Basket - X-Large","PSD-HE-XL","2025-05-01","Australia","2025-05-28",2,109.44,0,0,109.44,0,109.44
"High Diffusion Espresso Shower Screen","E61 - HD Shower Screen","PSD-HD-E61","2025-05-01","United Kingdom","2025-05-29",1,60.75,-6.07,0,54.68,0,54.68
"53.5 & 58.5mm Puck Diffuser Screen","58.5mm","PSD-puck","2025-05-01","United States","2025-05-09",2,40,0,0,40,0,40
"High Extraction He[%] Filter Baskets for a Fuller Coffee Experience","Pesado He[%] Basket - X-Large","PSD-HE-XL","2025-05-01","Denmark","2025-05-25",1,66.41,0,0,66.41,0,66.41
"High Extraction He[%] Filter Baskets for a Fuller Coffee Experience","Pesado He[%] Basket - Medium","PSD-HE-ME","2025-05-01","United States","2025-05-21",3,325,0,-130,195,0,195
"Modular Portafilter Handles","White / Dusk","PSDHMODWDK","2025-05-01","Australia","2025-05-29",1,55.4,-5.54,0,49.86,0,49.86
"High Diffusion Espresso Shower Screen","LM - HD Shower Screen","PSD-HD-LM","2025-05-01","United States","2025-05-08",13,715,-5.5,0,709.5,0,709.5
"Modular Puck Screen Holder - Aluminum Matte Black","Default Title","PSD-PuckHolder","2025-05-01","United States","2025-05-23",1,18,0,0,18,0,18
"Pesado x IMS Breville 54mm - Competition Shower Screen","Breville 54mm","PSDBreville","2025-05-01","United States","2025-05-28",1,20,-2,0,18,0,18
"High Diffusion Espresso Shower Screen","E61 - HD Shower Screen","PSD-HD-E61","2025-05-01","Philippines","2025-05-21",-1,0,0,-60.39,-60.39,0,-60.39
"Stand for (WDT) Clump Crusher 2.0","Default Title","V2-PSDcrusher-Stand","2025-05-01","Australia","2025-05-27",1,16.85,0,0,16.85,1.68,18.53
"High Extraction He[%] Filter Baskets for a Fuller Coffee Experience","Pesado He[%] Basket - Medium","PSD-HE-ME","2025-05-01","Australia","2025-05-25",1,55.21,0,0,55.21,0,55.21
"Modular Portafilter Handles","Black Full POM","PSDHFullPOM","2025-05-01","United States","2025-05-25",1,55,0,0,55,0,55
"Single-Dose Coffee Tubes (Bean Cellar 4-Pack)","Default Title","PSD-beantube","2025-05-01","Australia","2025-05-26",1,25.94,0,0,25.94,0,25.94
"Portafilter with a Double Spout for Espresso Machines","La Marzocco / E61 / Black | Black","PF02LM-BBK","2025-05-01","United States","2025-05-25",1,112,0,0,112,0,112
"Gravity Coffee Distributor 53.5mm","54 mm","PSD-distributor-54m","2025-05-01","United States","2025-05-05",1,110,0,0,110,0,110
"Coffee Tamper: 58.5mm & 53.5mm","58.5mm With Black Base / Black / Dusk","PSDT-BKBase-BDk","2025-05-01","China","2025-05-20",1,99.46,0,0,99.46,0,99.46
"Magnetic Espresso Dosing Ring","58mm Dosing Ring / Black","V2-PSDring-58mm","2025-05-01","Hungary","2025-05-06",1,23,-2.3,0,20.7,0,20.7
"Coffee Tamper: 58.5mm & 53.5mm","58.5mm / White / Riga","PSDTMWHRiga","2025-05-01","United States","2025-05-25",1,97.5,0,0,97.5,0,97.5
"High Extraction He[%] Filter Baskets for a Fuller Coffee Experience","Pesado He[%] Basket - Large","PSD-HE-LG","2025-05-01","United States","2025-05-07",1,65,0,0,65,0,65
"Stainless Steel Clump Crusher V2.0 (WDT espresso distribution tool)","Black","V2-PSDcrusher-Black","2025-05-01","United States","2025-05-29",1,34.35,0,0,34.35,0,34.35
"Spring-Loaded Self-Leveling Tamper – Pesado x AD Coffee","Default Title","PSD-ADcoffee-Tamper","2025-05-01","United States","2025-05-26",1,120,0,0,120,0,120
"Magnetic Espresso Dosing Ring","58mm Dosing Ring / Black","V2-PSDring-58mm","2025-05-01","United States","2025-05-02",3,67.5,-2.25,0,65.25,0,65.25
"High Diffusion Espresso Shower Screen","E61 - HD Shower Screen","PSD-HD-E61","2025-05-01","United States","2025-05-06",13,826,-17.71,-53.1,755.19,0,755.19
"Dosing Cup","58mm Dosing Cup / White","PSDdosingCup-WH","2025-05-01","United States","2025-05-25",1,26.25,0,0,26.25,0,26.25
"53.5 & 58.5mm Puck Diffuser Screen","58.5mm","PSD-puck","2025-05-01","Australia","2025-05-30",1,17.7,0,0,17.7,0,17.7
"Magnetic Espresso Dosing Ring","58mm Dosing Ring / Black","V2-PSDring-58mm","2025-05-01","Australia","2025-05-22",1,21.57,0,0,21.57,0,21.57
"Bottomless LM/E61/NS/GA Portafilter (Hybrid)","La Marzocco 6mm / White / Riga","PF00LMWH-Riga-HY","2025-05-01","Canada","2025-05-02",1,122.42,0,0,122.42,0,122.42
"Stand for (WDT) Clump Crusher 2.0","Default Title","V2-PSDcrusher-Stand","2025-05-01","United States","2025-05-12",1,18,0,0,18,0,18
"53.5 & 58.5mm Puck Diffuser Screen","58.5mm","PSD-puck","2025-05-01","Saudi Arabia","2025-05-19",1,20.53,0,0,20.53,0,20.53
"Depth Adjuster","Default Title","PSdepth","2025-05-01","United States","2025-05-06",1,45,-4.5,0,40.5,0,40.5
"Hybrid LM/E61/NS/GA Portafilter - Versatile Bottomless & Spouted","E61 5mm / Black Full Pom","PF02MV-FullPOM-HY","2025-05-01","United States","2025-05-15",1,115,0,0,115,0,115
"High Diffusion Espresso Shower Screen","MV - HD Shower Screen","PSD-HD-MV","2025-05-01","United States","2025-05-18",1,55,-5.5,0,49.5,0,49.5
"Pesado 58.5 Portafilter Hybrid Head - Versatile & Easy to Use","LM/E61 & NS/BR58mm Hybrid Attachment Only","PSDHY","2025-05-01","Singapore","2025-05-17",1,26.15,0,0,26.15,0,26.15
"High Diffusion Espresso Shower Screen","LM - HD Shower Screen","PSD-HD-LM","2025-05-01","United States","2025-05-26",0,110,0,-110,0,0,0
"Impact Gravity Espresso Grounds Distributor (58.4mm)","Black","V2-PSD-distributor","2025-05-01","United States","2025-05-18",1,120,-12,0,108,0,108
"53.5 & 58.5mm Puck Diffuser Screen","58.5mm","PSD-puck","2025-05-01","United States","2025-05-27",1,20,0,0,20,0,20
"Dosing Cup","54mm Dosing Cup / White","PSDdosingCup-WH-54","2025-05-01","Australia","2025-05-23",1,22.73,-2.27,0,20.46,0,20.46
"High Extraction He[%] Filter Baskets for a Fuller Coffee Experience","Pesado He[%] Basket - Medium","PSD-HE-ME","2025-05-01","United States","2025-05-07",1,65,0,0,65,0,65
"Full Moon Wave - Convex Tamper","Black | Black","PSDT-WAVE-BBK","2025-05-01","United States","2025-05-29",1,107,0,0,107,0,107
,"",,"2025-05-01","Australia","2025-05-26",1,29.49,0,0,29.49,2.95,32.44
"Naked/Bottomless Portafilter - Head Only (HYBRID)","La Marzocco 6mm","PFH00LM-HY","2025-05-01","Australia","2025-05-21",1,61.24,0,0,61.24,0,61.24
"Single-Dose Coffee Tubes (Bean Cellar 4-Pack)","Default Title","PSD-beantube","2025-05-01","Poland","2025-05-08",1,27.72,0,0,27.72,0,27.72
"High Diffusion Espresso Shower Screen","E61 - HD Shower Screen","PSD-HD-E61","2025-05-01","Australia","2025-05-25",6,336.58,-14.01,0,322.57,32.26,354.83
"Sunrise Ceramic Coffee Cup and Saucer Set (White)","Default Title","PSD-CeramicSet","2025-05-01","Australia","2025-05-28",2,19.31,-1.45,0,17.86,0,17.86
"Wooden Clump Crusher - WDT Distribution Tool for Fluffy Espresso Puck","Raya","PSDcrusherRAYA","2025-05-01","United States","2025-05-05",1,34.35,0,0,34.35,0,34.35
"Stainless Steel Clump Crusher V2.0 (WDT espresso distribution tool)","Black","V2-PSDcrusher-Black","2025-05-01","United States","2025-05-15",1,34.35,0,0,34.35,0,34.35
"Pesado EP Filter Basket","EP-18g","EP-18g","2025-05-01","United States","2025-05-21",1,20,0,0,20,0,20
"High Diffusion Espresso Shower Screen","MV - HD Shower Screen","PSD-HD-MV","2025-05-01","Australia","2025-05-26",3,155.78,0,0,155.78,15.58,171.36
"High Extraction He[%] Filter Baskets for a Fuller Coffee Experience","Pesado He[%] Basket - Large","PSD-HE-LG","2025-05-01","United States","2025-05-21",0,65,-9.75,-65,-9.75,0,-9.75
"Hybrid Breville 54/58mm Portafilter - Versatile and Easy to Use","Breville 54 / Black | Silver","PF02BR54-BSL-HY","2025-05-01","United States","2025-05-04",1,137,0,0,137,0,137
"High Diffusion Espresso Shower Screen","LM - HD Shower Screen","PSD-HD-LM","2025-05-01","Australia","2025-05-18",3,153.74,-5.12,0,148.62,14.86,163.48
"Hybrid LM/E61/NS/GA Portafilter - Versatile Bottomless & Spouted","E61 5mm / Black | Silver","PF02MV-BSL-HY","2025-05-01","Canada","2025-05-27",1,139.75,-14.62,0,125.13,0,125.13
"Sunrise Ceramic Coffee Cup and Saucer Set (White)","Default Title","PSD-CeramicSet","2025-05-01","United States","2025-05-08",1,10,0,0,10,0,10
,"",,"2025-05-01","United States","2025-05-22",2,0,0,0,0,0,0
"Precision Espresso Portafilter & Basket Bundle - LM & E61","E61 5mm / Black","PRE_SETMV","2025-05-01","United States","2025-05-08",1,202,0,0,202,0,202
"High Extraction He[%] Filter Baskets for a Fuller Coffee Experience","Pesado He[%] Basket - Small","PSD-HE-SM","2025-05-01","Japan","2025-05-16",1,66.6,0,0,66.6,0,66.6
"High Extraction He[%] Filter Baskets for a Fuller Coffee Experience","Pesado He[%] Basket - Small","PSD-HE-SM","2025-05-01","Singapore","2025-05-26",1,66.98,0,0,66.98,0,66.98
"Pesado 58.5 Portafilter Hybrid Head - Versatile & Easy to Use","LM/E61 & NS/BR58mm Hybrid Attachment Only","PSDHY","2025-05-01","United States","2025-05-08",2,50,0,0,50,0,50
"Espresso Shot Mirror","Default Title","PSDshot-mirror","2025-05-01","United States","2025-05-23",1,28,0,0,28,0,28
"Spring-Loaded Self-Leveling Tamper – Pesado x AD Coffee","Default Title","PSD-ADcoffee-Tamper","2025-05-01","Australia","2025-05-19",1,105.47,-21.09,0,84.38,8.44,92.82
"Pesado 58.5 Portafilter Hybrid Head - Versatile & Easy to Use","E61 5mm Hybrid","PFH02MV-HY","2025-05-01","United States","2025-05-08",2,185,0,0,185,0,185
"High Extraction He[%] Filter Baskets for a Fuller Coffee Experience","Pesado He[%] Basket - Medium","PSD-HE-ME","2025-05-01","Germany","2025-05-09",1,66.38,0,0,66.38,0,66.38
"High Diffusion Espresso Shower Screen","LM - HD Shower Screen","PSD-HD-LM","2025-05-01","Canada","2025-05-02",1,56.44,0,0,56.44,0,56.44
"Bottomless LM/E61/NS/GA Portafilter (Hybrid)","E61 5mm / Black Full POM","PF00MV-FullPOM-HY","2025-05-01","United States","2025-05-19",1,90,0,0,90,0,90
"High Extraction He[%] Filter Baskets for a Fuller Coffee Experience","Pesado He[%] Basket - Large","PSD-HE-LG","2025-05-01","United States","2025-05-24",2,130,-13,0,117,0,117
"Stainless Steel Clump Crusher V2.0 (WDT espresso distribution tool)","Black","V2-PSDcrusher-Black","2025-05-01","United States","2025-05-02",2,68.7,0,0,68.7,0,68.7
"High Diffusion Espresso Shower Screen","MV - HD Shower Screen","PSD-HD-MV","2025-05-01","Australia","2025-05-23",2,103.1,-5.14,0,97.96,9.79,107.75
"High Diffusion Espresso Shower Screen","E61 - HD Shower Screen","PSD-HD-E61","2025-05-01","Australia","2025-05-20",3,166.14,0,0,166.14,16.62,182.76
"High Diffusion Espresso Shower Screen","LM - HD Shower Screen","PSD-HD-LM","2025-05-01","Australia","2025-05-31",7,360.36,0,0,360.36,36.05,396.41
"Distribution Bundle","58mm Distribution Bundle / Black","DISTR_B","2025-05-01","Brazil","2025-05-18",1,172.35,0,0,172.35,0,172.35
"High Diffusion Espresso Shower Screen","E61 - HD Shower Screen","PSD-HD-E61","2025-05-01","United Kingdom","2025-05-03",2,122.08,0,0,122.08,0,122.08
"Magnetic Espresso Dosing Ring","58mm Dosing Ring / Black","V2-PSDring-58mm","2025-05-01","United States","2025-05-15",1,22.5,0,0,22.5,0,22.5
"High Diffusion Espresso Shower Screen","E61 - HD Shower Screen","PSD-HD-E61","2025-05-01","United States","2025-05-11",6,413,-5.9,-53.1,354,0,354
"Pesado EP Filter Basket","EP-18g","EP-18g","2025-05-01","Ukraine","2025-05-22",1,20.42,-2.04,0,18.38,0,18.38
"Bottomless LM/E61/NS/GA Portafilter (Hybrid)","Breville 54mm / Black / Riga","PF00BR54BK-Riga-HY","2025-05-01","United States","2025-05-31",1,120,0,0,120,0,120
"Stand for (WDT) Clump Crusher 2.0","Default Title","V2-PSDcrusher-Stand","2025-05-01","United States","2025-05-01",2,36,0,0,36,0,36
"53.5 & 58.5mm Puck Diffuser Screen","58.5mm","PSD-puck","2025-05-01","Australia","2025-05-19",1,17.75,-2.67,0,15.08,0,15.08
"High Diffusion Espresso Shower Screen","E61 - HD Shower Screen","PSD-HD-E61","2025-05-01","Singapore","2025-05-26",1,60.75,0,0,60.75,0,60.75
"Bottomless LM/E61/NS/GA Portafilter (Hybrid)","Breville 58mm / Black Full POM","PF00BR58-FullPOM-HY","2025-05-01","Australia","2025-05-29",1,70.71,-10.61,0,60.1,0,60.1
"High Diffusion Espresso Shower Screen","LM - HD Shower Screen","PSD-HD-LM","2025-05-01","Taiwan","2025-05-03",1,56.12,0,0,56.12,0,56.12
"High Diffusion Espresso Shower Screen","LM - HD Shower Screen","PSD-HD-LM","2025-05-01","United States","2025-05-23",3,165,0,0,165,0,165
"Modular Puck Screen Holder - Aluminum Matte Black","Default Title","PSD-PuckHolder","2025-05-01","United States","2025-05-08",2,36,-1.8,0,34.2,0,34.2
"High Extraction He[%] Filter Baskets for a Fuller Coffee Experience","Pesado He[%] Basket - Medium","PSD-HE-ME","2025-05-01","United States","2025-05-10",2,130,-6.5,0,123.5,0,123.5
"Modular Puck Screen Holder - Aluminum Matte Black","Default Title","PSD-PuckHolder","2025-05-01","Australia","2025-05-28",1,19.32,0,0,19.32,0,19.32
"53.5 & 58.5mm Puck Diffuser Screen","58.5mm","PSD-puck","2025-05-01","United States","2025-05-22",1,20,0,0,20,0,20
"Impact Gravity Espresso Grounds Distributor (58.4mm)","Black","V2-PSD-distributor","2025-05-01","United States","2025-05-31",2,240,0,0,240,0,240
"High Extraction He[%] Filter Baskets for a Fuller Coffee Experience","Pesado He[%] Basket - X-Large","PSD-HE-XL","2025-05-01","United States","2025-05-19",3,195,-6.5,0,188.5,0,188.5
,"",,"2025-05-01","United States","2025-05-05",2,0,0,0,0,0,0
"Hybrid Breville 54/58mm Portafilter - Versatile and Easy to Use","Breville 54 / White Full POM","PF02BR54-WHPOM-HY","2025-05-01","Australia","2025-05-19",1,100.1,-10.01,0,90.09,0,90.09
"53.5 & 58.5mm Puck Diffuser Screen","58.5mm","PSD-puck","2025-05-01","Australia","2025-05-31",1,17.7,0,0,17.7,0,17.7
"High Extraction He[%] Filter Baskets for a Fuller Coffee Experience","Pesado He[%] Basket - Small","PSD-HE-SM","2025-05-01","Netherlands","2025-05-03",1,66.63,0,0,66.63,0,66.63
"Magnetic Espresso Dosing Ring","58mm Dosing Ring / Black","V2-PSDring-58mm","2025-05-01","United States","2025-05-03",1,22.5,0,0,22.5,0,22.5
"High Diffusion Espresso Shower Screen","E61 - HD Shower Screen","PSD-HD-E61","2025-05-01","United States","2025-05-07",11,649,0,0,649,0,649
"High Extraction He[%] Filter Baskets for a Fuller Coffee Experience","Pesado He[%] Basket - X-Large","PSD-HE-XL","2025-05-01","United States","2025-05-31",2,130,-32.5,0,97.5,0,97.5
"Bottomless LM/E61/NS/GA Portafilter (Hybrid)","La Marzocco 6mm / Black / Gold","PF00LM-BGD-HY","2025-05-01","United States","2025-05-16",1,112,0,0,112,0,112
"Hybrid Breville 54/58mm Portafilter - Versatile and Easy to Use","Breville 54 / Black Full POM","PF02BR54-FullPOM-HY","2025-05-01","United States","2025-05-09",1,115,-11.5,0,103.5,0,103.5
"53.5 & 58.5mm Puck Diffuser Screen","58.5mm","PSD-puck","2025-05-01","United States","2025-05-26",1,20,-2,0,18,0,18
"High Extraction He[%] Filter Baskets for a Fuller Coffee Experience","Pesado He[%] Basket - Medium","PSD-HE-ME","2025-05-01","United States","2025-05-06",3,195,-6.5,0,188.5,0,188.5
"53.5 & 58.5mm Puck Diffuser Screen","58.5mm","PSD-puck","2025-05-01","Malaysia","2025-05-11",1,20.48,-2.04,0,18.44,0,18.44
"High Diffusion Espresso Shower Screen","MV - HD Shower Screen","PSD-HD-MV","2025-05-01","United States","2025-05-19",3,165,0,0,165,0,165
"Modular Puck Screen Holder - Aluminum Matte Black","Default Title","PSD-PuckHolder","2025-05-01","United States","2025-05-04",1,18,-2.7,0,15.3,0,15.3
"High Diffusion Espresso Shower Screen","LM - HD Shower Screen","PSD-HD-LM","2025-05-01","United States","2025-05-27",1,55,-8.25,0,46.75,0,46.75
"High Extraction He[%] Filter Baskets for a Fuller Coffee Experience","Pesado He[%] Basket - Medium","PSD-HE-ME","2025-05-01","Germany","2025-05-05",1,66.72,-66.72,0,0,0,0
"High Diffusion Espresso Shower Screen","LM - HD Shower Screen","PSD-HD-LM","2025-05-01","Germany","2025-05-30",1,56.69,0,0,56.69,0,56.69
"Hybrid LM/E61/NS/GA Portafilter - Versatile Bottomless & Spouted","La Marzocco 6mm / Black Full Pom","PF02LM-FullPOM-HY","2025-05-01","United States","2025-05-27",2,230,0,0,230,0,230
"High Diffusion Espresso Shower Screen","MV - HD Shower Screen","PSD-HD-MV","2025-05-01","United Arab Emirates","2025-05-09",1,56.35,0,0,56.35,0,56.35
"Pesado 58.5 Portafilter Hybrid Head - Versatile & Easy to Use","LM/E61 & NS/BR58mm Hybrid Attachment Only","PSDHY","2025-05-01","United States","2025-05-04",1,25,0,0,25,0,25
"High Diffusion Espresso Shower Screen","LM - HD Shower Screen","PSD-HD-LM","2025-05-01","Singapore","2025-05-15",1,56.33,0,0,56.33,0,56.33
"High Diffusion Espresso Shower Screen","LM - HD Shower Screen","PSD-HD-LM","2025-05-01","United Kingdom","2025-05-11",0,57.21,-5.72,-57.05,-5.56,0,-5.56
"High Diffusion Espresso Shower Screen","E61 - HD Shower Screen","PSD-HD-E61","2025-05-01","Australia","2025-05-24",4,224.4,0,0,224.4,22.44,246.84
"High Diffusion Espresso Shower Screen","MV - HD Shower Screen","PSD-HD-MV","2025-05-01","Australia","2025-05-27",7,361.43,0,0,361.43,36.14,397.57
"High Extraction He[%] Filter Baskets for a Fuller Coffee Experience","Pesado He[%] Basket - Large","PSD-HE-LG","2025-05-01","United States","2025-05-20",1,130,0,-55.25,74.75,0,74.75
"Spring-Loaded Self-Leveling Tamper – Pesado x AD Coffee","Default Title","PSD-ADcoffee-Tamper","2025-05-01","Australia","2025-05-18",1,104.83,0,0,104.83,10.48,115.31
,"",,"2025-05-01","United States","2025-05-01",1,0,0,0,0,0,0
"Espresso Shot Mirror","Default Title","PSDshot-mirror","2025-05-01","United States","2025-05-22",1,28,0,0,28,0,28
"Impact Gravity Espresso Grounds Distributor (58.4mm)","Black","V2-PSD-distributor","2025-05-01","Australia","2025-05-22",1,96.17,0,0,96.17,9.62,105.79
"Dosing Cup","54mm Dosing Cup / White","PSDdosingCup-WH-54","2025-05-01","United States","2025-05-19",1,26.25,-6.56,0,19.69,0,19.69
"High Diffusion Espresso Shower Screen","LM - HD Shower Screen","PSD-HD-LM","2025-05-01","Australia","2025-05-30",4,205.64,0,0,205.64,20.56,226.2
"High Extraction He[%] Filter Baskets for a Fuller Coffee Experience","Pesado He[%] Basket - Large","PSD-HE-LG","2025-05-01","United States","2025-05-25",1,130,-9.75,-65,55.25,0,55.25
"Pesado EP Filter Basket","EP-18g","EP-18g","2025-05-01","United States","2025-05-25",2,40,-2.01,0,37.99,0,37.99
"High Diffusion Espresso Shower Screen","MV - HD Shower Screen","PSD-HD-MV","2025-05-01","Australia","2025-05-22",1,51.51,0,0,51.51,5.15,56.66
"High Diffusion Espresso Shower Screen","E61 - HD Shower Screen","PSD-HD-E61","2025-05-01","Australia","2025-05-21",4,222.44,0,0,222.44,22.25,244.69
"High Diffusion Espresso Shower Screen","LM - HD Shower Screen","PSD-HD-LM","2025-05-01","Taiwan","2025-05-02",1,56.12,0,0,56.12,0,56.12
"High Diffusion Espresso Shower Screen","LM - HD Shower Screen","PSD-HD-LM","2025-05-01","Hong Kong","2025-05-11",-12,0,0,-674.28,-674.28,0,-674.28
"High Diffusion Espresso Shower Screen","E61 - HD Shower Screen","PSD-HD-E61","2025-05-01","Malaysia","2025-05-06",1,60.27,0,0,60.27,0,60.27
"53.5 & 58.5mm Puck Diffuser Screen","58.5mm","PSD-puck","2025-05-01","Australia","2025-05-18",1,17.61,-1.76,0,15.85,0,15.85
"High Diffusion Espresso Shower Screen","E61 - HD Shower Screen","PSD-HD-E61","2025-05-01","United States","2025-05-10",11,649,-11.8,0,637.2,0,637.2
"53.5 & 58.5mm Puck Diffuser Screen","53.5mm","PSD-puck-54","2025-05-01","United States","2025-05-03",1,20,0,0,20,0,20
"Pesado EP Filter Basket","EP-22g","EP-22g","2025-05-01","United States","2025-05-17",1,20,0,0,20,0,20
"High Extraction He[%] Filter Baskets for a Fuller Coffee Experience","Pesado He[%] Basket - Large","PSD-HE-LG","2025-05-01","Hungary","2025-05-06",1,66.48,-6.65,0,59.83,0,59.83
"High Diffusion Espresso Shower Screen","MV - HD Shower Screen","PSD-HD-MV","2025-05-01","Taiwan","2025-05-06",1,56.11,0,0,56.11,0,56.11
"Coffee Tamper: 58.5mm & 53.5mm","53.5mm / Black / Black","PSDT-53.5-BBK","2025-05-01","United States","2025-05-11",1,90,0,0,90,0,90
"53.5 & 58.5mm Puck Diffuser Screen","58.5mm","PSD-puck","2025-05-01","United States","2025-05-23",2,40,0,0,40,0,40
"Hybrid LM/E61/NS/GA Portafilter - Versatile Bottomless & Spouted","E61 5mm / Black | Black","PF02MV-BBK-HY","2025-05-01","Spain","2025-05-02",1,140.69,-14.07,0,126.62,0,126.62
"Precision 58mm Breville Bundle: 58mm Portafilter & He[%] Basket","Black","PRE-BR58-SET","2025-05-01","Australia","2025-05-29",2,348.07,-43.51,0,304.56,0,304.56
"High Extraction He[%] Filter Baskets for a Fuller Coffee Experience","Pesado He[%] Basket - Medium","PSD-HE-ME","2025-05-01","United States","2025-05-11",10,650,-13.01,0,636.99,0,636.99
"High Extraction He[%] Filter Baskets for a Fuller Coffee Experience","Pesado He[%] Basket - X-Large","PSD-HE-XL","2025-05-01","United States","2025-05-18",1,65,-9.75,0,55.25,0,55.25
"Pesado Portafilter Tamping Station","Default Title","PSD-TampingStation","2025-05-01","United States","2025-05-05",1,119.99,0,0,119.99,0,119.99
"Hybrid Breville 54/58mm Portafilter - Versatile and Easy to Use","Breville 54 / White | Haze","PF02BR54-WHZ-HY","2025-05-01","United States","2025-05-26",-1,0,0,-145,-145,0,-145
"High Diffusion Espresso Shower Screen","LM - HD Shower Screen","PSD-HD-LM","2025-05-01","United States","2025-05-22",7,385,-5.5,0,379.5,0,379.5
"High Diffusion Espresso Shower Screen","MV - HD Shower Screen","PSD-HD-MV","2025-05-01","United States","2025-05-30",2,110,-5.5,0,104.5,0,104.5
"Coffee Tamper: 58.5mm & 53.5mm","53.5mm / White / Dusk","PSDT-53.5-WDK","2025-05-01","United States","2025-05-28",1,97.5,-9.75,0,87.75,0,87.75
"Hybrid LM/E61/NS/GA Portafilter - Versatile Bottomless & Spouted","Nuova Simonelli / Black | Black","PF02NS-BBK-HY","2025-05-01","United States","2025-05-11",1,137,-13.7,0,123.3,0,123.3
"Pesado EP Filter Basket","EP-20g","EP-20g","2025-05-01","Australia","2025-05-19",1,17.58,-1.75,0,15.83,1.58,17.41
"Spring-Loaded Self-Leveling Tamper – Pesado x AD Coffee","Default Title","PSD-ADcoffee-Tamper","2025-05-01","United States","2025-05-22",1,120,-12.01,0,107.99,0,107.99
"High Extraction He[%] Filter Baskets for a Fuller Coffee Experience","Pesado He[%] Basket - Large","PSD-HE-LG","2025-05-01","United States","2025-05-11",2,130,0,0,130,0,130
"Hybrid LM/E61/NS/GA Portafilter - Versatile Bottomless & Spouted","E61 5mm / Black | Silver","PF02MV-BSL-HY","2025-05-01","United States","2025-05-05",1,137,0,0,137,0,137
"Pesado EP Filter Basket","EP-22g","EP-22g","2025-05-01","United States","2025-05-03",1,20,-2,0,18,0,18
"Hybrid Breville 54/58mm Portafilter - Versatile and Easy to Use","Breville 54 / Black | Dusk","PF02BR54-BDK-HY","2025-05-01","United States","2025-05-06",1,145,-14.51,0,130.49,0,130.49
"Dusk & Haze Clump Crusher (WDT tool)","Haze","PSDcrusher-Haze","2025-05-01","United States","2025-05-06",1,34.35,-3.43,0,30.92,0,30.92
"53.5 & 58.5mm Puck Diffuser Screen","53.5mm","PSD-puck-54","2025-05-01","United States","2025-05-17",1,20,-2,0,18,0,18
"High Diffusion Espresso Shower Screen","E61 - HD Shower Screen","PSD-HD-E61","2025-05-01","United States","2025-05-24",12,708,-17.7,0,690.3,0,690.3
"53.5 & 58.5mm Puck Diffuser Screen","58.5mm","PSD-puck","2025-05-01","Poland","2025-05-08",1,20.59,0,0,20.59,0,20.59
"Magnetic Espresso Dosing Ring","58mm Dosing Ring / Black","V2-PSDring-58mm","2025-05-01","United States","2025-05-28",1,22.5,-22.5,0,0,0,0
"Pesado EP Filter Basket","EP-20g","EP-20g","2025-05-01","United States","2025-05-27",1,20,0,0,20,0,20
"Crusher Threaded Pin Assembly for DIY WDT Tool","4 pack of WDT pins","PSD-removablepins","2025-05-01","United States","2025-05-25",3,3,0,0,3,0,3
"Pesado Black Ripple Set","58mm Dosing Cup","PSDdosingCup-BK","2025-05-01","Ukraine","2025-05-22",1,26.78,-2.68,0,24.1,0,24.1
"High Extraction He[%] Filter Baskets for a Fuller Coffee Experience","Pesado He[%] Basket - Medium","PSD-HE-ME","2025-05-01","Australia","2025-05-21",1,54.7,0,0,54.7,0,54.7
"Alloy Modular Stand for Clump Crusher (WDT tool)","Default Title","PSDcrusher-Stand","2025-05-01","Australia","2025-05-26",1,18.57,0,0,18.57,0,18.57
"Portafilter with a Double Spout for Espresso Machines","La Marzocco / E61 / Black Full Pom","PF02LM-FullPOM","2025-05-01","Australia","2025-05-28",2,141.46,0,0,141.46,0,141.46
"High Diffusion Espresso Shower Screen","MV - HD Shower Screen","PSD-HD-MV","2025-05-01","United States","2025-05-12",5,275,0,0,275,0,275
"High Diffusion Espresso Shower Screen","LM - HD Shower Screen","PSD-HD-LM","2025-05-01","United States","2025-05-04",6,330,0,0,330,0,330
"Hybrid LM/E61/NS/GA Portafilter - Versatile Bottomless & Spouted","La Marzocco 6mm / White | Silver","PF02LM-WSL-HY","2025-05-01","United States","2025-05-28",-1,0,0,-137,-137,0,-137
"High Extraction He[%] Filter Baskets for a Fuller Coffee Experience","Pesado He[%] Basket - Medium","PSD-HE-ME","2025-05-01","United States","2025-05-25",1,130,0,-65,65,0,65
"Bottomless LM/E61/NS/GA Portafilter (Hybrid)","E61 5mm / Black Full POM","PF00MV-FullPOM-HY","2025-05-01","Australia","2025-05-31",1,70.79,0,0,70.79,0,70.79
"53.5 & 58.5mm Puck Diffuser Screen","53.5mm","PSD-puck-54","2025-05-01","United States","2025-05-28",2,40,-2,0,38,0,38
"High Diffusion Espresso Shower Screen","E61 - HD Shower Screen","PSD-HD-E61","2025-05-01","Switzerland","2025-05-13",1,60.67,0,0,60.67,0,60.67
"High Extraction He[%] Filter Baskets for a Fuller Coffee Experience","Pesado He[%] Basket - Medium","PSD-HE-ME","2025-05-01","Singapore","2025-05-28",1,66.69,0,0,66.69,0,66.69
"High Diffusion Espresso Shower Screen","E61 - HD Shower Screen","PSD-HD-E61","2025-05-01","United States","2025-05-21",11,704.66,-8.85,-59,636.81,3.34,640.15
"High Diffusion Espresso Shower Screen","LM - HD Shower Screen","PSD-HD-LM","2025-05-01","Taiwan","2025-05-29",1,56.13,0,0,56.13,0,56.13
"Hybrid LM/E61/NS/GA Portafilter - Versatile Bottomless & Spouted","Nuova Simonelli / Black | Bronze","PF02NS-BBZ-HY","2025-05-01","Canada","2025-05-14",-1,0,0,-140.31,-140.31,0,-140.31
"Alloy Modular Stand for Clump Crusher (WDT tool)","Default Title","PSDcrusher-Stand","2025-05-01","Australia","2025-05-23",1,18.43,0,0,18.43,0,18.43
"High Diffusion Espresso Shower Screen","LM - HD Shower Screen","PSD-HD-LM","2025-05-01","United States","2025-05-09",6,325.52,-5.5,0,320.02,4.48,324.5
"Impact Gravity Espresso Grounds Distributor (58.4mm)","Black","V2-PSD-distributor","2025-05-01","United States","2025-05-01",2,240,-12,0,228,0,228
"High Diffusion Espresso Shower Screen","E61 - HD Shower Screen","PSD-HD-E61","2025-05-01","Germany","2025-05-03",1,60.97,0,0,60.97,0,60.97
"Pesado Portafilter Tamping Station","Default Title","PSD-TampingStation","2025-05-01","United States","2025-05-26",1,119.99,0,0,119.99,0,119.99
"High Extraction He[%] Filter Baskets for a Fuller Coffee Experience","Pesado He[%] Basket - Medium","PSD-HE-ME","2025-05-01","United States","2025-05-20",2,130,-6.5,0,123.5,0,123.5
"Hybrid Breville 54/58mm Portafilter - Versatile and Easy to Use","Breville 54 / Black | Riga","PF02BR54BK-Riga-HY","2025-05-01","United States","2025-05-07",1,145,0,0,145,0,145
"53.5 & 58.5mm Puck Diffuser Screen","58.5mm","PSD-puck","2025-05-01","United States","2025-05-08",3,60,0,0,60,0,60
"Hybrid Breville 54/58mm Portafilter - Versatile and Easy to Use","Breville 58 / Raya","PF02BR58Raya-HY","2025-05-01","Australia","2025-05-30",1,125.5,-18.82,0,106.68,0,106.68
"High Extraction He[%] Filter Baskets for a Fuller Coffee Experience","Pesado He[%] Basket - Large","PSD-HE-LG","2025-05-01","Philippines","2025-05-06",1,66.77,0,0,66.77,0,66.77
"Pesado Black Ripple Set","Precision Barista Jug Sharp Spout","PSDjug-BK","2025-05-01","United States","2025-05-01",1,34.35,-34.35,0,0,0,0
"Pesado Single Dose Coffee Cellar Stand + 4 Pack of Bean Cellars","Default Title","PSD-Beanstand-combo","2025-05-01","Australia","2025-05-30",2,148.02,-14.8,0,133.22,0,133.22
"53.5 & 58.5mm Puck Diffuser Screen","58.5mm","PSD-puck","2025-05-01","Israel","2025-05-18",1,20.53,-2.05,0,18.48,0,18.48
"Crusher Threaded Pin Assembly for DIY WDT Tool","4 pack of WDT pins","PSD-removablepins","2025-05-01","Australia","2025-05-30",5,3.2,-0.26,0,2.94,0,2.94
"Pesado EP Filter Basket","EP-18g","EP-18g","2025-05-01","United States","2025-05-06",1,20,0,0,20,0,20
"High Extraction He[%] Filter Baskets for a Fuller Coffee Experience","Pesado He[%] Basket - Large","PSD-HE-LG","2025-05-01","United States","2025-05-06",4,260,-6.5,0,253.5,0,253.5
"free shipping","Default Title","","2025-05-01","Australia","2025-05-23",1,0,0,0,0,0,0
"Bottomless LM/E61/NS/GA Portafilter (Hybrid)","E61 5mm / White Full POM","PF00MV-WHPOM-HY","2025-05-01","Australia","2025-05-24",1,71.45,0,0,71.45,0,71.45
"Sunrise Ceramic Coffee Cup and Saucer Set (White)","Default Title","PSD-CeramicSet","2025-05-01","United States","2025-05-27",2,20,0,0,20,0,20
"High Extraction He[%] Filter Baskets for a Fuller Coffee Experience","Pesado He[%] Basket - Large","PSD-HE-LG","2025-05-01","United States","2025-05-09",3,195,0,0,195,0,195
"Bottomless LM/E61/NS/GA Portafilter (Hybrid)","La Marzocco 6mm / Black / Bronze","PF00LM-BBZ-HY","2025-05-01","United States","2025-05-04",1,112,0,0,112,0,112
"53.5 & 58.5mm Puck Diffuser Screen","53.5mm","PSD-puck-54","2025-05-01","Australia","2025-05-27",2,35.48,-2.67,0,32.81,0,32.81
"Espresso Shot Mirror","Default Title","PSDshot-mirror","2025-05-01","United States","2025-05-06",3,84,-2.8,0,81.2,0,81.2
"High Extraction He[%] 54mm Breville Filter Basket - Dosing 18g-20g","Default Title","PSD-HE-54","2025-05-01","United States","2025-05-17",3,195,-6.5,0,188.5,0,188.5
"High Diffusion Espresso Shower Screen","LM - HD Shower Screen","PSD-HD-LM","2025-05-01","Canada","2025-05-19",1,56.59,0,0,56.59,0,56.59
"Hybrid LM/E61/NS/GA Portafilter - Versatile Bottomless & Spouted","La Marzocco 6mm / White | Iris","PF02LMWH-Iris-HY","2025-05-01","United States","2025-05-06",1,145,0,0,145,0,145
"Hybrid LM/E61/NS/GA Portafilter - Versatile Bottomless & Spouted","E61 5mm / White | Riga","PF02MVWH-Riga-HY","2025-05-01","Australia","2025-05-17",1,124.88,0,0,124.88,0,124.88
"Modular Puck Screen Holder - Aluminum Matte Black","Default Title","PSD-PuckHolder","2025-05-01","United States","2025-05-25",2,36,0,0,36,0,36
"High Diffusion Espresso Shower Screen","LM - HD Shower Screen","PSD-HD-LM","2025-05-01","United States","2025-05-06",4,275,-5.5,-55,214.5,0,214.5
"High Diffusion Espresso Shower Screen","LM - HD Shower Screen","PSD-HD-LM","2025-05-01","New Zealand","2025-05-29",1,56.76,0,0,56.76,0,56.76
"High Extraction He[%] Filter Baskets for a Fuller Coffee Experience","Pesado He[%] Basket - X-Large","PSD-HE-XL","2025-05-01","United States","2025-05-02",2,130,-13,0,117,0,117
"High Extraction He[%] Filter Baskets for a Fuller Coffee Experience","Pesado He[%] Basket - Medium","PSD-HE-ME","2025-05-01","United States","2025-05-27",1,65,0,0,65,0,65
"Precision 58mm Breville Bundle: 58mm Portafilter & He[%] Basket","Black","PRE-BR58-SET","2025-05-01","United States","2025-05-06",1,202,-20.2,0,181.8,0,181.8
"High Extraction He[%] Filter Baskets for a Fuller Coffee Experience","Pesado He[%] Basket - X-Large","PSD-HE-XL","2025-05-01","Australia","2025-05-18",5,272.46,-163.56,0,108.9,0,108.9
"Hybrid Breville 54/58mm Portafilter - Versatile and Easy to Use","Breville 58 / Black Full POM","PF02BR58-FullPOM-HY","2025-05-01","Australia","2025-05-30",1,99.52,0,0,99.52,0,99.52
"High Diffusion Espresso Shower Screen","E61 - HD Shower Screen","PSD-HD-E61","2025-05-01","United States","2025-05-26",6,354,-11.8,0,342.2,0,342.2
"Impact Gravity Espresso Grounds Distributor (58.4mm)","Black","V2-PSD-distributor","2025-05-01","Japan","2025-05-21",1,122.4,-18.36,0,104.04,0,104.04
"High Extraction He[%] Filter Baskets for a Fuller Coffee Experience","Pesado He[%] Basket - Small","PSD-HE-SM","2025-05-01","United States","2025-05-31",1,65,-6.5,0,58.5,0,58.5
"High Extraction He[%] Filter Baskets for a Fuller Coffee Experience","Pesado He[%] Basket - Medium","PSD-HE-ME","2025-05-01","Saudi Arabia","2025-05-19",1,66.39,0,0,66.39,0,66.39
"Hybrid Breville 54/58mm Portafilter - Versatile and Easy to Use","Breville 58 / Black | Riga","PF02BR58BK-Riga-HY","2025-05-01","Australia","2025-05-29",1,125.86,-18.88,0,106.98,0,106.98
"Magnetic Espresso Dosing Ring","54mm Dosing Ring / Black","V2-PSDring-54mm","2025-05-01","United States","2025-05-11",1,22.5,0,0,22.5,0,22.5
"Bottomless LM/E61/NS/GA Portafilter (Hybrid)","E61 5mm / Black / Riga","PF00MVBK-Riga-HY","2025-05-01","United States","2025-05-02",1,120,-12,0,108,0,108
"High Diffusion Espresso Shower Screen","LM - HD Shower Screen","PSD-HD-LM","2025-05-01","Austria","2025-05-15",1,57.01,0,0,57.01,0,57.01
"High Diffusion Espresso Shower Screen","LM - HD Shower Screen","PSD-HD-LM","2025-05-01","United States","2025-05-11",11,605,-11,0,594,0,594
"Stainless Steel Clump Crusher V2.0 (WDT espresso distribution tool)","Black","V2-PSDcrusher-Black","2025-05-01","Australia","2025-05-22",1,28.38,0,0,28.38,0,28.38
"High Extraction He[%] Filter Baskets for a Fuller Coffee Experience","Pesado He[%] Basket - X-Large","PSD-HE-XL","2025-05-01","United States","2025-05-15",1,65,0,0,65,0,65
"High Extraction He[%] Filter Baskets for a Fuller Coffee Experience","Pesado He[%] Basket - Medium","PSD-HE-ME","2025-05-01","United States","2025-05-22",-2,0,0,-130,-130,0,-130
"53.5 & 58.5mm Puck Diffuser Screen","58.5mm","PSD-puck","2025-05-01","United States","2025-05-10",4,80,-6,0,74,0,74
"Metallic Stainless Steel Leva Accents","Black","V2-PSDleva-black","2025-05-01","United States","2025-05-10",2,40.8,-4.08,0,36.72,0,36.72
"Bottomless LM/E61/NS/GA Portafilter (Hybrid)","E61 5mm / Black / Silver","PF00MV-BSL-HY","2025-05-01","United States","2025-05-21",1,112,0,0,112,0,112
"High Diffusion Espresso Shower Screen","E61 - HD Shower Screen","PSD-HD-E61","2025-05-01","United States","2025-05-23",7,413,0,0,413,0,413
"Stand for (WDT) Clump Crusher 2.0","Default Title","V2-PSDcrusher-Stand","2025-05-01","United States","2025-05-29",1,18,0,0,18,0,18
"Coffee Tamper: 58.5mm & 53.5mm","58.5mm / White / Dusk","PSDTMWDk","2025-05-01","Australia","2025-05-31",1,77.23,0,0,77.23,0,77.23
"High Extraction He[%] Filter Baskets for a Fuller Coffee Experience","Pesado He[%] Basket - Small","PSD-HE-SM","2025-05-01","United States","2025-05-18",1,65,-6.5,0,58.5,0,58.5
"Spring-Loaded Self-Leveling Tamper – Pesado x AD Coffee","Default Title","PSD-ADcoffee-Tamper","2025-05-01","United States","2025-05-25",1,120,0,0,120,0,120
"High Extraction He[%] Filter Baskets for a Fuller Coffee Experience","Pesado He[%] Basket - Large","PSD-HE-LG","2025-05-01","United States","2025-05-04",2,130,0,0,130,0,130
"Bottomless LM/E61/NS/GA Portafilter (Hybrid)","Breville 54mm / Black / Gold","PF00BR54-BGD-HY","2025-05-01","United States","2025-05-13",1,112,-11.2,0,100.8,0,100.8
"Pesado 58.5 Portafilter Hybrid Head - Versatile & Easy to Use","Breville 54mm Hybrid Attachment Only","PSDHY-BR","2025-05-01","Australia","2025-05-22",1,22.57,0,0,22.57,0,22.57
"Magnetic Espresso Dosing Ring","58mm Dosing Ring / Black","V2-PSDring-58mm","2025-05-01","Australia","2025-05-24",1,21.76,0,0,21.76,0,21.76
"Stand for (WDT) Clump Crusher 2.0","Default Title","V2-PSDcrusher-Stand","2025-05-01","United States","2025-05-02",1,18,0,0,18,0,18
"Pesado Single Dose Coffee Cellar Stand + 4 Pack of Bean Cellars","Default Title","PSD-Beanstand-combo","2025-05-01","United States","2025-05-13",1,75,0,0,75,0,75
"High Diffusion Espresso Shower Screen","E61 - HD Shower Screen","PSD-HD-E61","2025-05-01","United States","2025-05-08",9,767,-11.8,-212.4,542.8,0,542.8
"53.5 & 58.5mm Puck Diffuser Screen","53.5mm","PSD-puck-54","2025-05-01","United States","2025-05-01",1,20,0,0,20,0,20
"Impact Gravity Espresso Grounds Distributor (58.4mm)","Black","V2-PSD-distributor","2025-05-01","United States","2025-05-17",1,120,-12,0,108,0,108
"53.5 & 58.5mm Puck Diffuser Screen","58.5mm","PSD-puck","2025-05-01","United States","2025-05-24",4,80,-4,0,76,0,76
"High Extraction He[%] Filter Baskets for a Fuller Coffee Experience","Pesado He[%] Basket - Medium","PSD-HE-ME","2025-05-01","United States","2025-05-04",2,130,-6.5,0,123.5,0,123.5
"High Extraction He[%] Filter Baskets for a Fuller Coffee Experience","Pesado He[%] Basket - X-Large","PSD-HE-XL","2025-05-01","United States","2025-05-29",-1,0,0,-65,-65,0,-65
"Modular Puck Screen Holder - Aluminum Matte Black","Default Title","PSD-PuckHolder","2025-05-01","United States","2025-05-06",2,36,-3.6,0,32.4,0,32.4
"High Diffusion Espresso Shower Screen","MV - HD Shower Screen","PSD-HD-MV","2025-05-01","United States","2025-05-17",8,440,-16.5,0,423.5,0,423.5
"High Extraction He[%] 54mm Breville Filter Basket - Dosing 18g-20g","Default Title","PSD-HE-54","2025-05-01","Australia","2025-05-19",1,54.89,-5.49,0,49.4,0,49.4
"High Diffusion Espresso Shower Screen","LM - HD Shower Screen","PSD-HD-LM","2025-05-01","United States","2025-05-25",6,381.57,-9.37,-49.5,322.7,2.8,325.5
"Bottomless LM/E61/NS/GA Portafilter (Hybrid)","Nuova Simonelli / White Full POM","PF00NS-WHPOM-HY","2025-05-01","United States","2025-05-26",2,180,0,0,180,0,180
"Stand for (WDT) Clump Crusher 2.0","Default Title","V2-PSDcrusher-Stand","2025-05-01","United States","2025-05-15",1,18,0,0,18,0,18
"High Diffusion Espresso Shower Screen","MV - HD Shower Screen","PSD-HD-MV","2025-05-01","Hong Kong","2025-05-12",3,168.3,-33.66,0,134.64,0,134.64
"Portafilter with a Double Spout for Espresso Machines","La Marzocco / E61 / White | Silver","PF02LM-WSL","2025-05-01","United States","2025-05-22",1,112,0,0,112,0,112
"Pesado EP Filter Basket","EP-22g","EP-22g","2025-05-01","United States","2025-05-30",1,20,0,0,20,0,20
"High Diffusion Espresso Shower Screen","E61 - HD Shower Screen","PSD-HD-E61","2025-05-01","United States","2025-05-05",9,531,0,0,531,0,531
"Dosing Cup","54mm Dosing Cup / White","PSDdosingCup-WH-54","2025-05-01","United States","2025-05-28",2,52.5,-5.25,0,47.25,0,47.25
"Hybrid Breville 54/58mm Portafilter - Versatile and Easy to Use","Breville 54 / White | Dusk","PF02BR54-WDK-HY","2025-05-01","United States","2025-05-09",1,145,-14.5,0,130.5,0,130.5
"High Diffusion Espresso Shower Screen","LM - HD Shower Screen","PSD-HD-LM","2025-05-01","Australia","2025-05-17",1,51.25,0,0,51.25,5.13,56.38
"High Diffusion Espresso Shower Screen","E61 - HD Shower Screen","PSD-HD-E61","2025-05-01","Australia","2025-05-26",4,224.46,-8.44,0,216.02,21.61,237.63
"High Diffusion Espresso Shower Screen","MV - HD Shower Screen","PSD-HD-MV","2025-05-01","Australia","2025-05-25",1,51.96,0,0,51.96,5.2,57.16
"High Extraction He[%] Filter Baskets for a Fuller Coffee Experience","Pesado He[%] Basket - Large","PSD-HE-LG","2025-05-01","United States","2025-05-22",1,65,0,0,65,0,65
"Pesado 58.5 Portafilter Hybrid Head - Versatile & Easy to Use","Breville 58mm Hybrid","PFH02BR58-HY","2025-05-01","United States","2025-05-18",1,92.5,-9.26,0,83.24,0,83.24
"Stainless Steel Clump Crusher V2.0 (WDT espresso distribution tool)","Black","V2-PSDcrusher-Black","2025-05-01","United States","2025-05-12",1,34.35,0,0,34.35,0,34.35
"High Diffusion Espresso Shower Screen","LM - HD Shower Screen","PSD-HD-LM","2025-05-01","Canada","2025-05-12",2,113.06,0,0,113.06,0,113.06
"Espresso Shot Mirror","Default Title","PSDshot-mirror","2025-05-01","United States","2025-05-25",2,56,0,0,56,0,56
"Spring-Loaded Self-Leveling Tamper – Pesado x AD Coffee","Default Title","PSD-ADcoffee-Tamper","2025-05-01","Australia","2025-05-29",1,105.36,0,0,105.36,10.53,115.89
"Portafilter with a Double Spout for Espresso Machines","La Marzocco / E61 / Black | Black","PF02LM-BBK","2025-05-01","United States","2025-05-08",1,112,0,0,112,0,112
"Hybrid LM/E61/NS/GA Portafilter - Versatile Bottomless & Spouted","E61 5mm / Black | Gold","PF02MV-BGD-HY","2025-05-01","United States","2025-05-29",1,137,0,0,137,0,137
"Naked/Bottomless Portafilter - Head Only (HYBRID)","E61 5mm","PFH00MV-HY","2025-05-01","United States","2025-05-02",1,67.5,-6.75,0,60.75,0,60.75
"High Diffusion Espresso Shower Screen","LM - HD Shower Screen","PSD-HD-LM","2025-05-01","Australia","2025-05-28",6,308.62,0,0,308.62,30.86,339.48
"High Diffusion Espresso Shower Screen","E61 - HD Shower Screen","PSD-HD-E61","2025-05-01","Australia","2025-05-23",1,56.1,0,0,56.1,5.61,61.71
"High Diffusion Espresso Shower Screen","MV - HD Shower Screen","PSD-HD-MV","2025-05-01","Australia","2025-05-20",4,205.61,-12.87,0,192.74,19.28,212.02
"Pesado x IMS Breville 54mm - Competition Shower Screen","Breville 54mm","PSDBreville","2025-05-01","Australia","2025-05-30",1,17.51,0,0,17.51,1.75,19.26
"Stainless Steel Clump Crusher V2.0 (WDT espresso distribution tool)","Black","V2-PSDcrusher-Black","2025-05-01","United States","2025-05-01",1,34.35,0,0,34.35,0,34.35
"High Extraction He[%] Filter Baskets for a Fuller Coffee Experience","Pesado He[%] Basket - Large","PSD-HE-LG","2025-05-01","United States","2025-05-27",2,130,0,0,130,0,130
"Wooden Clump Crusher - WDT Distribution Tool for Fluffy Espresso Puck","Raya","PSDcrusherRAYA","2025-05-01","United States","2025-05-11",1,34.35,-3.43,0,30.92,0,30.92
"Portafilter with a Double Spout for Espresso Machines","Breville 58 / Black | Silver","PF02BR58-BSL","2025-05-01","United States","2025-05-12",1,112,-11.2,0,100.8,0,100.8
"High Extraction He[%] 54mm Breville Filter Basket - Dosing 18g-20g","Default Title","PSD-HE-54","2025-05-01","United States","2025-05-03",1,65,0,0,65,0,65
"Wooden Clump Crusher - WDT Distribution Tool for Fluffy Espresso Puck","Iris","PSDcrusherIRIS","2025-05-01","United States","2025-05-14",1,34.35,0,0,34.35,0,34.35
"Dosing Bundle","Black","DOSING_B","2025-05-01","United States","2025-05-07",1,52.5,-5.25,0,47.25,0,47.25
"Distribution Bundle","54mm Distribution Bundle / Black","DISTR_B_54mm","2025-05-01","United States","2025-05-07",1,162.35,0,0,162.35,0,162.35
"High Extraction He[%] Filter Baskets for a Fuller Coffee Experience","Pesado He[%] Basket - Large","PSD-HE-LG","2025-05-01","Australia","2025-05-26",1,55.28,0,0,55.28,0,55.28
"Portafilter with a Double Spout for Espresso Machines","La Marzocco / E61 / Black | Black","PF02LM-BBK","2025-05-01","United States","2025-05-05",-1,0,0,-112,-112,0,-112
"Hybrid Breville 54/58mm Portafilter - Versatile and Easy to Use","Breville 58 / White Full POM","PF02BR58-WHPOM-HY","2025-05-01","Australia","2025-05-17",1,99.27,0,0,99.27,0,99.27
"High Diffusion Espresso Shower Screen","LM - HD Shower Screen","PSD-HD-LM","2025-05-01","Hungary","2025-05-22",1,56.34,0,0,56.34,0,56.34
"High Extraction He[%] Filter Baskets for a Fuller Coffee Experience","Pesado He[%] Basket - X-Large","PSD-HE-XL","2025-05-01","United States","2025-05-16",1,65,-6.5,0,58.5,0,58.5
"53.5 & 58.5mm Puck Diffuser Screen","58.5mm","PSD-puck","2025-05-01","United States","2025-05-21",2,40,-3.01,0,36.99,0,36.99
"Stainless Steel Milk Jug With Round Spout - 16.5oz / 490ml","Default Title","PSDjugWH","2025-05-01","Australia","2025-05-31",1,34.75,0,0,34.75,0,34.75
"Espresso Shot Mirror","Default Title","PSDshot-mirror","2025-05-01","Australia","2025-05-25",1,26.31,0,0,26.31,0,26.31
"High Extraction He[%] Filter Baskets for a Fuller Coffee Experience","Pesado He[%] Basket - Medium","PSD-HE-ME","2025-05-01","United States","2025-05-09",1,65,0,0,65,0,65
"Modular Puck Screen Holder - Aluminum Matte Black","Default Title","PSD-PuckHolder","2025-05-01","Malaysia","2025-05-11",1,18.38,-1.83,0,16.55,0,16.55
"Dusk & Haze Leva Accents","Haze","PSDleva-haze","2025-05-01","United States","2025-05-06",3,61.2,-6.12,0,55.08,0,55.08
"Pesado EP Filter Basket","EP-18g","EP-18g","2025-05-01","Australia","2025-05-19",1,17.6,-2.63,0,14.97,1.5,16.47
"High Extraction He[%] 54mm Breville Filter Basket - Dosing 18g-20g","Default Title","PSD-HE-54","2025-05-01","Australia","2025-05-30",2,109.13,-5.46,0,103.67,0,103.67
"High Diffusion Espresso Shower Screen","MV - HD Shower Screen","PSD-HD-MV","2025-05-01","United States","2025-05-28",5,275,0,0,275,0,275
"High Diffusion Espresso Shower Screen","LM - HD Shower Screen","PSD-HD-LM","2025-05-01","United States","2025-05-20",3,165,0,0,165,0,165
"Gravity Coffee Distributor 53.5mm","54 mm","PSD-distributor-54m","2025-05-01","United States","2025-05-06",1,110,-11,0,99,0,99
"53.5 & 58.5mm Puck Diffuser Screen","53.5mm","PSD-puck-54","2025-05-01","Australia","2025-05-22",1,17.73,0,0,17.73,0,17.73
"Bottomless LM/E61/NS/GA Portafilter (Hybrid)","Breville 58mm / White Full POM","PF00BR58-WHPOM-HY","2025-05-01","Australia","2025-05-18",1,70.45,0,0,70.45,0,70.45
"High Extraction He[%] 54mm Breville Filter Basket - Dosing 18g-20g","Default Title","PSD-HE-54","2025-05-01","United States","2025-05-28",2,130,-6.5,0,123.5,0,123.5
"Pesado Single Dose Coffee Cellar Stand + 4 Pack of Bean Cellars","Default Title","PSD-Beanstand-combo","2025-05-01","Australia","2025-05-28",1,73.85,0,0,73.85,0,73.85
,"",,"2025-05-01","United States","2025-05-19",1,0,0,0,0,0,0
"High Diffusion Espresso Shower Screen","LM - HD Shower Screen","PSD-HD-LM","2025-05-01","United States","2025-05-24",6,330,-11,0,319,0,319
"High Diffusion Espresso Shower Screen","MV - HD Shower Screen","PSD-HD-MV","2025-05-01","United States","2025-05-16",4,220,-5.5,0,214.5,0,214.5
"High Extraction He[%] Filter Baskets for a Fuller Coffee Experience","Pesado He[%] Basket - Medium","PSD-HE-ME","2025-05-01","United States","2025-05-05",1,65,0,0,65,0,65
"Modular Puck Screen Holder - Aluminum Matte Black","Default Title","PSD-PuckHolder","2025-05-01","Austria","2025-05-15",1,18.96,0,0,18.96,0,18.96
"Portafilter with a Double Spout for Espresso Machines","La Marzocco / E61 / White | Black","PF02LM-WBK","2025-05-01","Australia","2025-05-31",1,96.54,0,0,96.54,0,96.54
"53.5 & 58.5mm Puck Diffuser Screen","58.5mm","PSD-puck","2025-05-01","United States","2025-05-25",4,80,0,0,80,0,80
"Modular Puck Screen Holder - Aluminum Matte Black","Default Title","PSD-PuckHolder","2025-05-01","Australia","2025-05-19",1,19.34,-3.87,0,15.47,0,15.47
"High Extraction He[%] Filter Baskets for a Fuller Coffee Experience","Pesado He[%] Basket - X-Large","PSD-HE-XL","2025-05-01","United States","2025-05-28",1,65,0,0,65,0,65
"Espresso Shot Mirror","Default Title","PSDshot-mirror","2025-05-01","Australia","2025-05-21",1,26.06,0,0,26.06,0,26.06
"Full Moon Wave - Convex Tamper","White | Riga","PSDT-WAVE-WHRiga","2025-05-01","United States","2025-05-18",1,114.5,-11.45,0,103.05,0,103.05
"Precision 58mm Breville Bundle: 58mm Portafilter & He[%] Basket","Black","PRE-BR58-SET","2025-05-01","United States","2025-05-24",1,202,0,0,202,0,202
"High Diffusion Espresso Shower Screen","E61 - HD Shower Screen","PSD-HD-E61","2025-05-01","United States","2025-05-04",8,472,-23.6,0,448.4,0,448.4
"Crusher Threaded Pin Assembly for DIY WDT Tool","4 pack of WDT pins","PSD-removablepins","2025-05-01","United Arab Emirates","2025-05-09",5,5.45,0,0,5.45,0,5.45
"High Extraction He[%] Filter Baskets for a Fuller Coffee Experience","Pesado He[%] Basket - Small","PSD-HE-SM","2025-05-01","United States","2025-05-01",1,65,0,0,65,0,65
"53.5 & 58.5mm Puck Diffuser Screen","58.5mm","PSD-puck","2025-05-01","Australia","2025-05-28",1,17.71,0,0,17.71,0,17.71
"Stand for (WDT) Clump Crusher 2.0","Default Title","V2-PSDcrusher-Stand","2025-05-01","United States","2025-05-14",1,18,0,0,18,0,18
"High Diffusion Espresso Shower Screen","LM - HD Shower Screen","PSD-HD-LM","2025-05-01","Australia","2025-05-16",3,153.71,0,0,153.71,15.37,169.08
"High Extraction He[%] Filter Baskets for a Fuller Coffee Experience","Pesado He[%] Basket - Large","PSD-HE-LG","2025-05-01","United States","2025-05-23",1,65,0,0,65,0,65
"High Diffusion Espresso Shower Screen","MV - HD Shower Screen","PSD-HD-MV","2025-05-01","Australia","2025-05-24",2,103.92,0,0,103.92,10.4,114.32
"Coffee Tamper: 58.5mm & 53.5mm","58.5mm With Black Base / Black / Silver","PSDT-BKBase-BSi","2025-05-01","Australia","2025-05-18",1,76.84,0,0,76.84,0,76.84
"High Diffusion Espresso Shower Screen","E61 - HD Shower Screen","PSD-HD-E61","2025-05-01","Australia","2025-05-27",5,278.82,0,0,278.82,27.88,306.7
"High Extraction He[%] Filter Baskets for a Fuller Coffee Experience","Pesado He[%] Basket - Medium","PSD-HE-ME","2025-05-01","United Kingdom","2025-05-28",5,336.8,0,0,336.8,0,336.8
"Bottomless LM/E61/NS/GA Portafilter (Hybrid)","Breville 58mm / White Full POM","PF00BR58-WHPOM-HY","2025-05-01","Taiwan","2025-05-11",1,91.81,0,0,91.81,0,91.81
"Bottomless LM/E61/NS/GA Portafilter (Hybrid)","E61 5mm / White / Haze","PF00MV-WHZ-HY","2025-05-01","Australia","2025-05-25",1,97.44,-9.74,0,87.7,0,87.7
"Hybrid LM/E61/NS/GA Portafilter - Versatile Bottomless & Spouted","E61 5mm / Black | Black","PF02MV-BBK-HY","2025-05-01","United States","2025-05-30",1,137,-13.7,0,123.3,0,123.3
"Alloy Modular Stand for Clump Crusher (WDT tool)","Default Title","PSDcrusher-Stand","2025-05-01","New Zealand","2025-05-29",1,18.45,0,0,18.45,0,18.45
"Dusk & Haze Clump Crusher (WDT tool)","Dusk","PSDcrusher-Dusk","2025-05-01","United States","2025-05-01",1,34.35,0,0,34.35,0,34.35
"Alloy Modular Stand for Clump Crusher (WDT tool)","Default Title","PSDcrusher-Stand","2025-05-01","United States","2025-05-25",1,18,-1.8,0,16.2,0,16.2
"Magnetic Espresso Dosing Ring","58mm Dosing Ring / Black","V2-PSDring-58mm","2025-05-01","Philippines","2025-05-04",1,23.35,0,0,23.35,0,23.35
"Modular Portafilter Handles","White / Riga",,"2025-05-01","United States","2025-05-07",-1,0,0,-49.5,-49.5,0,-49.5
"High Diffusion Espresso Shower Screen","MV - HD Shower Screen","PSD-HD-MV","2025-05-01","Australia","2025-05-21",2,102.93,0,0,102.93,10.3,113.23
"High Extraction He[%] Filter Baskets for a Fuller Coffee Experience","Pesado He[%] Basket - Large","PSD-HE-LG","2025-05-01","United States","2025-05-26",2,130,0,0,130,0,130
"High Diffusion Espresso Shower Screen","E61 - HD Shower Screen","PSD-HD-E61","2025-05-01","Kuwait","2025-05-02",1,59,0,0,59,0,59
"Sunrise Ceramic Coffee Cup and Saucer Set (White)","Default Title","PSD-CeramicSet","2025-05-01","United States","2025-05-07",1,10,-1,0,9,0,9
"Bottomless LM/E61/NS/GA Portafilter (Hybrid)","E61 5mm / Black / Bronze","PF00MV-BBZ-HY","2025-05-01","United States","2025-05-11",1,112,0,0,112,0,112
"Hybrid LM/E61/NS/GA Portafilter - Versatile Bottomless & Spouted","E61 5mm / Black | Gold","PF02MV-BGD-HY","2025-05-01","United States","2025-05-17",1,137,-13.7,0,123.3,0,123.3
"Modular Portafilter Handles","White / Black / Black",,"2025-05-01","United States","2025-05-18",1,55,-5.5,0,49.5,0,49.5
"Espresso Shot Mirror","Default Title","PSDshot-mirror","2025-05-01","United States","2025-05-21",1,28,0,0,28,0,28
"Pesado Black Ripple Set","Precision Barista Jug Sharp Spout","PSDjug-BK","2025-05-01","United States","2025-05-29",1,34.35,0,0,34.35,0,34.35
"Coffee Tamper: 58.5mm & 53.5mm","58.5mm / Black / Bronze","PSDTMBBZ","2025-05-01","Australia","2025-05-19",1,77.46,-11.62,0,65.84,0,65.84
"Bottomless LM/E61/NS/GA Portafilter (Hybrid)","E61 5mm / Black / Black","PF00MV-BBK-HY","2025-05-01","United States","2025-05-30",1,112,0,0,112,0,112
"Bottomless LM/E61/NS/GA Portafilter (Hybrid)","E61 5mm / Black / Bronze","PF00MV-BBZ-HY","2025-05-01","Poland","2025-05-25",1,114.53,0,0,114.53,0,114.53
"High Diffusion Espresso Shower Screen","E61 - HD Shower Screen","PSD-HD-E61","2025-05-01","United Kingdom","2025-05-06",2,122.5,0,0,122.5,0,122.5
"Hybrid LM/E61/NS/GA Portafilter - Versatile Bottomless & Spouted","E61 5mm / Black Full Pom","PF02MV-FullPOM-HY","2025-05-01","Saudi Arabia","2025-05-19",1,117.31,0,0,117.31,0,117.31
"Pesado EP Filter Basket","EP-18g","EP-18g","2025-05-01","Australia","2025-05-18",1,17.46,-1.74,0,15.72,1.57,17.29
"High Diffusion Espresso Shower Screen","LM - HD Shower Screen","PSD-HD-LM","2025-05-01","United States","2025-05-21",3,275,0,-110,165,0,165
"High Diffusion Espresso Shower Screen","MV - HD Shower Screen","PSD-HD-MV","2025-05-01","United States","2025-05-29",2,110,0,0,110,0,110
"Precision 58mm Breville Bundle: 58mm Portafilter & He[%] Basket","Black","PRE-BR58-SET","2025-05-01","Australia","2025-05-30",1,173.36,0,0,173.36,0,173.36
"High Extraction He[%] Filter Baskets for a Fuller Coffee Experience","Pesado He[%] Basket - Medium","PSD-HE-ME","2025-05-01","United States","2025-05-08",2,130,-6.5,0,123.5,0,123.5
"Pesado Portafilter Tamping Station","Default Title","PSD-TampingStation","2025-05-01","United States","2025-05-06",2,239.98,-11.99,0,227.99,0,227.99
"53.5 & 58.5mm Puck Diffuser Screen","58.5mm","PSD-puck","2025-05-01","United States","2025-05-20",2,40,-2,0,38,0,38
"Impact Gravity Espresso Grounds Distributor (58.4mm)","Black","V2-PSD-distributor","2025-05-01","United States","2025-05-29",1,120,-12.01,0,107.99,0,107.99
"Magnetic Espresso Dosing Ring","58mm Dosing Ring / Black","V2-PSDring-58mm","2025-05-01","United States","2025-05-13",1,22.5,0,0,22.5,0,22.5
"High Diffusion Espresso Shower Screen","E61 - HD Shower Screen","PSD-HD-E61","2025-05-01","United States","2025-05-09",8,472,-17.7,0,454.3,0,454.3
"Pesado EP Filter Basket","EP-22g","EP-22g","2025-05-01","United States","2025-05-18",2,40,-2,0,38,0,38
"53.5 & 58.5mm Puck Diffuser Screen","58.5mm","PSD-puck","2025-05-01","Australia","2025-05-17",1,17.62,0,0,17.62,0,17.62
"Pesado EP Filter Basket","EP-20g","EP-20g","2025-05-01","United States","2025-05-10",1,20,-2,0,18,0,18
"High Diffusion Espresso Shower Screen","LM - HD Shower Screen","PSD-HD-LM","2025-05-01","Taiwan","2025-05-01",1,56.12,0,0,56.12,0,56.12
"Dosing Cup","58mm Dosing Cup / Charcoal",,"2025-05-01","United States","2025-05-08",1,26.25,0,0,26.25,0,26.25
"High Extraction He[%] Filter Baskets for a Fuller Coffee Experience","Pesado He[%] Basket - Small","PSD-HE-SM","2025-05-01","United States","2025-05-12",1,65,0,0,65,0,65
"Portafilter with a Double Spout for Espresso Machines","La Marzocco / E61 / White Full Pom","PF02LM-WHPOM","2025-05-01","Australia","2025-05-26",1,71.34,-10.7,0,60.64,0,60.64
"Stand for (WDT) Clump Crusher 2.0","Default Title","V2-PSDcrusher-Stand","2025-05-01","United States","2025-05-03",1,18,0,0,18,0,18
"Maximum Distribution Bundle","Black","DistributionBundle","2025-05-01","South Korea","2025-05-16",1,188.29,0,0,188.29,0,188.29
"Pesado EP Filter Basket","EP-18g","EP-18g","2025-05-01","United States","2025-05-08",1,20,0,0,20,0,20
"High Extraction He[%] Filter Baskets for a Fuller Coffee Experience","Pesado He[%] Basket - Large","PSD-HE-LG","2025-05-01","United States","2025-05-08",0,65,0,-65,0,0,0
"Stainless Steel Clump Crusher V2.0 (WDT espresso distribution tool)","Black","V2-PSDcrusher-Black","2025-05-01","United States","2025-05-18",1,34.35,-3.43,0,30.92,0,30.92
"Spring-Loaded Self-Leveling Tamper – Pesado x AD Coffee","Default Title","PSD-ADcoffee-Tamper","2025-05-01","United States","2025-05-21",1,120,-18,0,102,0,102
"Single-Dose Coffee Tubes (Bean Cellar 4-Pack)","Default Title","PSD-beantube","2025-05-01","United States","2025-05-07",2,54,-5.4,0,48.6,0,48.6
"Magnetic Espresso Dosing Ring","58mm Dosing Ring / Black","V2-PSDring-58mm","2025-05-01","Singapore","2025-05-17",1,23.07,0,0,23.07,0,23.07
"Pesado Black Ripple Set","Precision Barista Jug Sharp Spout","PSDjug-BK","2025-05-01","United States","2025-05-15",1,34.35,0,0,34.35,0,34.35
"53.5 & 58.5mm Puck Diffuser Screen","53.5mm","PSD-puck-54","2025-05-01","Australia","2025-05-26",2,35.72,-2.68,0,33.04,0,33.04
"High Extraction He[%] Filter Baskets for a Fuller Coffee Experience","Pesado He[%] Basket - X-Large","PSD-HE-XL","2025-05-01","United States","2025-05-03",1,65,0,0,65,0,65
"Portafilter with a Double Spout for Espresso Machines","La Marzocco / E61 / White | Iris","PF02LMWH-Iris","2025-05-01","United States","2025-05-16",1,120,-18.01,0,101.99,0,101.99
"High Extraction He[%] Filter Baskets for a Fuller Coffee Experience","Pesado He[%] Basket - Medium","PSD-HE-ME","2025-05-01","United States","2025-05-26",3,195,0,0,195,0,195
"53.5 & 58.5mm Puck Diffuser Screen","58.5mm","PSD-puck","2025-05-01","United States","2025-05-06",4,80,-4,0,76,0,76
"53.5 & 58.5mm Puck Diffuser Screen","58.5mm","PSD-puck","2025-05-01","Canada","2025-05-07",3,62.88,0,0,62.88,0,62.88
"High Extraction He[%] Filter Baskets for a Fuller Coffee Experience","Pesado He[%] Basket - Medium","PSD-HE-ME","2025-05-01","Hungary","2025-05-05",2,132.98,-132.98,0,0,0,0
"High Diffusion Espresso Shower Screen","LM - HD Shower Screen","PSD-HD-LM","2025-05-01","United States","2025-05-07",2,110,0,0,110,0,110
"Modular Puck Screen Holder - Aluminum Matte Black","Default Title","PSD-PuckHolder","2025-05-01","United States","2025-05-24",2,36,-1.8,0,34.2,0,34.2
"Hybrid LM/E61/NS/GA Portafilter - Versatile Bottomless & Spouted","E61 5mm / Black | Dusk","PF02MV-BDK-HY","2025-05-01","United States","2025-05-10",1,145,0,0,145,0,145
"Pesado x IMS Breville 54mm - Competition Shower Screen","Breville 54mm","PSDBreville","2025-05-01","United States","2025-05-29",1,20,0,0,20,0,20
"High Diffusion Espresso Shower Screen","LM - HD Shower Screen","PSD-HD-LM","2025-05-01","Taiwan","2025-05-19",1,56.1,0,0,56.1,0,56.1
"High Diffusion Espresso Shower Screen","E61 - HD Shower Screen","PSD-HD-E61","2025-05-01","Singapore","2025-05-10",1,60.9,0,0,60.9,0,60.9
"High Extraction He[%] Filter Baskets for a Fuller Coffee Experience","Pesado He[%] Basket - X-Large","PSD-HE-XL","2025-05-01","Australia","2025-05-19",1,54.79,-10.96,0,43.83,0,43.83
"High Diffusion Espresso Shower Screen","E61 - HD Shower Screen","PSD-HD-E61","2025-05-01","United States","2025-05-27",9,531,0,0,531,0,531
"Bottomless LM/E61/NS/GA Portafilter (Hybrid)","E61 5mm / White / Riga","PF00MVWH-Riga-HY","2025-05-01","United States","2025-05-25",1,120,0,0,120,0,120
"High Diffusion Espresso Shower Screen","LM - HD Shower Screen","PSD-HD-LM","2025-05-01","France","2025-05-02",1,56.59,0,0,56.59,0,56.59
"Precision Espresso Portafilter & Basket Bundle - LM & E61","La Marzocco 6mm / Black","PRE_SET","2025-05-01","Germany","2025-05-30",1,206.07,0,0,206.07,0,206.07
"Pesado Portafilter Tamping Station","Default Title","PSD-TampingStation","2025-05-01","United States","2025-05-25",1,119.99,0,0,119.99,0,119.99
"High Extraction He[%] Filter Baskets for a Fuller Coffee Experience","Pesado He[%] Basket - Medium","PSD-HE-ME","2025-05-01","United States","2025-05-23",2,130,0,0,130,0,130
"53.5 & 58.5mm Puck Diffuser Screen","58.5mm","PSD-puck","2025-05-01","United States","2025-05-11",2,40,0,0,40,0,40
"Wooden Clump Crusher - WDT Distribution Tool for Fluffy Espresso Puck","Iris","PSDcrusherIRIS","2025-05-01","Australia","2025-05-19",1,28.41,-2.84,0,25.57,0,25.57
"Impact Gravity Espresso Grounds Distributor (58.4mm)","Black","V2-PSD-distributor","2025-05-01","United States","2025-05-02",3,360,-12,0,348,0,348
"Bottomless LM/E61/NS/GA Portafilter (Hybrid)","La Marzocco 6mm / Black / Bronze","PF00LM-BBZ-HY","2025-05-01","South Korea","2025-05-02",1,112.87,-11.29,0,101.58,0,101.58
"High Diffusion Espresso Shower Screen","LM - HD Shower Screen","PSD-HD-LM","2025-05-01","United States","2025-05-10",8,440,0,0,440,0,440
"Hybrid Breville 54/58mm Portafilter - Versatile and Easy to Use","Breville 54 / White | Haze","PF02BR54-WHZ-HY","2025-05-01","United States","2025-05-06",1,145,0,0,145,0,145
"Stainless Steel Clump Crusher V2.0 (WDT espresso distribution tool)","Black","V2-PSDcrusher-Black","2025-05-01","Australia","2025-05-23",1,28.35,0,0,28.35,0,28.35
"Stand for (WDT) Clump Crusher 2.0","Default Title","V2-PSDcrusher-Stand","2025-05-01","United States","2025-05-28",1,18,-1.81,0,16.19,0,16.19
"Pesado EP Filter Basket","EP-20g","EP-20g","2025-05-01","United States","2025-05-21",1,20,0,0,20,0,20
"Magnetic Espresso Dosing Ring","54mm Dosing Ring / Black","V2-PSDring-54mm","2025-05-01","United States","2025-05-07",1,22.5,0,0,22.5,0,22.5
"High Diffusion Espresso Shower Screen","E61 - HD Shower Screen","PSD-HD-E61","2025-05-01","United States","2025-05-22",14,826,-11.8,0,814.2,0,814.2
"Magnetic Espresso Dosing Ring","58mm Dosing Ring / Black","V2-PSDring-58mm","2025-05-01","United States","2025-05-18",3,67.5,-2.25,0,65.25,0,65.25
"53.5 & 58.5mm Puck Diffuser Screen","53.5mm","PSD-puck-54","2025-05-01","United States","2025-05-31",1,20,0,0,20,0,20
"Single-Dose Coffee Tubes (Bean Cellar 4-Pack)","Default Title","PSD-beantube","2025-05-01","United States","2025-05-03",1,27,0,0,27,0,27
"Magnetic Espresso Dosing Ring","54mm Dosing Ring / Black","V2-PSDring-54mm","2025-05-01","Australia","2025-05-19",1,21.63,-2.16,0,19.47,0,19.47
"High Diffusion Espresso Shower Screen","MV - HD Shower Screen","PSD-HD-MV","2025-05-01","United Kingdom","2025-05-18",2,114.22,0,0,114.22,0,114.22
"Bottomless LM/E61/NS/GA Portafilter (Hybrid)","La Marzocco 6mm / White / Black","PF00LM-WBK-HY","2025-05-01","United States","2025-05-22",1,112,0,0,112,0,112
"Single-Dose Coffee Tubes (Bean Cellar 4-Pack)","Default Title","PSD-beantube","2025-05-01","United Arab Emirates","2025-05-22",1,27.77,0,0,27.77,0,27.77
"Coffee Tamper: 58.5mm & 53.5mm","58.5mm / Black / Dusk","PSDTMBDk","2025-05-01","United States","2025-05-22",1,97.5,0,0,97.5,0,97.5
"Pesado Portafilter Tamping Station","Default Title","PSD-TampingStation","2025-05-01","Australia","2025-05-24",1,116.92,0,0,116.92,0,116.92
"Gravity Coffee Distributor 53.5mm","54 mm","PSD-distributor-54m","2025-05-01","United States","2025-05-07",1,110,0,0,110,0,110
"Coffee Tamper: 58.5mm & 53.5mm","58.5mm With Black Base / White / Haze","PSDT-BKBase-WHz","2025-05-01","United States","2025-05-08",1,97.5,0,0,97.5,0,97.5
"High Extraction He[%] Filter Baskets for a Fuller Coffee Experience","Pesado He[%] Basket - Large","PSD-HE-LG","2025-05-01","United States","2025-05-19",2,130,0,0,130,0,130
"High Diffusion Espresso Shower Screen","E61 - HD Shower Screen","PSD-HD-E61","2025-05-01","Australia","2025-05-31",2,111.16,0,0,111.16,11.12,122.28
"High Diffusion Espresso Shower Screen","LM - HD Shower Screen","PSD-HD-LM","2025-05-01","Australia","2025-05-20",14,720.61,-180.16,0,540.45,54.05,594.5
"High Diffusion Espresso Shower Screen","MV - HD Shower Screen","PSD-HD-MV","2025-05-01","Australia","2025-05-28",6,308.66,-15.41,0,293.25,29.32,322.57
"High Extraction He[%] Filter Baskets for a Fuller Coffee Experience","Pesado He[%] Basket - Medium","PSD-HE-ME","2025-05-01","Israel","2025-05-18",1,66.37,-6.64,0,59.73,0,59.73
"High Extraction He[%] Filter Baskets for a Fuller Coffee Experience","Pesado He[%] Basket - Medium","PSD-HE-ME","2025-05-01","United Kingdom","2025-05-24",3,199.05,0,0,199.05,0,199.05
"Espresso Shot Mirror","Default Title","PSDshot-mirror","2025-05-01","United States","2025-05-28",1,28,0,0,28,0,28
"Pesado EP Filter Basket","EP-22g","EP-22g","2025-05-01","Australia","2025-05-19",1,17.57,0,0,17.57,1.76,19.33
"High Diffusion Espresso Shower Screen","MV - HD Shower Screen","PSD-HD-MV","2025-05-01","Switzerland","2025-05-09",1,56.56,0,0,56.56,0,56.56
"Modular Portafilter Handles","Black / Dusk","PSDHMODBDK","2025-05-01","United States","2025-05-21",1,51.89,0,0,51.89,3.11,55
"High Diffusion Espresso Shower Screen","E61 - HD Shower Screen","PSD-HD-E61","2025-05-01","Indonesia","2025-05-25",1,60.19,-9.03,0,51.16,0,51.16
"Stainless Steel Clump Crusher V2.0 (WDT espresso distribution tool)","Bronze","V2-PSDcrusher-Bronze","2025-05-01","United States","2025-05-26",1,34.35,0,0,34.35,0,34.35
"High Diffusion Espresso Shower Screen","LM - HD Shower Screen","PSD-HD-LM","2025-05-01","United States","2025-05-28",2,110,0,0,110,0,110
"Portafilter with a Double Spout for Espresso Machines","Breville 54 / Black Full Pom","PF02BR54-FullPOM","2025-05-01","South Korea","2025-05-21",1,92.19,-9.22,0,82.97,0,82.97
"High Diffusion Espresso Shower Screen","MV - HD Shower Screen","PSD-HD-MV","2025-05-01","United States","2025-05-20",2,110,0,0,110,0,110
"High Extraction He[%] 54mm Breville Filter Basket - Dosing 18g-20g","Default Title","PSD-HE-54","2025-05-01","Australia","2025-05-22",1,54.82,0,0,54.82,0,54.82
"Modular Puck Screen Holder - Aluminum Matte Black","Default Title","PSD-PuckHolder","2025-05-01","United States","2025-05-03",1,18,0,0,18,0,18
"High Extraction He[%] Filter Baskets for a Fuller Coffee Experience","Pesado He[%] Basket - Medium","PSD-HE-ME","2025-05-01","United States","2025-05-01",2,130,-6.5,0,123.5,0,123.5
"Espresso Shot Mirror","Default Title","PSDshot-mirror","2025-05-01","Australia","2025-05-17",1,25.94,0,0,25.94,0,25.94
"Impact Gravity Espresso Grounds Distributor (58.4mm)","Black","V2-PSD-distributor","2025-05-01","United States","2025-05-20",1,120,0,0,120,0,120
"High Extraction He[%] Filter Baskets for a Fuller Coffee Experience","Pesado He[%] Basket - X-Large","PSD-HE-XL","2025-05-01","United States","2025-05-24",1,65,-6.5,0,58.5,0,58.5
"Bottomless LM/E61/NS/GA Portafilter (Hybrid)","E61 5mm / Black / Bronze","PF00MV-BBZ-HY","2025-05-01","Spain","2025-05-03",1,115.22,0,0,115.22,0,115.22
"Magnetic Espresso Dosing Ring","58mm Dosing Ring / Black","V2-PSDring-58mm","2025-05-01","United States","2025-05-04",2,45,-2.25,0,42.75,0,42.75
"High Diffusion Espresso Shower Screen","LM - HD Shower Screen","PSD-HD-LM","2025-05-01","Israel","2025-05-31",1,56.33,0,0,56.33,0,56.33
"Pesado EP Filter Basket","EP-20g","EP-20g","2025-05-01","United States","2025-05-03",1,20,0,0,20,0,20
"53.5 & 58.5mm Puck Diffuser Screen","58.5mm","PSD-puck","2025-05-01","Australia","2025-05-24",2,35.72,0,0,35.72,0,35.72
"Breville 54mm Portafilter & Basket Precision Bundle","Black","PRE-BR54-SET","2025-05-01","South Korea","2025-05-05",1,186.29,-18.63,0,167.66,0,167.66
"Pesado 58.5 Portafilter Hybrid Head - Versatile & Easy to Use","E61 5mm Hybrid","PFH02MV-HY","2025-05-01","Australia","2025-05-17",1,76.88,0,0,76.88,0,76.88
"High Diffusion Espresso Shower Screen","MV - HD Shower Screen","PSD-HD-MV","2025-05-01","United States","2025-05-25",1,55,0,0,55,0,55
"High Diffusion Espresso Shower Screen","LM - HD Shower Screen","PSD-HD-LM","2025-05-01","United States","2025-05-17",2,110,0,0,110,0,110
"High Extraction He[%] 54mm Breville Filter Basket - Dosing 18g-20g","Default Title","PSD-HE-54","2025-05-01","Australia","2025-05-27",2,109.84,-13.73,0,96.11,0,96.11
"Dusk & Haze Clump Crusher (WDT tool)","Dusk","PSDcrusher-Dusk","2025-05-01","Australia","2025-05-28",1,28.34,0,0,28.34,0,28.34
"Impact Gravity Espresso Grounds Distributor (58.4mm)","Black","V2-PSD-distributor","2025-05-01","United States","2025-05-25",1,120,0,0,120,0,120
"Bottomless LM/E61/NS/GA Portafilter (Hybrid)","Breville 54mm / Raya","PF00BR54-Raya-HY","2025-05-01","United States","2025-05-05",1,120,0,0,120,0,120
"Pesado Portafilter Tamping Station","Default Title","PSD-TampingStation","2025-05-01","United States","2025-05-02",1,119.99,0,0,119.99,0,119.99
"Modular Puck Screen Holder - Aluminum Matte Black","Default Title","PSD-PuckHolder","2025-05-01","Australia","2025-05-26",1,19.53,-2.94,0,16.59,0,16.59
"53.5 & 58.5mm Puck Diffuser Screen","53.5mm","PSD-puck-54","2025-05-01","United States","2025-05-04",2,40,-2,0,38,0,38
"High Diffusion Espresso Shower Screen","E61 - HD Shower Screen","PSD-HD-E61","2025-05-01","United States","2025-05-13",3,236,0,-59,177,0,177
"Hybrid LM/E61/NS/GA Portafilter - Versatile Bottomless & Spouted","La Marzocco 6mm / Black | Iris","PF02LMBK-Iris-HY","2025-05-01","United States","2025-05-12",1,145,-14.5,0,130.5,0,130.5
"Magnetic Espresso Dosing Ring","58mm Dosing Ring / Black","V2-PSDring-58mm","2025-05-01","United States","2025-05-09",1,22.5,0,0,22.5,0,22.5
"High Diffusion Espresso Shower Screen","LM - HD Shower Screen","PSD-HD-LM","2025-05-01","Hong Kong","2025-05-12",12,673.2,-134.64,0,538.56,0,538.56
"High Extraction He[%] Filter Baskets for a Fuller Coffee Experience","Pesado He[%] Basket - Small","PSD-HE-SM","2025-05-01","United States","2025-05-08",3,195,0,0,195,0,195
"Bottomless LM/E61/NS/GA Portafilter (Hybrid)","La Marzocco 6mm / White / Black","PF00LM-WBK-HY","2025-05-01","United States","2025-05-13",1,112,0,0,112,0,112
"Pesado x IMS Breville 54mm - Competition Shower Screen","Breville 54mm","PSDBreville","2025-05-01","Australia","2025-05-27",2,35.12,-1.76,0,33.36,3.34,36.7
"High Extraction He[%] Filter Baskets for a Fuller Coffee Experience","Pesado He[%] Basket - Large","PSD-HE-LG","2025-05-01","United States","2025-05-30",1,65,0,0,65,0,65
"Portafilter with a Double Spout for Espresso Machines","La Marzocco / E61 / Black | Black","PF02LM-BBK","2025-05-01","Australia","2025-05-31",1,96.54,0,0,96.54,0,96.54
"Pesado EP Filter Basket","EP-18g","EP-18g","2025-05-01","Taiwan","2025-05-03",1,21.16,0,0,21.16,0,21.16
"High Diffusion Espresso Shower Screen","E61 - HD Shower Screen","PSD-HD-E61","2025-05-01","Hungary","2025-05-06",1,60.31,-6.03,0,54.28,0,54.28
"High Diffusion Espresso Shower Screen","LM - HD Shower Screen","PSD-HD-LM","2025-05-01","Australia","2025-05-25",5,259.68,0,0,259.68,25.97,285.65
"High Diffusion Espresso Shower Screen","E61 - HD Shower Screen","PSD-HD-E61","2025-05-01","Australia","2025-05-18",6,332.02,-11.05,0,320.97,32.11,353.08
"High Diffusion Espresso Shower Screen","E61 - HD Shower Screen","PSD-HD-E61","2025-05-01","Spain","2025-05-04",1,60.97,-6.1,0,54.87,0,54.87
"Pesado Black Ripple Set","Precision Barista Jug Sharp Spout","PSDjug-BK","2025-05-01","United States","2025-05-25",1,34.35,-3.43,0,30.92,0,30.92
"Gravity Coffee Distributor 53.5mm","54 mm","PSD-distributor-54m","2025-05-01","United States","2025-05-28",0,110,-11,-110,-11,0,-11
"High Extraction He[%] Filter Baskets for a Fuller Coffee Experience","Pesado He[%] Basket - Large","PSD-HE-LG","2025-05-01","Australia","2025-05-31",1,54.7,0,0,54.7,0,54.7
"High Extraction He[%] 54mm Breville Filter Basket - Dosing 18g-20g","Default Title","PSD-HE-54","2025-05-01","United States","2025-05-06",2,130,-6.5,0,123.5,0,123.5
"Hybrid LM/E61/NS/GA Portafilter - Versatile Bottomless & Spouted","E61 5mm / Black | Bronze","PF02MV-BBZ-HY","2025-05-01","United States","2025-05-30",1,137,-13.7,0,123.3,0,123.3
"53.5 & 58.5mm Puck Diffuser Screen","58.5mm","PSD-puck","2025-05-01","United States","2025-05-02",2,40,0,0,40,0,40
"Hybrid Breville 54/58mm Portafilter - Versatile and Easy to Use","Breville 54 / Black | Riga","PF02BR54BK-Riga-HY","2025-05-01","United States","2025-05-13",1,145,-14.5,0,130.5,0,130.5
"Modular Puck Screen Holder - Aluminum Matte Black","Default Title","PSD-PuckHolder","2025-05-01","United States","2025-05-28",1,18,0,0,18,0,18
"High Diffusion Espresso Shower Screen","MV - HD Shower Screen","PSD-HD-MV","2025-05-01","Kuwait","2025-05-27",1,55,0,0,55,0,55
"Stand for (WDT) Clump Crusher 2.0","Default Title","V2-PSDcrusher-Stand","2025-05-01","Australia","2025-05-16",1,16.65,0,0,16.65,1.67,18.32
"High Diffusion Espresso Shower Screen","MV - HD Shower Screen","PSD-HD-MV","2025-05-01","United States","2025-05-11",3,165,-11,0,154,0,154
"High Diffusion Espresso Shower Screen","LM - HD Shower Screen","PSD-HD-LM","2025-05-01","United States","2025-05-03",6,330,-22,0,308,0,308
"Pesado EP Filter Basket","EP-18g","EP-18g","2025-05-01","Netherlands","2025-05-03",1,21.42,0,0,21.42,0,21.42
"Magnetic Espresso Dosing Ring","54mm Dosing Ring / Black","V2-PSDring-54mm","2025-05-01","South Korea","2025-05-05",1,23.24,-2.32,0,20.92,0,20.92
"Pesado EP Filter Basket","EP-20g","EP-20g","2025-05-01","United States","2025-05-28",1,20,-20,0,0,0,0
"53.5 & 58.5mm Puck Diffuser Screen","53.5mm","PSD-puck-54","2025-05-01","United States","2025-05-22",1,20,0,0,20,0,20
"Hybrid Breville 54/58mm Portafilter - Versatile and Easy to Use","Breville 54 / White Full POM","PF02BR54-WHPOM-HY","2025-05-01","United States","2025-05-31",1,115,-11.5,0,103.5,0,103.5
"Bottomless LM/E61/NS/GA Portafilter (Hybrid)","E61 5mm / White / Riga","PF00MVWH-Riga-HY","2025-05-01","United States","2025-05-29",1,120,-12,0,108,0,108
"High Diffusion Espresso Shower Screen","E61 - HD Shower Screen","PSD-HD-E61","2025-05-01","United States","2025-05-31",5,295,0,0,295,0,295
"High Diffusion Espresso Shower Screen","LM - HD Shower Screen","PSD-HD-LM","2025-05-01","Netherlands","2025-05-12",1,56.5,0,0,56.5,0,56.5
"Hybrid LM/E61/NS/GA Portafilter - Versatile Bottomless & Spouted","E61 5mm / Black | Riga","PF02MVBK-Riga-HY","2025-05-01","Australia","2025-05-19",1,125.7,-25.14,0,100.56,0,100.56
"Hybrid LM/E61/NS/GA Portafilter - Versatile Bottomless & Spouted","E61 5mm / Black | Silver","PF02MV-BSL-HY","2025-05-01","United States","2025-05-02",1,137,0,0,137,0,137
"Stainless Steel Clump Crusher V2.0 (WDT espresso distribution tool)","Black","V2-PSDcrusher-Black","2025-05-01","United States","2025-05-22",1,34.35,-3.43,0,30.92,0,30.92
"Naked/Bottomless Portafilter - Head Only (HYBRID)","E61 5mm","PFH00MV-HY","2025-05-01","United States","2025-05-21",1,67.5,0,0,67.5,0,67.5
"Coffee Tamper: 58.5mm & 53.5mm","53.5mm / White / Silver","PSDT-53.5-WSL","2025-05-01","United States","2025-05-03",1,90,0,0,90,0,90
"High Extraction He[%] 54mm Breville Filter Basket - Dosing 18g-20g","Default Title","PSD-HE-54","2025-05-01","Slovenia","2025-05-31",1,66.89,0,0,66.89,0,66.89
"Modular Portafilter Handles","Black / Bronze","PSDHMODBBZ","2025-05-01","United States","2025-05-02",1,55,0,0,55,0,55
"Espresso Shot Mirror","Default Title","PSDshot-mirror","2025-05-01","United States","2025-05-03",1,28,0,0,28,0,28
,"",,"2025-05-01","United States","2025-05-29",4,0,0,0,0,0,0
"53.5 & 58.5mm Puck Diffuser Screen","53.5mm","PSD-puck-54","2025-05-01","Australia","2025-05-30",1,17.66,0,0,17.66,0,17.66
"Pesado EP Filter Basket","EP-18g","EP-18g","2025-05-01","United States","2025-05-01",1,20,-2,0,18,0,18
"Naked/Bottomless Portafilter - Head Only (HYBRID)","E61 5mm","PFH00MV-HY","2025-05-01","United States","2025-05-24",1,67.5,0,0,67.5,0,67.5
"High Extraction He[%] Filter Baskets for a Fuller Coffee Experience","Pesado He[%] Basket - Large","PSD-HE-LG","2025-05-01","United States","2025-05-01",3,195,-81.25,0,113.75,0,113.75
"Wooden Clump Crusher - WDT Distribution Tool for Fluffy Espresso Puck","Riga","PSDcrusherRIGA","2025-05-01","United States","2025-05-18",1,34.35,-3.43,0,30.92,0,30.92
"Crusher Threaded Pin Assembly for DIY WDT Tool","4 pack of WDT pins","PSD-removablepins","2025-05-01","Australia","2025-05-25",1,0.65,0,0,0.65,0,0.65
"High Extraction He[%] 54mm Breville Filter Basket - Dosing 18g-20g","Default Title","PSD-HE-54","2025-05-01","United States","2025-05-25",2,130,0,0,130,0,130
"Pesado EP Filter Basket","EP-20g","EP-20g","2025-05-01","Australia","2025-05-25",1,17.72,-1.77,0,15.95,1.59,17.54
"Pesado EP Filter Basket","EP-Breville54-20g","EP-BR-20g","2025-05-01","Australia","2025-05-23",1,17.55,0,0,17.55,1.76,19.31
"53.5 & 58.5mm Puck Diffuser Screen","58.5mm","PSD-puck","2025-05-01","United States","2025-05-15",2,40,0,0,40,0,40
"Pesado Portafilter Tamping Station","Default Title","PSD-TampingStation","2025-05-01","United States","2025-05-29",1,119.99,-12,0,107.99,0,107.99
"Impact Gravity Espresso Grounds Distributor (58.4mm)","Black","V2-PSD-distributor","2025-05-01","United States","2025-05-06",3,360,-24,0,336,0,336
"High Extraction He[%] Filter Baskets for a Fuller Coffee Experience","Pesado He[%] Basket - X-Large","PSD-HE-XL","2025-05-01","United States","2025-05-10",3,195,-6.5,0,188.5,0,188.5
"High Extraction He[%] Filter Baskets for a Fuller Coffee Experience","Pesado He[%] Basket - Medium","PSD-HE-ME","2025-05-01","Australia","2025-05-31",1,54.7,0,0,54.7,0,54.7
"High Diffusion Espresso Shower Screen","E61 - HD Shower Screen","PSD-HD-E61","2025-05-01","Israel","2025-05-31",3,180.93,0,0,180.93,0,180.93
"High Diffusion Espresso Shower Screen","MV - HD Shower Screen","PSD-HD-MV","2025-05-01","United States","2025-05-06",9,495,-22,0,473,0,473
"High Diffusion Espresso Shower Screen","LM - HD Shower Screen","PSD-HD-LM","2025-05-01","United States","2025-05-14",2,110,0,0,110,0,110
"Modular Portafilter Handles","White / Black","PSDHMODWBK","2025-05-01","Taiwan","2025-05-29",1,56.13,0,0,56.13,0,56.13
"Magnetic Espresso Dosing Ring","54mm Dosing Ring / Black","V2-PSDring-54mm","2025-05-01","United States","2025-05-03",1,22.5,0,0,22.5,0,22.5
"High Extraction He[%] Filter Baskets for a Fuller Coffee Experience","Pesado He[%] Basket - Medium","PSD-HE-ME","2025-05-01","Malaysia","2025-05-11",1,66.32,0,0,66.32,0,66.32
"Single-Dose Coffee Tubes (Bean Cellar 4-Pack)","Default Title","PSD-beantube","2025-05-01","United States","2025-05-19",2,54,0,0,54,0,54
"Depth Adjuster","Default Title","PSdepth","2025-05-01","United States","2025-05-18",1,45,-4.51,0,40.49,0,40.49
"High Diffusion Espresso Shower Screen","E61 - HD Shower Screen","PSD-HD-E61","2025-05-01","United Arab Emirates","2025-05-23",6,362.64,-36.27,0,326.37,0,326.37
"High Extraction He[%] Filter Baskets for a Fuller Coffee Experience","Pesado He[%] Basket - Medium","PSD-HE-ME","2025-05-01","Canada","2025-05-27",1,66.62,-6.66,0,59.96,0,59.96
"Magnetic Espresso Dosing Ring","58mm Dosing Ring / Black","V2-PSDring-58mm","2025-05-01","United States","2025-05-22",1,22.5,-2.25,0,20.25,0,20.25
"High Extraction He[%] Filter Baskets for a Fuller Coffee Experience","Pesado He[%] Basket - X-Large","PSD-HE-XL","2025-05-01","Australia","2025-05-26",1,55.08,0,0,55.08,0,55.08
"High Diffusion Espresso Shower Screen","E61 - HD Shower Screen","PSD-HD-E61","2025-05-01","United States","2025-05-18",11,649,-38.35,0,610.65,0,610.65
"Spring-Loaded Self-Leveling Tamper – Pesado x AD Coffee","Default Title","PSD-ADcoffee-Tamper","2025-05-01","Japan","2025-05-21",1,122.4,-18.36,0,104.04,0,104.04
"High Diffusion Espresso Shower Screen","MV - HD Shower Screen","PSD-HD-MV","2025-05-01","United States","2025-05-10",1,55,0,0,55,0,55
"Modular Puck Screen Holder - Aluminum Matte Black","Default Title","PSD-PuckHolder","2025-05-01","United States","2025-05-29",-1,0,0,-18,-18,0,-18
"High Diffusion Espresso Shower Screen","LM - HD Shower Screen","PSD-HD-LM","2025-05-01","United States","2025-05-02",6,330,-5.5,0,324.5,0,324.5
"High Diffusion Espresso Shower Screen","E61 - HD Shower Screen","PSD-HD-E61","2025-05-01","Kuwait","2025-05-27",1,59,0,0,59,0,59
"Bottomless LM/E61/NS/GA Portafilter (Hybrid)","E61 5mm / Black / Dusk","PF00MV-BDK-HY","2025-05-01","Germany","2025-05-05",1,123.3,-123.3,0,0,0,0
"High Extraction He[%] Filter Baskets for a Fuller Coffee Experience","Pesado He[%] Basket - X-Large","PSD-HE-XL","2025-05-01","United States","2025-05-06",1,65,-6.5,0,58.5,0,58.5
"53.5 & 58.5mm Puck Diffuser Screen","58.5mm","PSD-puck","2025-05-01","United States","2025-05-03",2,40,-2,0,38,0,38
"High Extraction He[%] Filter Baskets for a Fuller Coffee Experience","Pesado He[%] Basket - Medium","PSD-HE-ME","2025-05-01","United States","2025-05-31",2,130,-6.5,0,123.5,0,123.5
"Bottomless LM/E61/NS/GA Portafilter (Hybrid)","Breville 54mm / Black / Bronze","PF00BR54-BBZ-HY","2025-05-01","United States","2025-05-17",1,112,0,0,112,0,112
"Magnetic Espresso Dosing Ring","54mm Dosing Ring / Black","V2-PSDring-54mm","2025-05-01","Australia","2025-05-27",1,21.54,0,0,21.54,0,21.54
"High Diffusion Espresso Shower Screen","E61 - HD Shower Screen","PSD-HD-E61","2025-05-01","United States","2025-05-30",8,472,-5.9,0,466.1,0,466.1
"Crusher Threaded Pin Assembly for DIY WDT Tool","4 pack of WDT pins","PSD-removablepins","2025-05-01","United States","2025-05-31",4,4,-1,0,3,0,3
"High Extraction He[%] Filter Baskets for a Fuller Coffee Experience","Pesado He[%] Basket - Large","PSD-HE-LG","2025-05-01","United States","2025-05-13",1,130,0,-65,65,0,65
"Pesado EP Filter Basket","EP-18g","EP-18g","2025-05-01","Mexico","2025-05-21",1,20,0,0,20,0,20
"Bottomless LM/E61/NS/GA Portafilter (Hybrid)","E61 5mm / Black / Black","PF00MV-BBK-HY","2025-05-01","Australia","2025-05-21",1,96.51,0,0,96.51,0,96.51
"Magnetic Espresso Dosing Ring","58mm Dosing Ring / Black","V2-PSDring-58mm","2025-05-01","Poland","2025-05-08",1,22.97,0,0,22.97,0,22.97
"High Diffusion Espresso Shower Screen","E61 - HD Shower Screen","PSD-HD-E61","2025-05-01","Netherlands","2025-05-13",1,61.15,0,0,61.15,0,61.15
"Pesado EP Filter Basket","EP-Breville54-20g","EP-BR-20g","2025-05-01","Australia","2025-05-27",2,35.18,-2.64,0,32.54,3.26,35.8
"High Extraction He[%] Filter Baskets for a Fuller Coffee Experience","Pesado He[%] Basket - Small","PSD-HE-SM","2025-05-01","Australia","2025-05-29",1,54.86,-8.23,0,46.63,0,46.63
"Spring-Loaded Self-Leveling Tamper – Pesado x AD Coffee","Default Title","PSD-ADcoffee-Tamper","2025-05-01","United States","2025-05-29",2,240,-12,0,228,0,228
"High Diffusion Espresso Shower Screen","E61 - HD Shower Screen","PSD-HD-E61","2025-05-01","Mexico","2025-05-31",2,118,0,0,118,0,118
"Pesado EP Filter Basket","EP-Breville54-18g","EP-BR-18g","2025-05-01","United States","2025-05-13",1,20,0,0,20,0,20
"High Extraction He[%] Filter Baskets for a Fuller Coffee Experience","Pesado He[%] Basket - Medium","PSD-HE-ME","2025-05-01","United Kingdom","2025-05-11",1,66.52,-6.65,0,59.87,0,59.87
"Distribution Bundle","58mm Distribution Bundle / Black","DISTR_B","2025-05-01","Australia","2025-05-27",1,153.13,0,0,153.13,0,153.13
"Pesado Portafilter Tamping Station","Default Title","PSD-TampingStation","2025-05-01","Australia","2025-05-29",1,116.05,-11.6,0,104.45,0,104.45
"High Diffusion Espresso Shower Screen","LM - HD Shower Screen","PSD-HD-LM","2025-05-01","Denmark","2025-05-20",1,56.13,0,0,56.13,0,56.13
"Stand for (WDT) Clump Crusher 2.0","Default Title","V2-PSDcrusher-Stand","2025-05-01","Australia","2025-05-28",1,16.75,0,0,16.75,1.68,18.43
"High Diffusion Espresso Shower Screen","LM - HD Shower Screen","PSD-HD-LM","2025-05-01","United States","2025-05-15",8,550,0,-110,440,0,440
"High Diffusion Espresso Shower Screen","MV - HD Shower Screen","PSD-HD-MV","2025-05-01","United States","2025-05-07",2,110,0,0,110,0,110
"High Extraction He[%] Filter Baskets for a Fuller Coffee Experience","Pesado He[%] Basket - Medium","PSD-HE-ME","2025-05-01","United States","2025-05-18",1,65,0,0,65,0,65
"High Diffusion Espresso Shower Screen","E61 - HD Shower Screen","PSD-HD-E61","2025-05-01","Germany","2025-05-05",1,61.06,-61.06,0,0,0,0
"53.5 & 58.5mm Puck Diffuser Screen","58.5mm","PSD-puck","2025-05-01","United States","2025-05-14",2,40,0,0,40,0,40
"Pesado 58.5 Portafilter Hybrid Head - Versatile & Easy to Use","LM/E61 & NS/BR58mm Hybrid Attachment Only","PSDHY","2025-05-01","Australia","2025-05-24",1,22.74,0,0,22.74,0,22.74
"High Diffusion Espresso Shower Screen","E61 - HD Shower Screen","PSD-HD-E61","2025-05-01","United States","2025-05-19",9,531,0,0,531,0,531
"Magnetic Espresso Dosing Ring","58mm Dosing Ring / Black","V2-PSDring-58mm","2025-05-01","United States","2025-05-23",1,22.5,0,0,22.5,0,22.5
"High Extraction He[%] Filter Baskets for a Fuller Coffee Experience","Pesado He[%] Basket - Small","PSD-HE-SM","2025-05-01","United States","2025-05-22",1,65,0,0,65,0,65
"Stand for (WDT) Clump Crusher 2.0","Default Title","V2-PSDcrusher-Stand","2025-05-01","United States","2025-05-25",1,18,0,0,18,0,18
"High Diffusion Espresso Shower Screen","E61 - HD Shower Screen","PSD-HD-E61","2025-05-01","United Arab Emirates","2025-05-22",1,60.44,0,0,60.44,0,60.44
"Hybrid Breville 54/58mm Portafilter - Versatile and Easy to Use","Breville 54 / Black | Riga","PF02BR54BK-Riga-HY","2025-05-01","Australia","2025-05-27",1,126.21,-18.93,0,107.28,0,107.28
"53.5 & 58.5mm Puck Diffuser Screen","58.5mm","PSD-puck","2025-05-01","Mexico","2025-05-21",1,20,0,0,20,0,20
"Pesado EP Filter Basket","EP-Breville54-18g","EP-BR-18g","2025-05-01","United States","2025-05-31",1,20,0,0,20,0,20
"Pesado x IMS Breville 54mm - Competition Shower Screen","Breville 54mm","PSDBreville","2025-05-01","Australia","2025-05-23",3,52.84,0,0,52.84,5.29,58.13
"High Extraction He[%] Filter Baskets for a Fuller Coffee Experience","Pesado He[%] Basket - Large","PSD-HE-LG","2025-05-01","United States","2025-05-18",8,520,-13,0,507,0,507
"High Diffusion Espresso Shower Screen","E61 - HD Shower Screen","PSD-HD-E61","2025-05-01","Australia","2025-05-30",2,111.13,0,0,111.13,11.12,122.25
"Stainless Steel Clump Crusher V2.0 (WDT espresso distribution tool)","Black","V2-PSDcrusher-Black","2025-05-01","United States","2025-05-08",1,34.35,-3.44,0,30.91,0,30.91
"High Diffusion Espresso Shower Screen","MV - HD Shower Screen","PSD-HD-MV","2025-05-01","Australia","2025-05-29",5,257.52,-20.59,0,236.93,23.69,260.62
"Crusher Threaded Pin Assembly for DIY WDT Tool","WDT pin assembly (0.3mm)","PSD-PinUP","2025-05-01","Taiwan","2025-05-29",1,14.3,-2.15,0,12.15,0,12.15
"Espresso Shot Mirror","Default Title","PSDshot-mirror","2025-05-01","United States","2025-05-29",1,28,0,0,28,0,28
"Pesado 58.5 Portafilter Hybrid Head - Versatile & Easy to Use","E61 5mm Hybrid","PFH02MV-HY","2025-05-01","United States","2025-05-02",1,92.5,0,0,92.5,0,92.5
"Stainless Steel Clump Crusher V2.0 (WDT espresso distribution tool)","Silver","V2-PSDcrusher-Silver","2025-05-01","Australia","2025-05-24",1,28.58,0,0,28.58,0,28.58
"53.5 & 58.5mm Puck Diffuser Screen","58.5mm","PSD-puck","2025-05-01","United States","2025-05-28",3,60,-20,0,40,0,40
"Impact Gravity Espresso Grounds Distributor (58.4mm)","Black","V2-PSD-distributor","2025-05-01","United States","2025-05-21",2,240,-24,0,216,0,216
"High Diffusion Espresso Shower Screen","LM - HD Shower Screen","PSD-HD-LM","2025-05-01","United States","2025-05-29",5,330,0,-55,275,0,275
"Modular Puck Screen Holder - Aluminum Matte Black","Default Title","PSD-PuckHolder","2025-05-01","United States","2025-05-02",1,18,0,0,18,0,18
"High Diffusion Espresso Shower Screen","MV - HD Shower Screen","PSD-HD-MV","2025-05-01","United States","2025-05-21",3,165,0,0,165,0,165
"Precision Espresso Portafilter & Basket Bundle - LM & E61","E61 5mm / Black","PRE_SETMV","2025-05-01","Canada","2025-05-27",0,206.43,-20.64,-185.79,0,0,0
"High Extraction He[%] 54mm Breville Filter Basket - Dosing 18g-20g","Default Title","PSD-HE-54","2025-05-01","Australia","2025-05-23",1,54.76,0,0,54.76,0,54.76
"High Extraction He[%] Filter Baskets for a Fuller Coffee Experience","Pesado He[%] Basket - Large","PSD-HE-LG","2025-05-01","United Kingdom","2025-05-11",1,66.43,0,0,66.43,0,66.43
"Stand for (WDT) Clump Crusher 2.0","Default Title","V2-PSDcrusher-Stand","2025-05-01","United States","2025-05-11",1,18,0,0,18,0,18
"53.5 & 58.5mm Puck Diffuser Screen","58.5mm","PSD-puck","2025-05-01","Australia","2025-05-25",2,35.72,-1.79,0,33.93,0,33.93
"Pesado EP Filter Basket","EP-20g","EP-20g","2025-05-01","United States","2025-05-02",2,40,-4,0,36,0,36
"Dosing Cup","58mm Dosing Cup / White","PSDdosingCup-WH","2025-05-01","Australia","2025-05-19",1,22.57,-2.26,0,20.31,0,20.31
"High Diffusion Espresso Shower Screen","E61 - HD Shower Screen","PSD-HD-E61","2025-05-01","United States","2025-05-01",9,531,-20.65,0,510.35,0,510.35
"Magnetic Espresso Dosing Ring","58mm Dosing Ring / Black","V2-PSDring-58mm","2025-05-01","United States","2025-05-05",1,22.5,0,0,22.5,0,22.5
"Modular Portafilter Handles","Black / Black","PSDHMODBBK","2025-05-01","United States","2025-05-10",1,55,-5.5,0,49.5,0,49.5
"Modular Puck Screen Holder - Aluminum Matte Black","Default Title","PSD-PuckHolder","2025-05-01","Australia","2025-05-27",1,19.42,-2.92,0,16.5,0,16.5
"Modular Tamper Handle: Customize Your Tamper for Coffee","White / Iris",,"2025-05-01","United States","2025-05-26",-1,0,0,-45.99,-45.99,0,-45.99
"High Extraction He[%] Filter Baskets for a Fuller Coffee Experience","Pesado He[%] Basket - Medium","PSD-HE-ME","2025-05-01","United States","2025-05-13",0,65,0,-65,0,0,0
"High Diffusion Espresso Shower Screen","E61 - HD Shower Screen","PSD-HD-E61","2025-05-01","Israel","2025-05-18",1,60.18,-6.02,0,54.16,0,54.16
"Bottomless LM/E61/NS/GA Portafilter (Hybrid)","E61 5mm / White Full POM","PF00MV-WHPOM-HY","2025-05-01","United States","2025-05-09",0,90,-9,-81,0,0,0
"Bottomless LM/E61/NS/GA Portafilter (Hybrid)","E61 5mm / Black / Gold","PF00MV-BGD-HY","2025-05-01","United States","2025-05-16",1,112,0,0,112,0,112
"Impact Gravity Espresso Grounds Distributor (58.4mm)","Black","V2-PSD-distributor","2025-05-01","United States","2025-05-24",2,240,-30,0,210,0,210
"Precision Cut Espresso & Coffee Tamper Base for Maximum Yield","58mm Base Black","BKPSDTBase","2025-05-01","Taiwan","2025-05-29",1,51.03,0,0,51.03,0,51.03
"53.5 & 58.5mm Puck Diffuser Screen","58.5mm","PSD-puck","2025-05-01","United States","2025-05-17",3,60,-2,0,58,0,58
"High Extraction He[%] Filter Baskets for a Fuller Coffee Experience","Pesado He[%] Basket - X-Large","PSD-HE-XL","2025-05-01","United States","2025-05-20",1,65,-5.85,0,59.15,0,59.15
"Modular Puck Screen Holder - Aluminum Matte Black","Default Title","PSD-PuckHolder","2025-05-01","United States","2025-05-15",1,18,0,0,18,0,18
"High Diffusion Espresso Shower Screen","MV - HD Shower Screen","PSD-HD-MV","2025-05-01","United States","2025-05-24",6,325.81,0,0,325.81,4.19,330
"High Diffusion Espresso Shower Screen","MV - HD Shower Screen","PSD-HD-MV","2025-05-01","Philippines","2025-05-28",-1,0,0,-57.51,-57.51,0,-57.51
"High Diffusion Espresso Shower Screen","LM - HD Shower Screen","PSD-HD-LM","2025-05-01","United States","2025-05-16",4,220,-11,0,209,0,209
"Hybrid LM/E61/NS/GA Portafilter - Versatile Bottomless & Spouted","La Marzocco 6mm / Black | Riga","PF02LMBK-Riga-HY","2025-05-01","United States","2025-05-31",1,145,0,0,145,0,145
"Magnetic Espresso Dosing Ring","58mm Dosing Ring / Black","V2-PSDring-58mm","2025-05-01","Australia","2025-05-28",1,21.54,0,0,21.54,0,21.54
"Magnetic Espresso Dosing Ring","54mm Dosing Ring / Black","V2-PSDring-54mm","2025-05-01","United States","2025-05-29",1,22.5,-3.37,0,19.13,0,19.13
"High Diffusion Espresso Shower Screen","MV - HD Shower Screen","PSD-HD-MV","2025-05-01","Hungary","2025-05-22",1,56.34,0,0,56.34,0,56.34
"Bottomless LM/E61/NS/GA Portafilter (Hybrid)","E61 5mm / Black / Dusk","PF00MV-BDK-HY","2025-05-01","Australia","2025-05-25",1,97.44,-14.62,0,82.82,0,82.82
"Pesado EP Filter Basket","EP-20g","EP-20g","2025-05-01","United States","2025-05-15",1,20,0,0,20,0,20
"53.5 & 58.5mm Puck Diffuser Screen","58.5mm","PSD-puck","2025-05-01","Australia","2025-05-20",1,17.67,0,0,17.67,0,17.67
"High Diffusion Espresso Shower Screen","E61 - HD Shower Screen","PSD-HD-E61","2025-05-01","Singapore","2025-05-29",1,60.62,-9.09,0,51.53,0,51.53
"Dosing Cup","58mm Dosing Cup / White","PSDdosingCup-WH","2025-05-01","United States","2025-05-19",1,26.25,0,0,26.25,0,26.25
"High Diffusion Espresso Shower Screen","E61 - HD Shower Screen","PSD-HD-E61","2025-05-01","United States","2025-05-12",4,295,-59,-59,177,0,177
"High Diffusion Espresso Shower Screen","MV - HD Shower Screen","PSD-HD-MV","2025-05-01","United Kingdom","2025-05-08",2,114.7,0,0,114.7,0,114.7
"Dosing Bundle","Black","DOSING_B","2025-05-01","United States","2025-05-01",1,52.5,-52.5,0,0,0,0
"High Extraction He[%] Filter Baskets for a Fuller Coffee Experience","Pesado He[%] Basket - Large","PSD-HE-LG","2025-05-01","Australia","2025-05-28",1,54.72,0,0,54.72,0,54.72
"Espresso Shot Mirror","Default Title","PSDshot-mirror","2025-05-01","United States","2025-05-18",1,28,-2.81,0,25.19,0,25.19
"Coffee Tamper: 58.5mm & 53.5mm","58.5mm With Black Base / Black / Black","PSDT-BKBase-BBK","2025-05-01","United States","2025-05-06",1,90,-9,0,81,0,81
"Hybrid Breville 54/58mm Portafilter - Versatile and Easy to Use","Breville 54 / Black | Iris","PF02BR54BK-Iris-HY","2025-05-01","United States","2025-05-22",1,145,0,0,145,0,145
"Impact Gravity Espresso Grounds Distributor (58.4mm)","Black","V2-PSD-distributor","2025-05-01","Australia","2025-05-18",1,96.05,0,0,96.05,9.61,105.66
"High Diffusion Espresso Shower Screen","E61 - HD Shower Screen","PSD-HD-E61","2025-05-01","Australia","2025-05-17",1,55.31,0,0,55.31,5.53,60.84
"Stainless Steel Clump Crusher V2.0 (WDT espresso distribution tool)","Black","V2-PSDcrusher-Black","2025-05-01","United States","2025-05-07",1,34.35,0,0,34.35,0,34.35
"High Diffusion Espresso Shower Screen","MV - HD Shower Screen","PSD-HD-MV","2025-05-01","Australia","2025-05-18",1,51.3,-5.12,0,46.18,4.62,50.8
"High Extraction He[%] Filter Baskets for a Fuller Coffee Experience","Pesado He[%] Basket - Large","PSD-HE-LG","2025-05-01","United States","2025-05-29",2,195,0,-65,130,0,130
"Pesado EP Filter Basket","EP-Breville54-20g","EP-BR-20g","2025-05-01","United States","2025-05-17",1,20,-2,0,18,0,18
"Distribution Bundle","58mm Distribution Bundle / Black","DISTR_B","2025-05-01","Taiwan","2025-05-29",1,175.81,-26.37,0,149.44,0,149.44
"High Extraction He[%] 54mm Breville Filter Basket - Dosing 18g-20g","Default Title","PSD-HE-54","2025-05-01","United States","2025-05-08",-1,0,0,-58.5,-58.5,0,-58.5
"Modular Tamper Handle: Customize Your Tamper for Coffee","Black / Dusk","PSDTHMODBDK","2025-05-01","United States","2025-05-26",-1,0,0,-45.99,-45.99,0,-45.99
"High Extraction He[%] Filter Baskets for a Fuller Coffee Experience","Pesado He[%] Basket - Large","PSD-HE-LG","2025-05-01","Australia","2025-05-17",1,54.44,0,0,54.44,0,54.44
"Dusk & Haze Clump Crusher (WDT tool)","Dusk","PSDcrusher-Dusk","2025-05-01","United States","2025-05-06",1,34.35,-3.43,0,30.92,0,30.92
"Hybrid Breville 54/58mm Portafilter - Versatile and Easy to Use","Breville 54 / Raya","PF02BR54-Raya-HY","2025-05-01","United States","2025-05-17",1,145,-14.5,0,130.5,0,130.5
"Coffee Tamper: 58.5mm & 53.5mm","58.5mm With Black Base / Black / Silver","PSDT-BKBase-BSi","2025-05-01","United States","2025-05-01",1,90,-90,0,0,0,0
"Impact Gravity Espresso Grounds Distributor (58.4mm)","Black","V2-PSD-distributor","2025-05-01","Australia","2025-05-31",2,193.08,0,0,193.08,19.3,212.38
"High Diffusion Espresso Shower Screen","LM - HD Shower Screen","PSD-HD-LM","2025-05-01","Australia","2025-05-23",1,51.95,-5.19,0,46.76,4.68,51.44
"High Diffusion Espresso Shower Screen","E61 - HD Shower Screen","PSD-HD-E61","2025-05-01","Australia","2025-05-28",4,222.44,0,0,222.44,22.26,244.7
"High Extraction He[%] Filter Baskets for a Fuller Coffee Experience","Pesado He[%] Basket - Large","PSD-HE-LG","2025-05-01","United States","2025-05-16",2,130,-6.5,0,123.5,0,123.5
"Pesado EP Filter Basket","EP-18g","EP-18g","2025-05-01","United States","2025-05-16",1,20,0,0,20,0,20
"Stand for (WDT) Clump Crusher 2.0","Default Title","V2-PSDcrusher-Stand","2025-05-01","United States","2025-05-09",1,18,-1.81,0,16.19,0,16.19
"Crusher Threaded Pin Assembly for DIY WDT Tool","4 pack of WDT pins","PSD-removablepins","2025-05-01","United States","2025-05-02",4,4,-0.4,0,3.6,0,3.6
"High Extraction He[%] Filter Baskets for a Fuller Coffee Experience","Pesado He[%] Basket - Small","PSD-HE-SM","2025-05-01","United States","2025-05-06",1,65,-6.5,0,58.5,0,58.5
"Magnetic Espresso Dosing Ring","58mm Dosing Ring / Black","V2-PSDring-58mm","2025-05-01","Australia","2025-05-19",1,21.59,-4.32,0,17.27,0,17.27
"Naked/Bottomless Portafilter - Head Only (HYBRID)","La Marzocco 6mm","PFH00LM-HY","2025-05-01","United States","2025-05-29",1,67.5,0,0,67.5,0,67.5
"High Diffusion Espresso Shower Screen","E61 - HD Shower Screen","PSD-HD-E61","2025-05-01","United States","2025-05-03",9,531,-17.7,0,513.3,0,513.3
"Modular Portafilter Handles","White / Dusk",,"2025-05-01","Netherlands","2025-05-13",1,56.7,0,0,56.7,0,56.7
"Pesado EP Filter Basket","EP-22g","EP-22g","2025-05-01","United States","2025-05-24",1,20,0,0,20,0,20
"53.5 & 58.5mm Puck Diffuser Screen","53.5mm","PSD-puck-54","2025-05-01","United States","2025-05-10",1,20,0,0,20,0,20
"Bottomless LM/E61/NS/GA Portafilter (Hybrid)","Breville 54mm / White Full POM","PF00BR54-WHPOM-HY","2025-05-01","United States","2025-05-04",1,90,-9,0,81,0,81
"Bottomless LM/E61/NS/GA Portafilter (Hybrid)","E61 5mm / Black / Silver","PF00MV-BSL-HY","2025-05-01","United States","2025-05-01",1,112,-112,0,0,0,0
"Pesado EP Filter Basket","EP-20g","EP-20g","2025-05-01","China","2025-05-20",1,18.17,0,0,18.17,2.36,20.53
"Bottomless LM/E61/NS/GA Portafilter (Hybrid)","Breville 54mm / Black / Black","PF00BR54-BBK-HY","2025-05-01","United States","2025-05-17",1,112,0,0,112,0,112
"Hybrid LM/E61/NS/GA Portafilter - Versatile Bottomless & Spouted","La Marzocco 6mm / White | Silver","PF02LM-WSL-HY","2025-05-01","United States","2025-05-07",1,137,0,0,137,0,137
"High Extraction He[%] Filter Baskets for a Fuller Coffee Experience","Pesado He[%] Basket - Medium","PSD-HE-ME","2025-05-01","United States","2025-05-02",1,65,0,0,65,0,65
"Espresso Shot Mirror","Default Title","PSDshot-mirror","2025-05-01","Australia","2025-05-18",1,25.98,0,0,25.98,0,25.98
"High Extraction He[%] Filter Baskets for a Fuller Coffee Experience","Pesado He[%] Basket - X-Large","PSD-HE-XL","2025-05-01","United States","2025-05-27",1,65,0,0,65,0,65
"High Diffusion Espresso Shower Screen","LM - HD Shower Screen","PSD-HD-LM","2025-05-01","United States","2025-05-31",2,110,0,0,110,0,110
"Pesado EP Filter Basket","EP-18g","EP-18g","2025-05-01","Australia","2025-05-24",1,17.72,0,0,17.72,1.77,19.49
"Hybrid LM/E61/NS/GA Portafilter - Versatile Bottomless & Spouted","E61 5mm / Black | Dusk","PF02MV-BDK-HY","2025-05-01","United States","2025-05-18",1,145,0,0,145,0,145
"High Diffusion Espresso Shower Screen","MV - HD Shower Screen","PSD-HD-MV","2025-05-01","Philippines","2025-05-19",1,57.51,0,0,57.51,0,57.51
"Naked/Bottomless Portafilter - Head Only (HYBRID)","Breville 58mm","PFH00BR58-HY","2025-05-01","United States","2025-05-18",1,67.5,-6.75,0,60.75,0,60.75
"Crusher Threaded Pin Assembly for DIY WDT Tool","4 pack of WDT pins","PSD-removablepins","2025-05-01","Singapore","2025-05-17",2,3.08,0,0,3.08,0,3.08
"High Diffusion Espresso Shower Screen","E61 - HD Shower Screen","PSD-HD-E61","2025-05-01","Canada","2025-05-07",1,60.71,0,0,60.71,0,60.71
"High Extraction He[%] Filter Baskets for a Fuller Coffee Experience","Pesado He[%] Basket - Small","PSD-HE-SM","2025-05-01","United States","2025-05-11",-1,0,0,-65,-65,0,-65
"Pesado EP Filter Basket","EP-20g","EP-20g","2025-05-01","United Arab Emirates","2025-05-22",1,20.42,0,0,20.42,0,20.42
"Dosing Cup","58mm Dosing Cup / White","PSDdosingCup-WH","2025-05-01","Australia","2025-05-28",4,89.84,0,0,89.84,0,89.84
"High Diffusion Espresso Shower Screen","E61 - HD Shower Screen","PSD-HD-E61","2025-05-01","United States","2025-05-14",9,531,0,0,531,0,531
"Bottomless LM/E61/NS/GA Portafilter (Hybrid)","Breville 54mm / White Full POM","PF00BR54-WHPOM-HY","2025-05-01","United States","2025-05-09",1,90,-9,0,81,0,81
"53.5 & 58.5mm Puck Diffuser Screen","58.5mm","PSD-puck","2025-05-01","Denmark","2025-05-25",2,40.82,0,0,40.82,0,40.82
"Impact Gravity Espresso Grounds Distributor (58.4mm)","Black","V2-PSD-distributor","2025-05-01","United States","2025-05-26",1,120,0,0,120,0,120
"Dusk & Haze Clump Crusher (WDT tool)","Dusk","PSDcrusher-Dusk","2025-05-01","Australia","2025-05-31",1,28.32,0,0,28.32,0,28.32
"High Diffusion Espresso Shower Screen","MV - HD Shower Screen","PSD-HD-MV","2025-05-01","United States","2025-05-26",7,385,-5.5,0,379.5,0,379.5
"High Diffusion Espresso Shower Screen","MV - HD Shower Screen","PSD-HD-MV","2025-05-01","France","2025-05-19",1,56.23,-5.62,0,50.61,0,50.61
"High Diffusion Espresso Shower Screen","LM - HD Shower Screen","PSD-HD-LM","2025-05-01","United States","2025-05-18",9,495,0,0,495,0,495
"High Diffusion Espresso Shower Screen","MV - HD Shower Screen","PSD-HD-MV","2025-05-01","Australia","2025-05-16",2,102.48,0,0,102.48,10.24,112.72
"High Diffusion Espresso Shower Screen","LM - HD Shower Screen","PSD-HD-LM","2025-05-01","Australia","2025-05-24",1,51.96,0,0,51.96,5.2,57.16
"Spring-Loaded Self-Leveling Tamper – Pesado x AD Coffee","Default Title","PSD-ADcoffee-Tamper","2025-05-01","United States","2025-05-02",1,120,0,0,120,0,120
"High Diffusion Espresso Shower Screen","E61 - HD Shower Screen","PSD-HD-E61","2025-05-01","Australia","2025-05-19",5,278.55,0,0,278.55,27.87,306.42
"Pesado x IMS Breville 54mm - Competition Shower Screen","Breville 54mm","PSDBreville","2025-05-01","Australia","2025-05-26",4,70.84,-2.66,0,68.18,6.83,75.01
"High Extraction He[%] 54mm Breville Filter Basket - Dosing 18g-20g","Default Title","PSD-HE-54","2025-05-01","United States","2025-05-07",2,130,0,0,130,0,130
"Bottomless LM/E61/NS/GA Portafilter (Hybrid)","La Marzocco 6mm / White / Bronze","PF00LM-WBZ-HY","2025-05-01","Germany","2025-05-29",1,114.59,0,0,114.59,0,114.59
"Dusk & Haze Clump Crusher (WDT tool)","Dusk","PSDcrusher-Dusk","2025-05-01","United States","2025-05-09",1,34.35,-3.43,0,30.92,0,30.92
"High Extraction He[%] Filter Baskets for a Fuller Coffee Experience","Pesado He[%] Basket - Large","PSD-HE-LG","2025-05-01","Australia","2025-05-30",1,54.58,0,0,54.58,0,54.58
"53.5 & 58.5mm Puck Diffuser Screen","58.5mm","PSD-puck","2025-05-01","Ukraine","2025-05-22",1,20.42,-2.04,0,18.38,0,18.38
"Modular Portafilter Handles","Black / Riga","PSDHMODBKRIGA","2025-05-01","United States","2025-05-25",1,55,0,0,55,0,55
"Magnetic Espresso Dosing Ring","58mm Dosing Ring / Black","V2-PSDring-58mm","2025-05-01","United States","2025-05-24",1,22.5,-2.25,0,20.25,0,20.25
"High Diffusion Espresso Shower Screen","E61 - HD Shower Screen","PSD-HD-E61","2025-05-01","United States","2025-05-28",4,236,0,0,236,0,236
"Bottomless LM/E61/NS/GA Portafilter (Hybrid)","E61 5mm / Black / Silver","PF00MV-BSL-HY","2025-05-01","United States","2025-05-30",1,112,0,0,112,0,112
"Bottomless LM/E61/NS/GA Portafilter (Hybrid)","E61 5mm / Black / Riga","PF00MVBK-Riga-HY","2025-05-01","Australia","2025-05-29",1,102.94,-15.44,0,87.5,0,87.5
"High Diffusion Espresso Shower Screen","MV - HD Shower Screen","PSD-HD-MV","2025-05-01","United States","2025-05-08",6,330,0,0,330,0,330
"Coffee Tamper: 58.5mm & 53.5mm","58.5mm / Black / Gold","PSDTMBGd","2025-05-01","United States","2025-05-20",1,90,0,0,90,0,90
"Stand for (WDT) Clump Crusher 2.0","Default Title","V2-PSDcrusher-Stand","2025-05-01","Australia","2025-05-19",1,16.79,-1.68,0,15.11,1.51,16.62
"High Extraction He[%] Filter Baskets for a Fuller Coffee Experience","Pesado He[%] Basket - Medium","PSD-HE-ME","2025-05-01","Australia","2025-05-17",2,108.88,0,0,108.88,0,108.88
"Sunrise Ceramic Coffee Cup and Saucer Set (White)","Default Title","PSD-CeramicSet","2025-05-01","Singapore","2025-05-28",2,21.72,0,0,21.72,0,21.72
"High Extraction He[%] Filter Baskets for a Fuller Coffee Experience","Pesado He[%] Basket - Medium","PSD-HE-ME","2025-05-01","United States","2025-05-29",1,65,-6.5,0,58.5,0,58.5
"High Extraction He[%] Filter Baskets for a Fuller Coffee Experience","Pesado He[%] Basket - X-Large","PSD-HE-XL","2025-05-01","United States","2025-05-04",1,65,-6.5,0,58.5,0,58.5
"53.5 & 58.5mm Puck Diffuser Screen","58.5mm","PSD-puck","2025-05-01","United States","2025-05-01",1,20,-2,0,18,0,18
"Alloy Modular Stand for Clump Crusher (WDT tool)","Default Title","PSDcrusher-Stand","2025-05-01","United States","2025-05-01",1,18,0,0,18,0,18
"Pesado Black Ripple Set","Precision Barista Jug Sharp Spout","PSDjug-BK","2025-05-01","Australia","2025-05-31",1,31.59,0,0,31.59,3.16,34.75
"High Extraction He[%] Filter Baskets for a Fuller Coffee Experience","Pesado He[%] Basket - Medium","PSD-HE-ME","2025-05-01","Netherlands","2025-05-12",1,66.48,0,0,66.48,0,66.48
"High Diffusion Espresso Shower Screen","E61 - HD Shower Screen","PSD-HD-E61","2025-05-01","Taiwan","2025-05-16",1,60.2,0,0,60.2,0,60.2
"Spouted Portafilter - Head Only","LM/E61","PFHLM","2025-05-01","United States","2025-05-09",1,67.5,0,0,67.5,0,67.5
"Hybrid LM/E61/NS/GA Portafilter - Versatile Bottomless & Spouted","E61 5mm / Black | Iris","PF02MVBK-Iris-HY","2025-05-01","United States","2025-05-01",1,145,0,0,145,0,145
"High Extraction He[%] Filter Baskets for a Fuller Coffee Experience","Pesado He[%] Basket - Large","PSD-HE-LG","2025-05-01","Singapore","2025-05-28",1,66.69,0,0,66.69,0,66.69
"High Extraction He[%] Filter Baskets for a Fuller Coffee Experience","Pesado He[%] Basket - Large","PSD-HE-LG","2025-05-01","United States","2025-05-15",3,195,-13,0,182,0,182
"High Diffusion Espresso Shower Screen","E61 - HD Shower Screen","PSD-HD-E61","2025-05-01","Hungary","2025-05-23",2,120.6,0,0,120.6,0,120.6
"Sunrise Ceramic Coffee Cup and Saucer Set (White)","Default Title","PSD-CeramicSet","2025-05-01","United States","2025-05-18",2,20,-2,0,18,0,18
"Single-Dose Coffee Tubes (Bean Cellar 4-Pack)","Default Title","PSD-beantube","2025-05-01","United States","2025-05-01",1,27,0,0,27,0,27
"High Diffusion Espresso Shower Screen","MV - HD Shower Screen","PSD-HD-MV","2025-05-01","Canada","2025-05-17",1,56.55,-5.66,0,50.89,0,50.89
"Pesado Black Ripple Set","Precision Barista Jug Sharp Spout","PSDjug-BK","2025-05-01","Australia","2025-05-18",1,31.44,0,0,31.44,3.14,34.58
"Pesado Portafilter Tamping Station","Default Title","PSD-TampingStation","2025-05-01","Australia","2025-05-31",1,115.84,0,0,115.84,0,115.84
"Pesado x IMS Breville 54mm - Competition Shower Screen","Breville 54mm","PSDBreville","2025-05-01","United States","2025-05-31",2,40,-2,0,38,0,38
"High Extraction He[%] 54mm Breville Filter Basket - Dosing 18g-20g","Default Title","PSD-HE-54","2025-05-01","United States","2025-05-26",1,65,0,0,65,0,65
"Modular Portafilter Handles","White / Riga",,"2025-05-01","United States","2025-05-27",-1,0,0,-49.5,-49.5,0,-49.5
"High Extraction He[%] Filter Baskets for a Fuller Coffee Experience","Pesado He[%] Basket - Large","PSD-HE-LG","2025-05-01","United States","2025-05-02",1,65,-6.5,0,58.5,0,58.5
"Pesado EP Filter Basket","EP-18g","EP-18g","2025-05-01","United States","2025-05-02",1,20,-2,0,18,0,18
"High Diffusion Espresso Shower Screen","E61 - HD Shower Screen","PSD-HD-E61","2025-05-01","Canada","2025-05-25",1,60.51,-6.05,0,54.46,0,54.46
"Naked/Bottomless Portafilter - Head Only (HYBRID)","E61 5mm","PFH00MV-HY","2025-05-01","United States","2025-05-27",1,67.5,0,0,67.5,0,67.5
"Naked/Bottomless Portafilter - Head Only (HYBRID)","La Marzocco 6mm","PFH00LM-HY","2025-05-01","Germany","2025-05-30",1,69.18,0,0,69.18,0,69.18
"Coffee Tamper: 58.5mm & 53.5mm","58.5mm / Black / Black","PSDTMBBk","2025-05-01","Australia","2025-05-27",1,77.34,0,0,77.34,0,77.34
"Magnetic Espresso Dosing Ring","58mm Dosing Ring / Black","V2-PSDring-58mm","2025-05-01","United States","2025-05-21",2,45,-25.87,0,19.13,0,19.13
"High Diffusion Espresso Shower Screen","E61 - HD Shower Screen","PSD-HD-E61","2025-05-01","United States","2025-05-17",1,59,0,0,59,0,59
"Bottomless LM/E61/NS/GA Portafilter (Hybrid)","La Marzocco 6mm / Black / Dusk","PF00LM-BDK-HY","2025-05-01","Australia","2025-05-25",1,97.44,0,0,97.44,0,97.44
"High Extraction He[%] Filter Baskets for a Fuller Coffee Experience","Pesado He[%] Basket - Medium","PSD-HE-ME","2025-05-01","Singapore","2025-05-24",1,66.96,0,0,66.96,0,66.96
"Modular Tamper Handle: Customize Your Tamper for Coffee","White / Iris","PSDTHMODWHIRIS","2025-05-01","United States","2025-05-27",1,45.99,0,0,45.99,0,45.99
"High Extraction He[%] Filter Baskets for a Fuller Coffee Experience","Pesado He[%] Basket - Large","PSD-HE-LG","2025-05-01","France","2025-05-31",1,66.89,-6.68,0,60.21,0,60.21
"Pesado EP Filter Basket","EP-20g","EP-20g","2025-05-01","United States","2025-05-18",2,40,-2,0,38,0,38
"Stainless Steel Clump Crusher V2.0 (WDT espresso distribution tool)","Bronze","V2-PSDcrusher-Bronze","2025-05-01","United States","2025-05-11",1,34.35,0,0,34.35,0,34.35
"Modular Puck Screen Holder - Aluminum Matte Black","Default Title","PSD-PuckHolder","2025-05-01","United States","2025-05-18",3,54,-3.6,0,50.4,0,50.4
"High Diffusion Espresso Shower Screen","LM - HD Shower Screen","PSD-HD-LM","2025-05-01","United States","2025-05-13",2,165,0,-55,110,0,110
"High Extraction He[%] Filter Baskets for a Fuller Coffee Experience","Pesado He[%] Basket - Medium","PSD-HE-ME","2025-05-01","Thailand","2025-05-29",1,66.31,-6.63,0,59.68,0,59.68
"High Extraction He[%] Filter Baskets for a Fuller Coffee Experience","Pesado He[%] Basket - X-Large","PSD-HE-XL","2025-05-01","United States","2025-05-09",1,65,0,0,65,0,65
"Modular Tamper Handle: Customize Your Tamper for Coffee","White / Iris",,"2025-05-01","United States","2025-05-07",1,45.99,0,0,45.99,0,45.99
"53.5 & 58.5mm Puck Diffuser Screen","58.5mm","PSD-puck","2025-05-01","United States","2025-05-12",1,20,0,0,20,0,20
"Impact Gravity Espresso Grounds Distributor (58.4mm)","Black","V2-PSD-distributor","2025-05-01","United States","2025-05-05",0,112.68,0,-108,4.68,7.32,12
"Pesado Portafilter Tamping Station","Default Title","PSD-TampingStation","2025-05-01","United States","2025-05-30",1,119.99,-12,0,107.99,0,107.99
"High Extraction He[%] Filter Baskets for a Fuller Coffee Experience","Pesado He[%] Basket - Small","PSD-HE-SM","2025-05-01","United States","2025-05-24",1,65,-9.75,0,55.25,0,55.25
"High Extraction He[%] Filter Baskets for a Fuller Coffee Experience","Pesado He[%] Basket - Large","PSD-HE-LG","2025-05-01","France","2025-05-19",1,66.36,-6.63,0,59.73,0,59.73
"Portafilter with a Double Spout for Espresso Machines","Breville 54 / Black Full Pom","PF02BR54-FullPOM","2025-05-01","Slovenia","2025-05-31",1,91.86,0,0,91.86,0,91.86
"High Diffusion Espresso Shower Screen","E61 - HD Shower Screen","PSD-HD-E61","2025-05-01","France","2025-05-31",1,61.22,-6.13,0,55.09,0,55.09
"Single-Dose Coffee Tubes (Bean Cellar 4-Pack)","Default Title","PSD-beantube","2025-05-01","United States","2025-05-18",3,81,-2.7,0,78.3,0,78.3
"High Diffusion Espresso Shower Screen","E61 - HD Shower Screen","PSD-HD-E61","2025-05-01","United States","2025-05-29",3,236,0,-59,177,0,177
"Magnetic Espresso Dosing Ring","58mm Dosing Ring / Black","V2-PSDring-58mm","2025-05-01","Ukraine","2025-05-22",1,22.95,-2.3,0,20.65,0,20.65
"High Extraction He[%] Filter Baskets for a Fuller Coffee Experience","Pesado He[%] Basket - X-Large","PSD-HE-XL","2025-05-01","Australia","2025-05-21",2,109.44,0,0,109.44,0,109.44
"Dusk & Haze Clump Crusher (WDT tool)","Haze","PSDcrusher-Haze","2025-05-01","United States","2025-05-03",1,34.35,0,0,34.35,0,34.35
"Magnetic Espresso Dosing Ring","58mm Dosing Ring / Black","V2-PSDring-58mm","2025-05-01","United States","2025-05-25",4,90,-2.25,0,87.75,0,87.75
"Modular Portafilter Handles","Black / Black","PSDHMODBBK","2025-05-01","United States","2025-05-22",2,110,0,0,110,0,110
"Pesado EP Filter Basket","EP-Breville54-20g","EP-BR-20g","2025-05-01","South Korea","2025-05-05",1,21.06,-2.11,0,18.95,0,18.95
"Pesado Portafilter Tamping Station","Default Title","PSD-TampingStation","2025-05-01","United States","2025-05-18",2,239.98,-23.99,0,215.99,0,215.99
"High Extraction He[%] Filter Baskets for a Fuller Coffee Experience","Pesado He[%] Basket - Medium","PSD-HE-ME","2025-05-01","United States","2025-05-28",1,65,-65,0,0,0,0
"Dosing Cup","54mm Dosing Cup / Black","PSDdosingCup-BK-54","2025-05-01","United States","2025-05-03",1,26.25,0,0,26.25,0,26.25
"Impact Gravity Espresso Grounds Distributor (58.4mm)","Black","V2-PSD-distributor","2025-05-01","United States","2025-05-09",2,240,-12,0,228,0,228
"High Diffusion Espresso Shower Screen","LM - HD Shower Screen","PSD-HD-LM","2025-05-01","United States","2025-05-01",7,385,-55,0,330,0,330
"High Diffusion Espresso Shower Screen","MV - HD Shower Screen","PSD-HD-MV","2025-05-01","United States","2025-05-09",5,275,-5.5,0,269.5,0,269.5
"Crusher Threaded Pin Assembly for DIY WDT Tool","4 pack of WDT pins","PSD-removablepins","2025-05-01","Australia","2025-05-22",1,0.64,0,0,0.64,0,0.64
"Wooden Clump Crusher - WDT Distribution Tool for Fluffy Espresso Puck","Riga","PSDcrusherRIGA","2025-05-01","United States","2025-05-29",1,34.35,-3.43,0,30.92,0,30.92
"Full Moon Wave - Convex Tamper","Black | Dusk","PSDT-WAVE-BDk","2025-05-01","United States","2025-05-04",1,114.5,0,0,114.5,0,114.5
"Espresso Shot Mirror","Default Title","PSDshot-mirror","2025-05-01","United States","2025-05-01",1,28,0,0,28,0,28
"High Diffusion Espresso Shower Screen","E61 - HD Shower Screen","PSD-HD-E61","2025-05-01","United Kingdom","2025-05-09",2,122.45,0,0,122.45,0,122.45
"Spring-Loaded Self-Leveling Tamper – Pesado x AD Coffee","Default Title","PSD-ADcoffee-Tamper","2025-05-01","United States","2025-05-19",1,120,0,0,120,0,120
"High Diffusion Espresso Shower Screen","E61 - HD Shower Screen","PSD-HD-E61","2025-05-01","Hungary","2025-05-22",1,60.26,0,0,60.26,0,60.26
"Distribution Bundle","54mm Distribution Bundle / Black","DISTR_B_54mm","2025-05-01","Denmark","2025-05-27",1,165.71,0,0,165.71,0,165.71
"Single-Dose Coffee Tubes (Bean Cellar 4-Pack)","Default Title","PSD-beantube","2025-05-01","Australia","2025-05-30",1,25.74,-2.57,0,23.17,0,23.17
"Pesado Black Ripple Set","Precision Barista Jug Sharp Spout","PSDjug-BK","2025-05-01","Australia","2025-05-19",1,31.7,0,0,31.7,3.17,34.87
"Distribution Bundle","58mm Distribution Bundle / Black","DISTR_B","2025-05-01","Denmark","2025-05-27",1,175.93,0,0,175.93,0,175.93
"Dosing Cup","54mm Dosing Cup / White","PSDdosingCup-WH-54","2025-05-01","United States","2025-05-09",1,26.25,-2.62,0,23.63,0,23.63
"Stainless Steel Clump Crusher V2.0 (WDT espresso distribution tool)","Black","V2-PSDcrusher-Black","2025-05-01","United States","2025-05-25",1,34.35,0,0,34.35,0,34.35
"Pesado EP Filter Basket","EP-18g","EP-18g","2025-05-01","United States","2025-05-03",1,20,-2,0,18,0,18
"Hybrid Breville 54/58mm Portafilter - Versatile and Easy to Use","Breville 54 / White | Dusk","PF02BR54-WDK-HY","2025-05-01","United States","2025-05-28",1,145,-14.5,0,130.5,0,130.5
"High Extraction He[%] Filter Baskets for a Fuller Coffee Experience","Pesado He[%] Basket - Large","PSD-HE-LG","2025-05-01","United States","2025-05-03",2,130,0,0,130,0,130
"High Extraction He[%] 54mm Breville Filter Basket - Dosing 18g-20g","Default Title","PSD-HE-54","2025-05-01","Netherlands","2025-05-25",1,67.01,0,0,67.01,0,67.01
"High Diffusion Espresso Shower Screen","LM - HD Shower Screen","PSD-HD-LM","2025-05-01","Netherlands","2025-05-03",1,56.45,0,0,56.45,0,56.45
"High Diffusion Espresso Shower Screen","E61 - HD Shower Screen","PSD-HD-E61","2025-05-01","United States","2025-05-16",8,472,-11.8,0,460.2,0,460.2
"Magnetic Espresso Dosing Ring","58mm Dosing Ring / Black","V2-PSDring-58mm","2025-05-01","United States","2025-05-20",1,22.5,0,0,22.5,0,22.5
"Modular Portafilter Handles","White / Riga",,"2025-05-01","United States","2025-05-08",1,55,-8.25,0,46.75,0,46.75
"Impact Gravity Espresso Grounds Distributor (58.4mm)","Black","V2-PSD-distributor","2025-05-01","United States","2025-05-04",2,240,-30,0,210,0,210
"High Diffusion Espresso Shower Screen","E61 - HD Shower Screen","PSD-HD-E61","2025-05-01","Germany","2025-05-06",1,61.1,0,0,61.1,0,61.1
"Bottomless LM/E61/NS/GA Portafilter (Hybrid)","Breville 58mm / White / Riga","PF00BR58WH-Riga-HY","2025-05-01","United States","2025-05-08",1,120,0,0,120,0,120
"High Diffusion Espresso Shower Screen","LM - HD Shower Screen","PSD-HD-LM","2025-05-01","United States","2025-05-12",3,165,-11,0,154,0,154
"Hybrid LM/E61/NS/GA Portafilter - Versatile Bottomless & Spouted","E61 5mm / Black Full Pom","PF02MV-FullPOM-HY","2025-05-01","United States","2025-05-25",1,115,0,0,115,0,115
"Coffee Tamper: 58.5mm & 53.5mm","58.5mm / Black / Riga","PSDTMBKRiga","2025-05-01","United States","2025-05-02",1,97.5,-9.75,0,87.75,0,87.75
"High Extraction He[%] Filter Baskets for a Fuller Coffee Experience","Pesado He[%] Basket - Medium","PSD-HE-ME","2025-05-01","Australia","2025-05-29",2,109.38,-13.68,0,95.7,0,95.7
"Pesado Black Ripple Set","58mm Dosing Cup","PSDdosingCup-BK","2025-05-01","United States","2025-05-23",1,26.25,0,0,26.25,0,26.25
"High Extraction He[%] Filter Baskets for a Fuller Coffee Experience","Pesado He[%] Basket - Large","PSD-HE-LG","2025-05-01","Australia","2025-05-16",1,54.44,0,0,54.44,0,54.44
"Hybrid Breville 54/58mm Portafilter - Versatile and Easy to Use","Breville 58 / Black | Silver","PF02BR58-BSL-HY","2025-05-01","United States","2025-05-13",1,137,-13.7,0,123.3,0,123.3
"Hybrid LM/E61/NS/GA Portafilter - Versatile Bottomless & Spouted","E61 5mm / White | Gold","PF02MV-WGD-HY","2025-05-01","United States","2025-05-30",1,137,0,0,137,0,137
"Coffee Tamper: 58.5mm & 53.5mm","53.5mm / Black / Dusk","PSDT-53.5-BDK","2025-05-01","United States","2025-05-06",1,97.5,-9.76,0,87.74,0,87.74
"High Extraction He[%] 54mm Breville Filter Basket - Dosing 18g-20g","Default Title","PSD-HE-54","2025-05-01","United States","2025-05-09",1,65,-6.5,0,58.5,0,58.5
"High Diffusion Espresso Shower Screen","E61 - HD Shower Screen","PSD-HD-E61","2025-05-01","Taiwan","2025-05-29",2,120.39,-9.03,0,111.36,0,111.36
"High Diffusion Espresso Shower Screen","E61 - HD Shower Screen","PSD-HD-E61","2025-05-01","Australia","2025-05-29",5,278.08,-13.88,0,264.2,26.43,290.63
"High Diffusion Espresso Shower Screen","MV - HD Shower Screen","PSD-HD-MV","2025-05-01","Australia","2025-05-30",8,411.13,-18.01,0,393.12,39.32,432.44
"Pesado Single Dose Coffee Cellar Stand + 4 Pack of Bean Cellars","Default Title","PSD-Beanstand-combo","2025-05-01","United Arab Emirates","2025-05-22",1,76.5,0,0,76.5,0,76.5
"53.5 & 58.5mm Puck Diffuser Screen","58.5mm","PSD-puck","2025-05-01","United Kingdom","2025-05-06",1,21.31,0,0,21.31,0,21.31
"High Diffusion Espresso Shower Screen","MV - HD Shower Screen","PSD-HD-MV","2025-05-01","United Kingdom","2025-05-06",2,100,0,0,100,10,110
"Precision 58mm Breville Bundle: 58mm Portafilter & He[%] Basket","Black","PRE-BR58-SET","2025-05-01","United States","2025-05-30",2,404,-20.2,0,383.8,0,383.8
"Modular Puck Screen Holder - Aluminum Matte Black","Default Title","PSD-PuckHolder","2025-05-01","Denmark","2025-05-25",1,18.43,0,0,18.43,0,18.43
"Magnetic Espresso Dosing Ring","58mm Dosing Ring / Black","V2-PSDring-58mm","2025-05-01","United States","2025-05-06",2,45,-2.25,0,42.75,0,42.75
"Portafilter with a Double Spout for Espresso Machines","Nuova Simonelli / Black | Riga","PF02NSBK-Riga","2025-05-01","Hong Kong","2025-05-17",1,122.47,0,0,122.47,0,122.47
"Modular Portafilter Handles","Black / Iris","PSDHMODBKIRIS","2025-05-01","United States","2025-05-07",1,55,-5.5,0,49.5,0,49.5
"High Diffusion Espresso Shower Screen","E61 - HD Shower Screen","PSD-HD-E61","2025-05-01","United States","2025-05-02",14,826,-17.7,0,808.3,0,808.3
"Pesado EP Filter Basket","EP-20g","EP-20g","2025-05-01","United States","2025-05-01",1,20,-2,0,18,0,18
"Bottomless LM/E61/NS/GA Portafilter (Hybrid)","Breville 54mm / Black Full POM","PF00BR54-FullPOM-HY","2025-05-01","Australia","2025-05-30",1,70.6,-7.06,0,63.54,0,63.54
"Modular Portafilter Handles","White / Riga",,"2025-05-01","United States","2025-05-18",1,55,-5.5,0,49.5,0,49.5
"Stainless Steel Milk Jug With Round Spout - 16.5oz / 490ml","Default Title","PSDjugWH","2025-05-01","United States","2025-05-25",1,34.35,0,0,34.35,0,34.35
"High Extraction He[%] Filter Baskets for a Fuller Coffee Experience","Pesado He[%] Basket - Small","PSD-HE-SM","2025-05-01","United States","2025-05-07",1,65,0,0,65,0,65
"Hybrid LM/E61/NS/GA Portafilter - Versatile Bottomless & Spouted","E61 5mm / Black Full Pom","PF02MV-FullPOM-HY","2025-05-01","United States","2025-05-11",1,115,-11.5,0,103.5,0,103.5
"High Diffusion Espresso Shower Screen","MV - HD Shower Screen","PSD-HD-MV","2025-05-01","United States","2025-05-22",6,330,0,0,330,0,330
"High Diffusion Espresso Shower Screen","LM - HD Shower Screen","PSD-HD-LM","2025-05-01","United States","2025-05-30",5,275,0,0,275,0,275
"Modular Portafilter Handles","White / Haze",,"2025-05-01","Australia","2025-05-17",1,51.23,0,0,51.23,0,51.23
"Espresso Shot Mirror","Default Title","PSDshot-mirror","2025-05-01","Australia","2025-05-19",1,26.11,-5.22,0,20.89,0,20.89
"High Diffusion Espresso Shower Screen","MV - HD Shower Screen","PSD-HD-MV","2025-05-01","Taiwan","2025-05-14",1,56.12,0,0,56.12,0,56.12
"Impact Gravity Espresso Grounds Distributor (58.4mm)","Black","V2-PSD-distributor","2025-05-01","United States","2025-05-22",1,120,-12,0,108,0,108
"53.5 & 58.5mm Puck Diffuser Screen","58.5mm","PSD-puck","2025-05-01","United States","2025-05-31",2,40,0,0,40,0,40
"Portafilter with a Double Spout for Espresso Machines","La Marzocco / E61 / White | Silver","PF02LM-WSL","2025-05-01","Australia","2025-05-26",1,97.2,0,0,97.2,0,97.2
"Dosing Cup","54mm Dosing Cup / White","PSDdosingCup-WH-54","2025-05-01","Australia","2025-05-19",1,22.55,-5.64,0,16.91,0,16.91
"High Extraction He[%] Filter Baskets for a Fuller Coffee Experience","Pesado He[%] Basket - X-Large","PSD-HE-XL","2025-05-01","United States","2025-05-26",1,65,-6.5,0,58.5,0,58.5
"High Extraction He[%] Filter Baskets for a Fuller Coffee Experience","Pesado He[%] Basket - Medium","PSD-HE-ME","2025-05-01","United States","2025-05-03",3,195,-13,0,182,0,182
"High Diffusion Espresso Shower Screen","E61 - HD Shower Screen","PSD-HD-E61","2025-05-01","United States","2025-05-15",6,354,-5.9,0,348.1,0,348.1
"Magnetic Espresso Dosing Ring","58mm Dosing Ring / Black","V2-PSDring-58mm","2025-05-01","United States","2025-05-11",1,22.5,0,0,22.5,0,22.5
"53.5 & 58.5mm Puck Diffuser Screen","53.5mm","PSD-puck-54","2025-05-01","United States","2025-05-06",2,40,-2,0,38,0,38
"High Extraction He[%] Filter Baskets for a Fuller Coffee Experience","Pesado He[%] Basket - Large","PSD-HE-LG","2025-05-01","New Zealand","2025-05-29",1,54.83,0,0,54.83,0,54.83
"Hybrid Breville 54/58mm Portafilter - Versatile and Easy to Use","Breville 54 / Black | Dusk","PF02BR54-BDK-HY","2025-05-01","United States","2025-05-17",1,145,-14.5,0,130.5,0,130.5
"Precision Cut Espresso & Coffee Tamper Base for Maximum Yield","58mm Base","PSDTBase","2025-05-01","South Korea","2025-05-13",1,50.2,-5.02,0,45.18,0,45.18
"53.5 & 58.5mm Puck Diffuser Screen","58.5mm","PSD-puck","2025-05-01","Australia","2025-05-23",1,17.75,0,0,17.75,0,17.75
"Metallic Stainless Steel Leva Accents","Riga","PSDleva-Riga","2025-05-01","Australia","2025-05-19",3,69.63,-13.92,0,55.71,0,55.71
"Depth Adjuster","Default Title","PSdepth","2025-05-01","United States","2025-05-15",1,45,0,0,45,0,45
"Magnetic Espresso Dosing Ring","58mm Dosing Ring / Black","V2-PSDring-58mm","2025-05-01","Australia","2025-05-31",1,21.56,0,0,21.56,0,21.56
"High Diffusion Espresso Shower Screen","LM - HD Shower Screen","PSD-HD-LM","2025-05-01","United States","2025-05-19",5,275,-55,0,220,0,220
"High Diffusion Espresso Shower Screen","MV - HD Shower Screen","PSD-HD-MV","2025-05-01","United States","2025-05-27",3,165,0,0,165,0,165
"Impact Gravity Espresso Grounds Distributor (58.4mm)","Black","V2-PSD-distributor","2025-05-01","United States","2025-05-27",1,120,0,0,120,0,120
"High Extraction He[%] Filter Baskets for a Fuller Coffee Experience","Pesado He[%] Basket - Medium","PSD-HE-ME","2025-05-01","United States","2025-05-14",1,65,0,0,65,0,65
"Single-Dose Coffee Tubes (Bean Cellar 4-Pack)","Default Title","PSD-beantube","2025-05-01","United States","2025-05-08",1,27,0,0,27,0,27
"53.5 & 58.5mm Puck Diffuser Screen","58.5mm","PSD-puck","2025-05-01","United States","2025-05-18",8,160,-8,0,152,0,152
"Bottomless LM/E61/NS/GA Portafilter (Hybrid)","E61 5mm / White / Gold","PF00MV-WGD-HY","2025-05-01","United States","2025-05-06",1,112,-11.2,0,100.8,0,100.8
"Coffee Tamper: 58.5mm & 53.5mm","58.5mm With Black Base / Black / Riga","PSDT-BKBase-BRiga","2025-05-01","United States","2025-05-02",1,97.5,0,0,97.5,0,97.5
"High Extraction He[%] Filter Baskets for a Fuller Coffee Experience","Pesado He[%] Basket - Large","PSD-HE-LG","2025-05-01","Australia","2025-05-29",1,54.81,0,0,54.81,0,54.81
"High Extraction He[%] 54mm Breville Filter Basket - Dosing 18g-20g","Default Title","PSD-HE-54","2025-05-01","United States","2025-05-04",3,195,-6.5,0,188.5,0,188.5
"Modular Portafilter Handles","Black Full POM","PSDHFullPOM","2025-05-01","United States","2025-05-02",1,55,0,0,55,0,55
"Pesado EP Filter Basket","EP-18g","EP-18g","2025-05-01","United States","2025-05-28",1,20,-20,0,0,0,0
"High Extraction He[%] Filter Baskets for a Fuller Coffee Experience","Pesado He[%] Basket - Large","PSD-HE-LG","2025-05-01","United States","2025-05-28",1,65,0,0,65,0,65
"High Diffusion Espresso Shower Screen","E61 - HD Shower Screen","PSD-HD-E61","2025-05-01","Australia","2025-05-16",3,166.02,0,0,166.02,16.6,182.62
"High Diffusion Espresso Shower Screen","LM - HD Shower Screen","PSD-HD-LM","2025-05-01","Australia","2025-05-27",3,154.55,0,0,154.55,15.45,170
"High Diffusion Espresso Shower Screen","MV - HD Shower Screen","PSD-HD-MV","2025-05-01","Australia","2025-05-19",1,51.25,0,0,51.25,5.13,56.38
"Stainless Steel Clump Crusher V2.0 (WDT espresso distribution tool)","Black","V2-PSDcrusher-Black","2025-05-01","United States","2025-05-06",1,34.35,0,0,34.35,0,34.35
"Pesado x IMS Breville 54mm - Competition Shower Screen","Breville 54mm","PSDBreville","2025-05-01","Australia","2025-05-25",1,17.79,0,0,17.79,1.78,19.57
"Precision Espresso Portafilter & Basket Bundle - LM & E61","E61 5mm / Black","PRE_SETMV","2025-05-01","Australia","2025-05-30",1,173.48,-17.35,0,156.13,0,156.13
"High Diffusion Espresso Shower Screen","LM - HD Shower Screen","PSD-HD-LM","2025-05-01","United Kingdom","2025-05-03",1,57.05,0,0,57.05,0,57.05
"Sunrise Ceramic Coffee Cup and Saucer Set (White)","Default Title","PSD-CeramicSet","2025-05-01","United States","2025-05-01",1,10,-1,0,9,0,9
"53.5 & 58.5mm Puck Diffuser Screen","58.5mm","PSD-puck","2025-05-01","Austria","2025-05-15",2,42.4,0,0,42.4,0,42.4
"Dosing Cup","54mm Dosing Cup / White","PSDdosingCup-WH-54","2025-05-01","United States","2025-05-22",1,26.25,-6.56,0,19.69,0,19.69
"High Extraction He[%] Filter Baskets for a Fuller Coffee Experience","Pesado He[%] Basket - Medium","PSD-HE-ME","2025-06-01","Taiwan","2025-06-03",1,68.11,-10.22,0,57.89,0,57.89
"High Extraction He[%] Filter Baskets for a Fuller Coffee Experience","Pesado He[%] Basket - Medium","PSD-HE-ME","2025-06-01","United States","2025-06-29",3,195,0,0,195,0,195
"Hybrid Breville 54/58mm Portafilter - Versatile and Easy to Use","Breville 58 / White Full POM","PF02BR58-WHPOM-HY","2025-06-01","Australia","2025-06-18",1,91.57,-13.73,0,77.84,7.79,85.63
"Wooden Clump Crusher - WDT Distribution Tool for Fluffy Espresso Puck","Raya","PSDcrusherRAYA","2025-06-01","United States","2025-06-02",1,34.35,-5.16,0,29.19,0,29.19
,"",,"2025-06-01","Australia","2025-06-22",1,0,0,0,0,0,0
"Coffee Tamper: 58.5mm & 53.5mm","58.5mm / White / Dusk","PSDTMWDk","2025-06-01","United States","2025-06-08",1,97.5,-97.5,0,0,0,0
"Pesado Portafilter Tamping Station","Default Title","PSD-TampingStation","2025-06-01","Australia","2025-06-29",1,106.87,-10.69,0,96.18,9.62,105.8
"High Extraction He[%] Filter Baskets for a Fuller Coffee Experience","Pesado He[%] Basket - X-Large","PSD-HE-XL","2025-06-01","United States","2025-06-13",1,65,0,0,65,0,65
"Modular Portafilter Handles","Black / Haze","PSDHMODBHZ","2025-06-01","United States","2025-06-07",1,55,0,0,55,0,55
"High Extraction He[%] 54mm Breville Filter Basket - Dosing 18g-20g","Default Title","PSD-HE-54","2025-06-01","United States","2025-06-07",1,65,0,0,65,0,65
"Stainless Steel Clump Crusher V2.0 (WDT espresso distribution tool)","Bronze","V2-PSDcrusher-Bronze","2025-06-01","Australia","2025-06-02",1,28.56,0,0,28.56,0,28.56
"Bottomless LM/E61/NS/GA Portafilter (Hybrid)","Nuova Simonelli / Black / Haze","PF00NS-BHZ-HY","2025-06-01","United States","2025-06-05",1,120,0,0,120,0,120
"Magnetic Espresso Dosing Ring","58mm Dosing Ring / Black","V2-PSDring-58mm","2025-06-01","Australia","2025-06-25",1,19.79,0,0,19.79,1.98,21.77
"High Diffusion Espresso Shower Screen","E61 - HD Shower Screen","PSD-HD-E61","2025-06-01","United States","2025-06-21",5,295,-8.85,0,286.15,0,286.15
"Wooden Clump Crusher - WDT Distribution Tool for Fluffy Espresso Puck","Riga","PSDcrusherRIGA","2025-06-01","United States","2025-06-03",1,34.35,0,0,34.35,0,34.35
"Pesado Single Dose Coffee Cellar Stand + 4 Pack of Bean Cellars","Default Title","PSD-Beanstand-combo","2025-06-01","United States","2025-06-24",0,127.5,0,-127.5,0,0,0
"Dusk & Haze Clump Crusher (WDT tool)","Dusk","PSDcrusher-Dusk","2025-06-01","United States","2025-06-08",1,34.35,-34.35,0,0,0,0
"Crusher Threaded Pin Assembly for DIY WDT Tool","4 pack of WDT pins","PSD-removablepins","2025-06-01","Australia","2025-06-26",3,1.77,0,0,1.77,0.18,1.95
"Single-Dose Coffee Tubes (Bean Cellar 4-Pack)","Default Title","PSD-beantube","2025-06-01","United States","2025-06-04",1,24.59,0,0,24.59,2.41,27
"Gravity Coffee Distributor 53.5mm","54 mm","PSD-distributor-54m","2025-06-01","Australia","2025-06-16",1,88.98,-8.89,0,80.09,8.01,88.1
"Pesado EP Filter Basket","EP-18g","EP-18g","2025-06-01","United Kingdom","2025-06-21",3,64.56,0,0,64.56,0,64.56
"High Extraction He[%] Filter Baskets for a Fuller Coffee Experience","Pesado He[%] Basket - Medium","PSD-HE-ME","2025-06-01","United States","2025-06-13",2,130,-6.5,0,123.5,0,123.5
"Stainless Steel Clump Crusher V2.0 (WDT espresso distribution tool)","Silver","V2-PSDcrusher-Silver","2025-06-01","United States","2025-06-03",2,68.7,-3.43,0,65.27,0,65.27
"Dosing Cup","54mm Dosing Cup / White","PSDdosingCup-WH-54","2025-06-01","Monaco","2025-06-27",1,26.87,-6.71,0,20.16,0,20.16
"High Extraction He[%] Filter Baskets for a Fuller Coffee Experience","Pesado He[%] Basket - Small","PSD-HE-SM","2025-06-01","Taiwan","2025-06-14",1,68.74,0,0,68.74,0,68.74
"Dosing Bundle","Black","DOSING_B","2025-06-01","Australia","2025-06-07",1,40.43,0,0,40.43,4.05,44.48
"Bottomless LM/E61/NS/GA Portafilter (Hybrid)","Breville 54mm / Raya","PF00BR54-Raya-HY","2025-06-01","United States","2025-06-06",1,120,-12,0,108,0,108
,"",,"2025-06-01","Australia","2025-06-06",1,56.17,0,0,56.17,5.62,61.79
"Coffee Tamper: 58.5mm & 53.5mm","53.5mm / White / Iris","PSDT-53.5-WHIris","2025-06-01","United States","2025-06-07",1,97.5,0,0,97.5,0,97.5
"Spring-Loaded Self-Leveling Tamper – Pesado x AD Coffee","Default Title","PSD-ADcoffee-Tamper","2025-06-01","Monaco","2025-06-28",1,123,0,0,123,0,123
"Bottomless LM/E61/NS/GA Portafilter (Hybrid)","La Marzocco 6mm / Black / Bronze","PF00LM-BBZ-HY","2025-06-01","United States","2025-06-11",2,224,0,0,224,0,224
"High Extraction He[%] Filter Baskets for a Fuller Coffee Experience","Pesado He[%] Basket - X-Large","PSD-HE-XL","2025-06-01","United States","2025-06-29",2,130,-9.75,0,120.25,0,120.25
"Magnetic Espresso Dosing Ring","58mm Dosing Ring / Black","V2-PSDring-58mm","2025-06-01","Australia","2025-06-09",2,39.7,-1.98,0,37.72,3.78,41.5
"High Diffusion Espresso Shower Screen","E61 - HD Shower Screen","PSD-HD-E61","2025-06-01","United States","2025-06-05",5,295,-5.9,0,289.1,0,289.1
"Stainless Steel Clump Crusher V2.0 (WDT espresso distribution tool)","Black","V2-PSDcrusher-Black","2025-06-01","Australia","2025-06-07",1,25.97,0,0,25.97,2.6,28.57
"Pesado Portafilter Tamping Station","Default Title","PSD-TampingStation","2025-06-01","Australia","2025-06-13",1,106.28,0,0,106.28,10.63,116.91
"Bottomless LM/E61/NS/GA Portafilter (Hybrid)","E61 5mm / Black / Riga","PF00MVBK-Riga-HY","2025-06-01","United States","2025-06-23",1,120,0,0,120,0,120
"Crusher Threaded Pin Assembly for DIY WDT Tool","4 pack of WDT pins","PSD-removablepins","2025-06-01","Australia","2025-06-10",1,0.59,0,0,0.59,0.06,0.65
"Dosing Bundle","Black","DOSING_B","2025-06-01","Australia","2025-06-29",1,34.56,0,0,34.56,3.46,38.02
"Modular Puck Screen Holder - Aluminum Matte Black","Default Title","PSD-PuckHolder","2025-06-01","Australia","2025-06-03",1,17.65,-2.64,0,15.01,1.5,16.51
"Depth Adjuster","Default Title","PSdepth","2025-06-01","Australia","2025-06-04",1,30.02,0,0,30.02,3,33.02
"High Extraction He[%] Filter Baskets for a Fuller Coffee Experience","Pesado He[%] Basket - Medium","PSD-HE-ME","2025-06-01","United States","2025-06-02",1,65,0,0,65,0,65
"High Extraction He[%] Filter Baskets for a Fuller Coffee Experience","Pesado He[%] Basket - Small","PSD-HE-SM","2025-06-01","Australia","2025-06-10",1,50.33,0,0,50.33,5.04,55.37
,"",,"2025-06-01","Australia","2025-06-09",1,219.05,-32.85,0,186.2,18.68,204.88
"Pesado EP Filter Basket","EP-20g","EP-20g","2025-06-01","United States","2025-06-10",1,20,-2,0,18,0,18
"Naked/Bottomless Portafilter - Head Only (HYBRID)","La Marzocco 6mm","PFH00LM-HY","2025-06-01","Australia","2025-06-15",1,56.04,-8.4,0,47.64,4.76,52.4
"High Diffusion Espresso Shower Screen","E61 - HD Shower Screen","PSD-HD-E61","2025-06-01","United States","2025-06-10",3,231.5,-11.35,-59,161.15,4.05,165.2
"High Extraction He[%] Filter Baskets for a Fuller Coffee Experience","Pesado He[%] Basket - X-Large","PSD-HE-XL","2025-06-01","Australia","2025-06-24",1,50.3,0,0,50.3,5.03,55.33
"High Extraction He[%] Filter Baskets for a Fuller Coffee Experience","Pesado He[%] Basket - Small","PSD-HE-SM","2025-06-01","United States","2025-06-11",5,325,0,0,325,0,325
"Magnetic Espresso Dosing Ring","58mm Dosing Ring / Black","V2-PSDring-58mm","2025-06-01","Australia","2025-06-06",1,19.77,0,0,19.77,1.98,21.75
"Stainless Steel Clump Crusher V2.0 (WDT espresso distribution tool)","Black","V2-PSDcrusher-Black","2025-06-01","United States","2025-06-20",2,68.7,0,0,68.7,0,68.7
"Pesado Portafilter Tamping Station","Default Title","PSD-TampingStation","2025-06-01","Australia","2025-06-02",1,116.4,0,0,116.4,0,116.4
"Pesado Black Ripple Set","Precision Barista Jug Sharp Spout","PSDjug-BK","2025-06-01","Australia","2025-06-13",1,31.85,0,0,31.85,3.19,35.04
"High Diffusion Espresso Shower Screen","LM - HD Shower Screen","PSD-HD-LM","2025-06-01","Germany","2025-06-22",1,56.4,-5.63,0,50.77,0,50.77
"Hybrid LM/E61/NS/GA Portafilter - Versatile Bottomless & Spouted","La Marzocco 6mm / Black | Black","PF02LM-BBK-HY","2025-06-01","Taiwan","2025-06-14",1,144.22,0,0,144.22,0,144.22
"Pesado EP Filter Basket","EP-Breville54-18g","EP-BR-18g","2025-06-01","United States","2025-06-08",1,20,0,0,20,0,20
"High Diffusion Espresso Shower Screen","MV - HD Shower Screen","PSD-HD-MV","2025-06-01","New Zealand","2025-06-06",1,57.14,0,0,57.14,0,57.14
"Depth Adjuster","Default Title","PSdepth","2025-06-01","Australia","2025-06-26",0,30.3,0,-30.3,0,0,0
"Coffee Tamper: 58.5mm & 53.5mm","53.5mm / White / Silver","PSDT-53.5-WSL","2025-06-01","Australia","2025-06-18",1,70.81,0,0,70.81,7.08,77.89
"High Extraction He[%] Filter Baskets for a Fuller Coffee Experience","Pesado He[%] Basket - Medium","PSD-HE-ME","2025-06-01","Australia","2025-06-01",1,54.7,0,0,54.7,0,54.7
"Crusher Threaded Pin Assembly for DIY WDT Tool","4 pack of WDT pins","PSD-removablepins","2025-06-01","Australia","2025-06-05",2,1.18,0,0,1.18,0.12,1.3
"Pesado Single Dose Coffee Cellar Stand + 4 Pack of Bean Cellars","Default Title","PSD-Beanstand-combo","2025-06-01","Australia","2025-06-13",1,67.9,0,0,67.9,6.79,74.69
"Modular Handle Set","Black | Bronze","PSDMODHSET-BBZ","2025-06-01","Taiwan","2025-06-14",1,108.19,0,0,108.19,0,108.19
"Pesado EP Filter Basket","EP-Breville54-20g","EP-BR-20g","2025-06-01","United States","2025-06-28",2,40,0,0,40,0,40
"Stand for (WDT) Clump Crusher 2.0","Default Title","V2-PSDcrusher-Stand","2025-06-01","Australia","2025-06-01",1,16.74,0,0,16.74,1.67,18.41
"53.5 & 58.5mm Puck Diffuser Screen","53.5mm","PSD-puck-54","2025-06-01","United States","2025-06-20",1,20,0,0,20,0,20
"High Diffusion Espresso Shower Screen","LM - HD Shower Screen","PSD-HD-LM","2025-06-01","Thailand","2025-06-02",1,56.1,0,0,56.1,0,56.1
"High Extraction He[%] Filter Baskets for a Fuller Coffee Experience","Pesado He[%] Basket - Medium","PSD-HE-ME","2025-06-01","United States","2025-06-18",0,65,-6.5,-58.5,0,0,0
"Pesado EP Filter Basket","EP-20g","EP-20g","2025-06-01","United States","2025-06-26",5,100,0,0,100,0,100
"High Diffusion Espresso Shower Screen","E61 - HD Shower Screen","PSD-HD-E61","2025-06-01","United States","2025-06-26",5,295,0,0,295,0,295
"High Extraction He[%] Filter Baskets for a Fuller Coffee Experience","Pesado He[%] Basket - X-Large","PSD-HE-XL","2025-06-01","United States","2025-06-02",1,65,0,0,65,0,65
"Hybrid Breville 54/58mm Portafilter - Versatile and Easy to Use","Breville 54 / White Full POM","PF02BR54-WHPOM-HY","2025-06-01","Australia","2025-06-18",1,91.46,0,0,91.46,9.15,100.61
"Bottomless LM/E61/NS/GA Portafilter (Hybrid)","La Marzocco 6mm / White / Dusk","PF00LM-WDK-HY","2025-06-01","United States","2025-06-26",2,240,0,0,240,0,240
"Stainless Steel Clump Crusher V2.0 (WDT espresso distribution tool)","Black","V2-PSDcrusher-Black","2025-06-01","United States","2025-06-04",1,34.35,0,0,34.35,0,34.35
"High Extraction He[%] Filter Baskets for a Fuller Coffee Experience","Pesado He[%] Basket - X-Large","PSD-HE-XL","2025-06-01","Australia","2025-06-08",1,50.21,-7.53,0,42.68,4.27,46.95
"Pesado Black Ripple Set","Black Ripple Set","PSDBlackRippleSet","2025-06-01","United States","2025-06-15",0,60.6,-9.09,-51.51,0,0,0
"High Diffusion Espresso Shower Screen","LM - HD Shower Screen","PSD-HD-LM","2025-06-01","New Zealand","2025-06-30",1,57.48,-5.75,0,51.73,0,51.73
"Pesado Single Dose Coffee Cellar Stand + 4 Pack of Bean Cellars","Default Title","PSD-Beanstand-combo","2025-06-01","Australia","2025-06-29",1,58.04,-8.7,0,49.34,4.93,54.27
"High Diffusion Espresso Shower Screen","MV - HD Shower Screen","PSD-HD-MV","2025-06-01","Malaysia","2025-06-08",1,56.29,0,0,56.29,0,56.29
"Hybrid LM/E61/NS/GA Portafilter - Versatile Bottomless & Spouted","E61 5mm / Black Full Pom","PF02MV-FullPOM-HY","2025-06-01","Australia","2025-06-26",1,92.04,-9.2,0,82.84,8.28,91.12
"53.5 & 58.5mm Puck Diffuser Screen","58.5mm","PSD-puck","2025-06-01","United States","2025-06-16",2,40,-2,0,38,0,38
"53.5 & 58.5mm Puck Diffuser Screen","58.5mm","PSD-puck","2025-06-01","Switzerland","2025-06-05",1,20.75,-3.11,0,17.64,0,17.64
"Hybrid LM/E61/NS/GA Portafilter - Versatile Bottomless & Spouted","E61 5mm / Black | Silver","PF02MV-BSL-HY","2025-06-01","United States","2025-06-23",1,137,-13.7,0,123.3,0,123.3
"Bottomless LM/E61/NS/GA Portafilter (Hybrid)","Breville 54mm / Black / Black","PF00BR54-BBK-HY","2025-06-01","United States","2025-06-01",1,112,0,0,112,0,112
"High Diffusion Espresso Shower Screen","MV - HD Shower Screen","PSD-HD-MV","2025-06-01","Monaco","2025-06-30",1,56.2,-5.61,0,50.59,0,50.59
"High Diffusion Espresso Shower Screen","E61 - HD Shower Screen","PSD-HD-E61","2025-06-01","Australia","2025-06-21",1,55.69,0,0,55.69,5.57,61.26
"53.5 & 58.5mm Puck Diffuser Screen","58.5mm","PSD-puck","2025-06-01","Australia","2025-06-08",0,16.24,0,-16.23,0.01,0,0.01
"Bottomless LM/E61/NS/GA Portafilter (Hybrid)","Breville 54mm / White / Gold","PF00BR54-WGD-HY","2025-06-01","United States","2025-06-08",1,112,-16.8,0,95.2,0,95.2
"Crusher Threaded Pin Assembly for DIY WDT Tool","WDT pin assembly (0.3mm)","PSD-PinUP","2025-06-01","Australia","2025-06-01",1,16.09,0,0,16.09,0,16.09
"High Diffusion Espresso Shower Screen","MV - HD Shower Screen","PSD-HD-MV","2025-06-01","United States","2025-06-13",2,110,0,0,110,0,110
"Hybrid Breville 54/58mm Portafilter - Versatile and Easy to Use","Breville 54 / White | Silver","PF02BR54-WSL-HY","2025-06-01","Australia","2025-06-06",1,109.19,-10.91,0,98.28,9.83,108.11
"High Diffusion Espresso Shower Screen","LM - HD Shower Screen","PSD-HD-LM","2025-06-01","United States","2025-06-05",2,110,-5.5,0,104.5,0,104.5
"High Diffusion Espresso Shower Screen","MV - HD Shower Screen","PSD-HD-MV","2025-06-01","Australia","2025-06-21",2,103.18,0,0,103.18,10.32,113.5
"High Extraction He[%] Filter Baskets for a Fuller Coffee Experience","Pesado He[%] Basket - Large","PSD-HE-LG","2025-06-01","Australia","2025-06-08",0,50.32,0,-50.16,0.16,0.01,0.17
"Pesado EP Filter Basket","EP-18g","EP-18g","2025-06-01","United States","2025-06-28",2,40,0,0,40,0,40
"Pesado EP Filter Basket","EP-18g","EP-18g","2025-06-01","Australia","2025-06-04",1,17.71,0,0,17.71,1.77,19.48
"Precision Espresso Portafilter & Basket Bundle - LM & E61","E61 5mm / Black","PRE_SETMV","2025-06-01","Australia","2025-06-29",1,136.27,0,0,136.27,13.62,149.89
"Precision Cut Espresso & Coffee Tamper Base for Maximum Yield","58mm Base","PSDTBase","2025-06-01","Taiwan","2025-06-14",1,53.06,0,0,53.06,0,53.06
"High Extraction He[%] Filter Baskets for a Fuller Coffee Experience","Pesado He[%] Basket - Large","PSD-HE-LG","2025-06-01","United States","2025-06-15",2,130,0,0,130,0,130
"High Diffusion Espresso Shower Screen","MV - HD Shower Screen","PSD-HD-MV","2025-06-01","Portugal","2025-06-19",1,57.24,0,0,57.24,0,57.24
"High Diffusion Espresso Shower Screen","E61 - HD Shower Screen","PSD-HD-E61","2025-06-01","Australia","2025-06-05",1,56.22,0,0,56.22,5.63,61.85
"Espresso Shot Mirror","Default Title","PSDshot-mirror","2025-06-01","United States","2025-06-02",3,84,-5.6,0,78.4,0,78.4
"High Diffusion Espresso Shower Screen","MV - HD Shower Screen","PSD-HD-MV","2025-06-01","United States","2025-06-29",1,55,0,0,55,0,55
"High Diffusion Espresso Shower Screen","MV - HD Shower Screen","PSD-HD-MV","2025-06-01","South Korea","2025-06-26",1,59.81,0,0,59.81,0,59.81
"Alloy Modular Stand for Clump Crusher (WDT tool)","Default Title","PSDcrusher-Stand","2025-06-01","United States","2025-06-07",1,18,0,0,18,0,18
"High Diffusion Espresso Shower Screen","LM - HD Shower Screen","PSD-HD-LM","2025-06-01","United States","2025-06-21",1,55,0,0,55,0,55
"Pesado EP Filter Basket","EP-18g","EP-18g","2025-06-01","United States","2025-06-12",1,20,0,0,20,0,20
"Portafilter with a Double Spout for Espresso Machines","Nuova Simonelli / Black Full Pom","PF02NS-FullPOM","2025-06-01","United Kingdom","2025-06-11",2,185.9,-18.59,0,167.31,0,167.31
"High Diffusion Espresso Shower Screen","MV - HD Shower Screen","PSD-HD-MV","2025-06-01","Australia","2025-06-05",1,51.96,0,0,51.96,5.2,57.16
"Precision 58mm Breville Bundle: 58mm Portafilter & He[%] Basket","Black","PRE-BR58-SET","2025-06-01","Australia","2025-06-25",2,272.13,-13.59,0,258.54,25.85,284.39
"High Diffusion Espresso Shower Screen","LM - HD Shower Screen","PSD-HD-LM","2025-06-01","Australia","2025-06-13",7,363.06,0,0,363.06,36.3,399.36
"High Diffusion Espresso Shower Screen","E61 - HD Shower Screen","PSD-HD-E61","2025-06-01","France","2025-06-24",1,60.27,0,0,60.27,0,60.27
"Modular Puck Screen Holder - Aluminum Matte Black","Default Title","PSD-PuckHolder","2025-06-01","United States","2025-06-26",1,18,0,0,18,0,18
"Pesado EP Filter Basket","EP-18g","EP-18g","2025-06-01","Taiwan","2025-06-14",1,21.67,0,0,21.67,0,21.67
"Stainless Steel Milk Jug With Round Spout - 16.5oz / 490ml","Default Title","PSDjugWH","2025-06-01","Australia","2025-06-16",1,31.97,0,0,31.97,3.2,35.17
"High Extraction He[%] Filter Baskets for a Fuller Coffee Experience","Pesado He[%] Basket - Large","PSD-HE-LG","2025-06-01","United States","2025-06-04",5,325,0,0,325,0,325
"53.5 & 58.5mm Puck Diffuser Screen","58.5mm","PSD-puck","2025-06-01","United States","2025-06-19",1,20,0,0,20,0,20
"High Diffusion Espresso Shower Screen","E61 - HD Shower Screen","PSD-HD-E61","2025-06-01","United Arab Emirates","2025-06-02",1,60.44,-6.04,0,54.4,0,54.4
"High Diffusion Espresso Shower Screen","E61 - HD Shower Screen","PSD-HD-E61","2025-06-01","Australia","2025-06-10",4,225.5,0,0,225.5,22.56,248.06
"53.5 & 58.5mm Puck Diffuser Screen","58.5mm","PSD-puck","2025-06-01","Australia","2025-06-27",5,81.76,0,0,81.76,8.18,89.94
"Naked/Bottomless Portafilter - Head Only (HYBRID)","E61 5mm","PFH00MV-HY","2025-06-01","United States","2025-06-23",1,67.5,0,0,67.5,0,67.5
"Espresso Shot Mirror","Default Title","PSDshot-mirror","2025-06-01","United States","2025-06-13",1,28,0,0,28,0,28
"Impact Gravity Espresso Grounds Distributor (58.4mm)","Black","V2-PSD-distributor","2025-06-01","United States","2025-06-18",1,120,0,0,120,0,120
"High Extraction He[%] Filter Baskets for a Fuller Coffee Experience","Pesado He[%] Basket - Medium","PSD-HE-ME","2025-06-01","New Zealand","2025-06-16",1,55.56,0,0,55.56,0,55.56
"Impact Gravity Espresso Grounds Distributor (58.4mm)","Black","V2-PSD-distributor","2025-06-01","Taiwan","2025-06-14",1,125.53,0,0,125.53,0,125.53
"Impact Gravity Espresso Grounds Distributor (58.4mm)","Black","V2-PSD-distributor","2025-06-01","Japan","2025-06-29",1,123.07,0,0,123.07,0,123.07
"Naked/Bottomless Portafilter - Head Only (HYBRID)","Breville 54mm","PFH00BR54-HY","2025-06-01","United States","2025-06-14",1,67.5,0,0,67.5,0,67.5
"High Diffusion Espresso Shower Screen","LM - HD Shower Screen","PSD-HD-LM","2025-06-01","United States","2025-06-26",4,220,0,0,220,0,220
"Precision Espresso Portafilter & Basket Bundle - LM & E61","E61 5mm / Black","PRE_SETMV","2025-06-01","United States","2025-06-25",1,171.7,-17.17,0,154.53,0,154.53
"Pesado 58.5 Portafilter Hybrid Head - Versatile & Easy to Use","E61 5mm Hybrid","PFH02MV-HY","2025-06-01","Switzerland","2025-06-14",1,94.93,0,0,94.93,0,94.93
"High Diffusion Espresso Shower Screen","MV - HD Shower Screen","PSD-HD-MV","2025-06-01","United States","2025-06-18",0,55,-8.25,-49.5,-2.75,0,-2.75
"High Diffusion Espresso Shower Screen","MV - HD Shower Screen","PSD-HD-MV","2025-06-01","Australia","2025-06-10",1,52.02,0,0,52.02,5.2,57.22
"High Diffusion Espresso Shower Screen","LM - HD Shower Screen","PSD-HD-LM","2025-06-01","South Korea","2025-06-29",1,59.65,0,0,59.65,0,59.65
"Spring-Loaded Self-Leveling Tamper – Pesado x AD Coffee","Default Title","PSD-ADcoffee-Tamper","2025-06-01","Australia","2025-06-25",1,106.71,0,0,106.71,10.67,117.38
"High Diffusion Espresso Shower Screen","LM - HD Shower Screen","PSD-HD-LM","2025-06-01","Australia","2025-06-02",1,51.74,0,0,51.74,5.17,56.91
"Dosing Cup","58mm Dosing Cup / White","PSDdosingCup-WH","2025-06-01","Australia","2025-06-01",1,22.56,-5.64,0,16.92,0,16.92
"High Extraction He[%] Filter Baskets for a Fuller Coffee Experience","Pesado He[%] Basket - Large","PSD-HE-LG","2025-06-01","United States","2025-06-20",1,65,-9.75,0,55.25,0,55.25
"Modular Puck Screen Holder - Aluminum Matte Black","Default Title","PSD-PuckHolder","2025-06-01","United States","2025-06-10",1,18,-1.8,0,16.2,0,16.2
"Coffee Tamper: 58.5mm & 53.5mm","58.5mm / Black / Riga","PSDTMBKRiga","2025-06-01","United States","2025-06-24",1,97.5,0,0,97.5,0,97.5
"Pesado EP Filter Basket","EP-Breville54-18g","EP-BR-18g","2025-06-01","Australia","2025-06-29",1,17.81,0,0,17.81,1.78,19.59
"53.5 & 58.5mm Puck Diffuser Screen","58.5mm","PSD-puck","2025-06-01","United States","2025-06-03",3,60,-4.01,0,55.99,0,55.99
"High Diffusion Espresso Shower Screen","E61 - HD Shower Screen","PSD-HD-E61","2025-06-01","Australia","2025-06-26",0,56.43,0,-56.43,0,0,0
"53.5 & 58.5mm Puck Diffuser Screen","58.5mm","PSD-puck","2025-06-01","Australia","2025-06-11",2,32.51,0,0,32.51,3.25,35.76
"53.5 & 58.5mm Puck Diffuser Screen","58.5mm","PSD-puck","2025-06-01","Monaco","2025-06-30",1,21.16,-2.11,0,19.05,0,19.05
"Dosing Cup","58mm Dosing Cup / White","PSDdosingCup-WH","2025-06-01","United States","2025-06-01",1,26.25,-6.56,0,19.69,0,19.69
"Dusk & Haze Clump Crusher (WDT tool)","Haze","PSDcrusher-Haze","2025-06-01","United States","2025-06-15",1,34.35,-3.43,0,30.92,0,30.92
"Impact Gravity Espresso Grounds Distributor (58.4mm)","Black","V2-PSD-distributor","2025-06-01","Australia","2025-06-26",1,98.16,-9.81,0,88.35,8.83,97.18
"Spring-Loaded Self-Leveling Tamper – Pesado x AD Coffee","Default Title","PSD-ADcoffee-Tamper","2025-06-01","United States","2025-06-09",1,120,0,0,120,0,120
"Impact Gravity Espresso Grounds Distributor (58.4mm)","Black","V2-PSD-distributor","2025-06-01","United States","2025-06-02",3,360,-30,0,330,0,330
"High Diffusion Espresso Shower Screen","LM - HD Shower Screen","PSD-HD-LM","2025-06-01","Australia","2025-06-18",3,156.22,0,0,156.22,15.62,171.84
"Pesado EP Filter Basket","EP-18g","EP-18g","2025-06-01","United States","2025-06-23",1,20,-2,0,18,0,18
"Pesado Portafilter Tamping Station","Default Title","PSD-TampingStation","2025-06-01","United States","2025-06-26",2,239.98,0,0,239.98,0,239.98
"Spring-Loaded Self-Leveling Tamper – Pesado x AD Coffee","Default Title","PSD-ADcoffee-Tamper","2025-06-01","Australia","2025-06-09",1,106.65,-10.66,0,95.99,9.6,105.59
"High Diffusion Espresso Shower Screen","MV - HD Shower Screen","PSD-HD-MV","2025-06-01","Australia","2025-06-26",10,523.52,-26.15,0,497.37,49.73,547.1
"High Diffusion Espresso Shower Screen","LM - HD Shower Screen","PSD-HD-LM","2025-06-01","United States","2025-06-10",3,165,0,0,165,0,165
"High Diffusion Espresso Shower Screen","MV - HD Shower Screen","PSD-HD-MV","2025-06-01","United States","2025-06-02",1,55,0,0,55,0,55
"High Diffusion Espresso Shower Screen","E61 - HD Shower Screen","PSD-HD-E61","2025-06-01","Kuwait","2025-06-23",1,59,0,0,59,0,59
"High Diffusion Espresso Shower Screen","E61 - HD Shower Screen","PSD-HD-E61","2025-06-01","Australia","2025-06-22",4,222.77,0,0,222.77,22.28,245.05
"53.5 & 58.5mm Puck Diffuser Screen","58.5mm","PSD-puck","2025-06-01","Australia","2025-06-07",1,16.24,0,0,16.24,1.62,17.86
"53.5 & 58.5mm Puck Diffuser Screen","58.5mm","PSD-puck","2025-06-01","United States","2025-06-15",2,40,-2,0,38,0,38
"Coffee Tamper: 58.5mm & 53.5mm","58.5mm / White / Gold","PSDTMWGd","2025-06-01","Singapore","2025-06-22",1,92.45,-9.24,0,83.21,0,83.21
"Pesado EP Filter Basket","EP-22g","EP-22g","2025-06-01","United States","2025-06-03",1,20,0,0,20,0,20
"Bottomless LM/E61/NS/GA Portafilter (Hybrid)","E61 5mm / White / Iris","PF00MVWH-Iris-HY","2025-06-01","United States","2025-06-26",2,240,0,0,240,0,240
"Dosing Bundle","Black","DOSING_B","2025-06-01","Australia","2025-06-12",1,40.36,0,0,40.36,4.04,44.4
"Dosing Cup","58mm Dosing Cup / White","PSDdosingCup-WH","2025-06-01","Monaco","2025-06-28",1,26.9,0,0,26.9,0,26.9
"Modular Puck Screen Holder - Aluminum Matte Black","Default Title","PSD-PuckHolder","2025-06-01","United States","2025-06-06",1,18,0,0,18,0,18
"High Diffusion Espresso Shower Screen","LM - HD Shower Screen","PSD-HD-LM","2025-06-01","Australia","2025-06-30",0,52.35,0,-52.25,0.1,0.01,0.11
"Hybrid LM/E61/NS/GA Portafilter - Versatile Bottomless & Spouted","E61 5mm / Black | Dusk","PF02MV-BDK-HY","2025-06-01","United States","2025-06-09",1,145,-21.75,0,123.25,0,123.25
"High Diffusion Espresso Shower Screen","MV - HD Shower Screen","PSD-HD-MV","2025-06-01","Australia","2025-06-22",4,206.32,-12.88,0,193.44,19.35,212.79
"High Diffusion Espresso Shower Screen","LM - HD Shower Screen","PSD-HD-LM","2025-06-01","United States","2025-06-06",2,110,0,0,110,0,110
"High Extraction He[%] Filter Baskets for a Fuller Coffee Experience","Pesado He[%] Basket - Medium","PSD-HE-ME","2025-06-01","United Arab Emirates","2025-06-21",1,66.43,0,0,66.43,0,66.43
"Dosing Cup","54mm Dosing Cup / White","PSDdosingCup-WH-54","2025-06-01","Australia","2025-06-09",1,20.73,-5.18,0,15.55,1.56,17.11
"Impact Gravity Espresso Grounds Distributor (58.4mm)","Black","V2-PSD-distributor","2025-06-01","Australia","2025-06-22",1,96.73,-9.67,0,87.06,8.71,95.77
"High Extraction He[%] 54mm Breville Filter Basket - Dosing 18g-20g","Default Title","PSD-HE-54","2025-06-01","Australia","2025-06-09",1,50.35,0,0,50.35,5.04,55.39
"53.5 & 58.5mm Puck Diffuser Screen","58.5mm","PSD-puck","2025-06-01","Australia","2025-06-23",8,128.62,-8.02,0,120.6,12.07,132.67
"High Diffusion Espresso Shower Screen","E61 - HD Shower Screen","PSD-HD-E61","2025-06-01","Australia","2025-06-06",9,504.65,-14.01,0,490.64,49.09,539.73
"Pesado EP Filter Basket","EP-Breville54-18g","EP-BR-18g","2025-06-01","Australia","2025-06-01",1,17.55,0,0,17.55,1.76,19.31
"Pesado EP Filter Basket","EP-22g","EP-22g","2025-06-01","Australia","2025-06-11",1,17.74,0,0,17.74,1.77,19.51
"High Extraction He[%] 54mm Breville Filter Basket - Dosing 18g-20g","Default Title","PSD-HE-54","2025-06-01","Germany","2025-06-08",1,67.25,-10.1,0,57.15,0,57.15
"Bottomless LM/E61/NS/GA Portafilter (Hybrid)","E61 5mm / Black / Riga","PF00MVBK-Riga-HY","2025-06-01","Thailand","2025-06-07",1,122.42,0,0,122.42,0,122.42
"Single-Dose Coffee Tubes (Bean Cellar 4-Pack)","Default Title","PSD-beantube","2025-06-01","United States","2025-06-21",1,27,0,0,27,0,27
"Modular Handle Set","Black | Riga","PSDMODHSET-BKRIGA","2025-06-01","United States","2025-06-26",1,106,0,0,106,0,106
"Precision Espresso Portafilter & Basket Bundle - LM & E61","E61 5mm / Black","PRE_SETMV","2025-06-01","Australia","2025-06-30",2,297.01,0,0,297.01,29.71,326.72
"Spouted Portafilter - Head Only","LM/E61","PFHLM","2025-06-01","Germany","2025-06-02",2,139.26,0,0,139.26,0,139.26
"High Extraction He[%] Filter Baskets for a Fuller Coffee Experience","Pesado He[%] Basket - Large","PSD-HE-LG","2025-06-01","Australia","2025-06-23",3,148.61,-4.97,0,143.64,14.36,158
"High Diffusion Espresso Shower Screen","MV - HD Shower Screen","PSD-HD-MV","2025-06-01","Australia","2025-06-06",2,103.9,0,0,103.9,10.38,114.28
"High Diffusion Espresso Shower Screen","LM - HD Shower Screen","PSD-HD-LM","2025-06-01","United States","2025-06-22",0,165,0,-165,0,0,0
"Alloy Modular Stand for Clump Crusher (WDT tool)","Default Title","PSDcrusher-Stand","2025-06-01","United States","2025-06-08",1,18,-18,0,0,0,0
"High Diffusion Espresso Shower Screen","MV - HD Shower Screen","PSD-HD-MV","2025-06-01","United States","2025-06-30",3,165,-19.25,0,145.75,0,145.75
"Single-Dose Coffee Tubes (Bean Cellar 4-Pack)","Default Title","PSD-beantube","2025-06-01","United States","2025-06-15",2,54,-4.05,0,49.95,0,49.95
"Impact Gravity Espresso Grounds Distributor (58.4mm)","Black","V2-PSD-distributor","2025-06-01","United States","2025-06-30",1,120,-18,0,102,0,102
"Dosing Cup","54mm Dosing Cup / White","PSDdosingCup-WH-54","2025-06-01","United States","2025-06-01",0,26.25,-6.56,-19.69,0,0,0
"High Extraction He[%] 54mm Breville Filter Basket - Dosing 18g-20g","Default Title","PSD-HE-54","2025-06-01","Australia","2025-06-25",1,50.38,0,0,50.38,5.04,55.42
"Hybrid Breville 54/58mm Portafilter - Versatile and Easy to Use","Breville 54 / Black | Riga","PF02BR54BK-Riga-HY","2025-06-01","United States","2025-06-28",1,145,0,0,145,0,145
"Magnetic Espresso Dosing Ring","54mm Dosing Ring / Black","V2-PSDring-54mm","2025-06-01","Australia","2025-06-20",1,19.77,0,0,19.77,1.98,21.75
"Crusher Threaded Pin Assembly for DIY WDT Tool","WDT pin assembly (0.3mm)","PSD-PinUP","2025-06-01","Australia","2025-06-18",2,29.58,-4.43,0,25.15,2.51,27.66
"Espresso Shot Mirror","Default Title","PSDshot-mirror","2025-06-01","United States","2025-06-01",2,56,0,0,56,0,56
"Dosing Cup","54mm Dosing Cup / White","PSDdosingCup-WH-54","2025-06-01","Australia","2025-06-25",1,20.67,-5.16,0,15.51,1.55,17.06
"Precision Espresso Portafilter & Basket Bundle - LM & E61","La Marzocco 6mm / Black","PRE_SET","2025-06-01","United States","2025-06-26",1,171.7,0,0,171.7,0,171.7
"53.5 & 58.5mm Puck Diffuser Screen","58.5mm","PSD-puck","2025-06-01","Australia","2025-06-28",8,130.63,-2.45,0,128.18,12.8,140.98
"High Diffusion Espresso Shower Screen","E61 - HD Shower Screen","PSD-HD-E61","2025-06-01","United Arab Emirates","2025-06-01",1,60.45,-9.07,0,51.38,0,51.38
"High Diffusion Espresso Shower Screen","E61 - HD Shower Screen","PSD-HD-E61","2025-06-01","Australia","2025-06-09",3,225.14,-5.62,-56.22,163.3,16.32,179.62
"Espresso Shot Mirror","Default Title","PSDshot-mirror","2025-06-01","Australia","2025-06-09",1,24,-2.4,0,21.6,2.16,23.76
"High Extraction He[%] Filter Baskets for a Fuller Coffee Experience","Pesado He[%] Basket - Large","PSD-HE-LG","2025-06-01","United States","2025-06-03",3,195,0,0,195,0,195
"Pesado Black Ripple Set","58mm Dosing Cup","PSDdosingCup-BK","2025-06-01","United States","2025-06-03",1,26.25,0,0,26.25,0,26.25
"Bottomless LM/E61/NS/GA Portafilter (Hybrid)","E61 5mm / Black / Dusk","PF00MV-BDK-HY","2025-06-01","United States","2025-06-26",2,240,0,0,240,0,240
"Portafilter with a Double Spout for Espresso Machines","Breville 58 / Black Full Pom","PF02BR58-FullPOM","2025-06-01","Australia","2025-06-15",0,64.9,0,-64.9,0,0,0
"High Diffusion Espresso Shower Screen","LM - HD Shower Screen","PSD-HD-LM","2025-06-01","Australia","2025-06-01",3,154.44,0,0,154.44,15.45,169.89
"High Extraction He[%] Filter Baskets for a Fuller Coffee Experience","Pesado He[%] Basket - Large","PSD-HE-LG","2025-06-01","Australia","2025-06-28",1,50.47,0,0,50.47,5.05,55.52
"High Diffusion Espresso Shower Screen","MV - HD Shower Screen","PSD-HD-MV","2025-06-01","Australia","2025-06-09",4,208.55,-5.21,0,203.34,20.33,223.67
"High Diffusion Espresso Shower Screen","LM - HD Shower Screen","PSD-HD-LM","2025-06-01","United States","2025-06-25",4,220,0,0,220,0,220
"High Diffusion Espresso Shower Screen","MV - HD Shower Screen","PSD-HD-MV","2025-06-01","United States","2025-06-17",4,210.66,0,0,210.66,9.34,220
"Pesado EP Filter Basket","EP-18g","EP-18g","2025-06-01","United States","2025-06-08",1,20,-3,0,17,0,17
"Impact Gravity Espresso Grounds Distributor (58.4mm)","Black","V2-PSD-distributor","2025-06-01","United States","2025-06-17",1,109.84,-16.47,0,93.37,8.63,102
"Spring-Loaded Self-Leveling Tamper – Pesado x AD Coffee","Default Title","PSD-ADcoffee-Tamper","2025-06-01","United States","2025-06-26",1,120,0,0,120,0,120
"Impact Gravity Espresso Grounds Distributor (58.4mm)","Black","V2-PSD-distributor","2025-06-01","Australia","2025-06-09",1,97.76,-9.77,0,87.99,8.8,96.79
"Bottomless LM/E61/NS/GA Portafilter (Hybrid)","La Marzocco 6mm / White Full POM","PF00LM-WHPOM-HY","2025-06-01","United States","2025-06-30",1,90,0,0,90,0,90
"High Extraction He[%] 54mm Breville Filter Basket - Dosing 18g-20g","Default Title","PSD-HE-54","2025-06-01","Australia","2025-06-22",1,49.83,0,0,49.83,4.98,54.81
"Coffee Tamper: 58.5mm & 53.5mm","53.5mm / White / Haze","PSDT-53.5-WHZ","2025-06-01","United States","2025-06-28",1,97.5,0,0,97.5,0,97.5
"Espresso Shot Mirror","Default Title","PSDshot-mirror","2025-06-01","United Arab Emirates","2025-06-26",1,28.59,0,0,28.59,0,28.59
"El Rocio Manus S Espresso Machine","White","MANUSWH","2025-06-01","Australia","2025-06-30",2,2808.43,-280.84,0,2527.59,0,2527.59
"53.5 & 58.5mm Puck Diffuser Screen","58.5mm","PSD-puck","2025-06-01","United States","2025-06-04",3,60,0,0,60,0,60
"High Diffusion Espresso Shower Screen","E61 - HD Shower Screen","PSD-HD-E61","2025-06-01","Australia","2025-06-25",4,280.67,0,-55.59,225.08,22.51,247.59
"Modular Puck Screen Holder - Aluminum Matte Black","Default Title","PSD-PuckHolder","2025-06-01","Singapore","2025-06-23",1,18.72,0,0,18.72,0,18.72
"High Extraction He[%] 54mm Breville Filter Basket - Dosing 18g-20g","Default Title","PSD-HE-54","2025-06-01","Germany","2025-06-27",1,66.69,-6.67,0,60.02,0,60.02
"High Extraction He[%] Filter Baskets for a Fuller Coffee Experience","Pesado He[%] Basket - Large","PSD-HE-LG","2025-06-01","United States","2025-06-19",5,325,0,0,325,0,325
"Pesado EP Filter Basket","EP-18g","EP-18g","2025-06-01","United States","2025-06-24",3,60,0,0,60,0,60
"High Diffusion Espresso Shower Screen","LM - HD Shower Screen","PSD-HD-LM","2025-06-01","United States","2025-06-09",8,440,0,0,440,0,440
"High Diffusion Espresso Shower Screen","MV - HD Shower Screen","PSD-HD-MV","2025-06-01","United States","2025-06-01",6,385,0,-55,330,0,330
"Pesado EP Filter Basket","EP-18g","EP-18g","2025-06-01","South Korea","2025-06-19",1,21.02,-2.1,0,18.92,0,18.92
"High Diffusion Espresso Shower Screen","LM - HD Shower Screen","PSD-HD-LM","2025-06-01","Australia","2025-06-17",1,51.81,0,0,51.81,5.18,56.99
"High Extraction He[%] Filter Baskets for a Fuller Coffee Experience","Pesado He[%] Basket - Medium","PSD-HE-ME","2025-06-01","United Arab Emirates","2025-06-26",1,66.44,0,0,66.44,0,66.44
"High Diffusion Espresso Shower Screen","MV - HD Shower Screen","PSD-HD-MV","2025-06-01","Australia","2025-06-25",3,156.31,-5.2,0,151.11,15.11,166.22
"High Extraction He[%] Filter Baskets for a Fuller Coffee Experience","Pesado He[%] Basket - Large","PSD-HE-LG","2025-06-01","Australia","2025-06-12",1,50.06,-5,0,45.06,4.5,49.56
"Portafilter with a Double Spout for Espresso Machines","La Marzocco / E61 / Black | Riga","PF02LMBK-Riga","2025-06-01","United Kingdom","2025-06-07",1,123.09,-18.46,0,104.63,0,104.63
"Impact Gravity Espresso Grounds Distributor (58.4mm)","Black","V2-PSD-distributor","2025-06-01","United States","2025-06-01",3,360,0,0,360,0,360
"Magnetic Espresso Dosing Ring","58mm Dosing Ring / Black","V2-PSDring-58mm","2025-06-01","United States","2025-06-16",1,22.5,0,0,22.5,0,22.5
"Impact Gravity Espresso Grounds Distributor (58.4mm)","Black","V2-PSD-distributor","2025-06-01","Australia","2025-06-25",1,97.82,0,0,97.82,9.78,107.6
"Spring-Loaded Self-Leveling Tamper – Pesado x AD Coffee","Default Title","PSD-ADcoffee-Tamper","2025-06-01","Kuwait","2025-06-23",1,120,0,0,120,0,120
"Precision Espresso Portafilter & Basket Bundle - LM & E61","La Marzocco 6mm / Black","PRE_SET","2025-06-01","United States","2025-06-05",1,202,-20.2,0,181.8,0,181.8
"Sunrise Ceramic Coffee Cup and Saucer Set (White)","Default Title","PSD-CeramicSet","2025-06-01","Australia","2025-06-04",3,26.54,0,0,26.54,2.65,29.19
"Wooden Clump Crusher - WDT Distribution Tool for Fluffy Espresso Puck","Raya","PSDcrusherRAYA","2025-06-01","United States","2025-06-01",1,34.35,0,0,34.35,0,34.35
"Pesado EP Filter Basket","EP-20g","EP-20g","2025-06-01","United States","2025-06-22",1,20,0,0,20,0,20
"High Diffusion Espresso Shower Screen","E61 - HD Shower Screen","PSD-HD-E61","2025-06-01","Brunei","2025-06-23",1,60.5,0,0,60.5,0,60.5
"Pesado EP Filter Basket","EP-18g","EP-18g","2025-06-01","Qatar","2025-06-09",1,20.58,0,0,20.58,0,20.58
"El Rocio Manus S Espresso Machine","Black","MANUSBK","2025-06-01","Australia","2025-06-25",1,1396.61,0,0,1396.61,0,1396.61
"High Extraction He[%] Filter Baskets for a Fuller Coffee Experience","Pesado He[%] Basket - Medium","PSD-HE-ME","2025-06-01","United States","2025-06-30",4,325,-16.25,-58.5,250.25,0,250.25
"Crusher Threaded Pin Assembly for DIY WDT Tool","4 pack of WDT pins","PSD-removablepins","2025-06-01","Australia","2025-06-25",5,2.96,0,0,2.96,0.29,3.25
"Pesado Single Dose Coffee Cellar Stand + 4 Pack of Bean Cellars","Default Title","PSD-Beanstand-combo","2025-06-01","United States","2025-06-23",1,63.75,-6.38,0,57.37,0,57.37
"Wooden Clump Crusher - WDT Distribution Tool for Fluffy Espresso Puck","Raya","PSDcrusherRAYA","2025-06-01","Germany","2025-06-08",1,35.31,-5.3,0,30.01,0,30.01
"Pesado Black Ripple Set","Black Ripple Set","PSDBlackRippleSet","2025-06-01","New Zealand","2025-06-30",1,49.42,-4.94,0,44.48,0,44.48
"Stainless Steel Clump Crusher V2.0 (WDT espresso distribution tool)","Bronze","V2-PSDcrusher-Bronze","2025-06-01","Australia","2025-06-01",1,28.32,0,0,28.32,0,28.32
"High Extraction He[%] Filter Baskets for a Fuller Coffee Experience","Pesado He[%] Basket - Small","PSD-HE-SM","2025-06-01","United States","2025-06-23",1,60.04,-9,0,51.04,4.21,55.25
"High Diffusion Espresso Shower Screen","E61 - HD Shower Screen","PSD-HD-E61","2025-06-01","United States","2025-06-22",7,472,-21.7,-59,391.3,0,391.3
"High Extraction He[%] 54mm Breville Filter Basket - Dosing 18g-20g","Default Title","PSD-HE-54","2025-06-01","United States","2025-06-08",3,195,-9.75,0,185.25,0,185.25
"High Extraction He[%] Filter Baskets for a Fuller Coffee Experience","Pesado He[%] Basket - X-Large","PSD-HE-XL","2025-06-01","United States","2025-06-14",2,130,0,0,130,0,130
"Bottomless LM/E61/NS/GA Portafilter (Hybrid)","E61 5mm / Black / Black","PF00MV-BBK-HY","2025-06-01","Australia","2025-06-11",1,88.66,0,0,88.66,8.87,97.53
"Pesado Black Ripple Set","Precision Barista Jug Sharp Spout","PSDjug-BK","2025-06-01","United States","2025-06-02",1,34.35,0,0,34.35,0,34.35
"Modular Puck Screen Holder - Aluminum Matte Black","Default Title","PSD-PuckHolder","2025-06-01","Taiwan","2025-06-14",1,19.44,0,0,19.44,0,19.44
"Hybrid Breville 54/58mm Portafilter - Versatile and Easy to Use","Breville 58 / Raya","PF02BR58Raya-HY","2025-06-01","Australia","2025-06-27",1,116.08,0,0,116.08,11.61,127.69
"Precision Espresso Portafilter & Basket Bundle - LM & E61","E61 5mm / Black","PRE_SETMV","2025-06-01","Singapore","2025-06-23",1,175.47,0,0,175.47,0,175.47
"High Extraction He[%] Filter Baskets for a Fuller Coffee Experience","Pesado He[%] Basket - Medium","PSD-HE-ME","2025-06-01","United States","2025-06-14",3,195,0,0,195,0,195
"Modular Portafilter Handles","White Full POM","WH-PSDHFullPOM","2025-06-01","Australia","2025-06-09",1,50.36,0,0,50.36,5.04,55.4
"Pesado 58.5 Portafilter Hybrid Head - Versatile & Easy to Use","LM/E61 & NS/BR58mm Hybrid Attachment Only","PSDHY","2025-06-01","Australia","2025-06-14",1,20.65,0,0,20.65,2.06,22.71
"53.5 & 58.5mm Puck Diffuser Screen","53.5mm","PSD-puck-54","2025-06-01","United States","2025-06-16",1,20,0,0,20,0,20
"High Diffusion Espresso Shower Screen","MV - HD Shower Screen","PSD-HD-MV","2025-06-01","Singapore","2025-06-23",-1,0,0,-56.69,-56.69,0,-56.69
"Pesado EP Filter Basket","EP-Breville54-20g","EP-BR-20g","2025-06-01","United States","2025-06-08",1,20,0,0,20,0,20
"High Extraction He[%] Filter Baskets for a Fuller Coffee Experience","Pesado He[%] Basket - Medium","PSD-HE-ME","2025-06-01","Australia","2025-06-13",1,50.19,0,0,50.19,5.02,55.21
"High Extraction He[%] Filter Baskets for a Fuller Coffee Experience","Pesado He[%] Basket - X-Large","PSD-HE-XL","2025-06-01","Australia","2025-06-28",1,50.47,0,0,50.47,5.05,55.52
"High Diffusion Espresso Shower Screen","E61 - HD Shower Screen","PSD-HD-E61","2025-06-01","United States","2025-06-06",5,295,-5.9,0,289.1,0,289.1
"Magnetic Espresso Dosing Ring","58mm Dosing Ring / Black","V2-PSDring-58mm","2025-06-01","Australia","2025-06-10",1,19.87,0,0,19.87,1.99,21.86
"Portafilter with a Double Spout for Espresso Machines","La Marzocco / E61 / White | Bronze","PF02LM-WBZ","2025-06-01","Monaco","2025-06-27",1,114.69,0,0,114.69,0,114.69
"High Extraction He[%] 54mm Breville Filter Basket - Dosing 18g-20g","Default Title","PSD-HE-54","2025-06-01","United States","2025-06-24",1,65,0,0,65,0,65
"Pesado EP Filter Basket","EP-20g","EP-20g","2025-06-01","United States","2025-06-09",1,20,-3,0,17,0,17
"Wooden Clump Crusher - WDT Distribution Tool for Fluffy Espresso Puck","Raya","PSDcrusherRAYA","2025-06-01","United States","2025-06-30",2,68.7,0,0,68.7,0,68.7
"High Extraction He[%] Filter Baskets for a Fuller Coffee Experience","Pesado He[%] Basket - Medium","PSD-HE-ME","2025-06-01","United States","2025-06-01",1,65,0,0,65,0,65
"53.5 & 58.5mm Puck Diffuser Screen","53.5mm","PSD-puck-54","2025-06-01","United States","2025-06-03",1,20,0,0,20,0,20
"Stand for (WDT) Clump Crusher 2.0","Default Title","V2-PSDcrusher-Stand","2025-06-01","Australia","2025-06-18",1,16.87,0,0,16.87,1.69,18.56
"Modular Puck Screen Holder - Aluminum Matte Black","Default Title","PSD-PuckHolder","2025-06-01","United Arab Emirates","2025-06-26",1,18.52,0,0,18.52,0,18.52
"Pesado Black Ripple Set","Black Ripple Set","PSDBlackRippleSet","2025-06-01","Australia","2025-06-06",2,105.04,-7.88,0,97.16,9.72,106.88
"High Diffusion Espresso Shower Screen","E61 - HD Shower Screen","PSD-HD-E61","2025-06-01","United States","2025-06-09",9,531,-8.85,0,522.15,0,522.15
"Pesado 58.5 Portafilter Hybrid Head - Versatile & Easy to Use","Breville 54mm Hybrid","PFH02BR54-HY","2025-06-01","South Africa","2025-06-27",1,92.5,0,0,92.5,0,92.5
"High Extraction He[%] Filter Baskets for a Fuller Coffee Experience","Pesado He[%] Basket - X-Large","PSD-HE-XL","2025-06-01","Australia","2025-06-23",3,148.99,-9.93,0,139.06,13.9,152.96
"Stainless Steel Clump Crusher V2.0 (WDT espresso distribution tool)","Black","V2-PSDcrusher-Black","2025-06-01","Australia","2025-06-11",1,26.04,-2.6,0,23.44,2.34,25.78
"Hybrid Breville 54/58mm Portafilter - Versatile and Easy to Use","Breville 54 / White Full POM","PF02BR54-WHPOM-HY","2025-06-01","Australia","2025-06-01",1,99.75,0,0,99.75,0,99.75
"Pesado Portafilter Tamping Station","Default Title","PSD-TampingStation","2025-06-01","Australia","2025-06-01",1,115.84,0,0,115.84,0,115.84
"Pesado EP Filter Basket","EP-20g","EP-20g","2025-06-01","United States","2025-06-25",2,40,-4,0,36,0,36
"Crusher Threaded Pin Assembly for DIY WDT Tool","4 pack of WDT pins","PSD-removablepins","2025-06-01","Australia","2025-06-22",2,1.16,0,0,1.16,0.12,1.28
"Wooden Clump Crusher - WDT Distribution Tool for Fluffy Espresso Puck","Riga","PSDcrusherRIGA","2025-06-01","Australia","2025-06-03",1,25.89,-3.88,0,22.01,2.2,24.21
"Pesado Single Dose Coffee Cellar Stand + 4 Pack of Bean Cellars","Default Title","PSD-Beanstand-combo","2025-06-01","United States","2025-06-28",1,63.75,0,0,63.75,0,63.75
"High Extraction He[%] 54mm Breville Filter Basket - Dosing 18g-20g","Default Title","PSD-HE-54","2025-06-01","United States","2025-06-11",1,65,-6.5,0,58.5,0,58.5
"High Extraction He[%] Filter Baskets for a Fuller Coffee Experience","Pesado He[%] Basket - X-Large","PSD-HE-XL","2025-06-01","United States","2025-06-01",2,130,0,0,130,0,130
"High Diffusion Espresso Shower Screen","E61 - HD Shower Screen","PSD-HD-E61","2025-06-01","United States","2025-06-25",5,289.76,0,0,289.76,5.24,295
"Crusher Threaded Pin Assembly for DIY WDT Tool","WDT pin assembly (0.3mm)","PSD-PinUP","2025-06-01","United States","2025-06-19",1,14,-1.4,0,12.6,0,12.6
"Hybrid LM/E61/NS/GA Portafilter - Versatile Bottomless & Spouted","La Marzocco 6mm / Black | Black","PF02LM-BBK-HY","2025-06-01","Australia","2025-06-08",1,109.51,0,0,109.51,10.95,120.46
"Hybrid LM/E61/NS/GA Portafilter - Versatile Bottomless & Spouted","E61 5mm / Black | Bronze","PF02MV-BBZ-HY","2025-06-01","South Korea","2025-06-28",1,141.44,-21.22,0,120.22,0,120.22
"Crusher Threaded Pin Assembly for DIY WDT Tool","4 pack of WDT pins","PSD-removablepins","2025-06-01","Australia","2025-06-27",1,0.59,0,0,0.59,0.06,0.65
"High Diffusion Espresso Shower Screen","E61 - HD Shower Screen","PSD-HD-E61","2025-06-01","United States","2025-06-24",12,708,0,0,708,0,708
"High Extraction He[%] 54mm Breville Filter Basket - Dosing 18g-20g","Default Title","PSD-HE-54","2025-06-01","United States","2025-06-06",1,65,-6.5,0,58.5,0,58.5
"High Extraction He[%] Filter Baskets for a Fuller Coffee Experience","Pesado He[%] Basket - X-Large","PSD-HE-XL","2025-06-01","United States","2025-06-16",1,65,-6.5,0,58.5,0,58.5
"Pesado EP Filter Basket","EP-20g","EP-20g","2025-06-01","Australia","2025-06-16",1,17.76,0,0,17.76,1.78,19.54
"Hybrid Breville 54/58mm Portafilter - Versatile and Easy to Use","Breville 58 / Raya","PF02BR58Raya-HY","2025-06-01","Australia","2025-06-09",1,115.54,-11.55,0,103.99,10.4,114.39
"Stainless Steel Clump Crusher V2.0 (WDT espresso distribution tool)","Silver","V2-PSDcrusher-Silver","2025-06-01","United States","2025-06-18",1,34.35,0,0,34.35,0,34.35
"53.5 & 58.5mm Puck Diffuser Screen","53.5mm","PSD-puck-54","2025-06-01","United States","2025-06-30",1,20,0,0,20,0,20
"High Extraction He[%] Filter Baskets for a Fuller Coffee Experience","Pesado He[%] Basket - Medium","PSD-HE-ME","2025-06-01","Germany","2025-06-02",5,336.75,0,0,336.75,0,336.75
"Pesado Single Dose Coffee Cellar Stand + 4 Pack of Bean Cellars","Default Title","PSD-Beanstand-combo","2025-06-01","Australia","2025-06-03",1,67.68,-10.15,0,57.53,5.75,63.28
"Pesado Portafilter Tamping Station","Default Title","PSD-TampingStation","2025-06-01","Australia","2025-06-16",1,106.79,-10.68,0,96.11,9.61,105.72
"Pesado Black Ripple Set","Precision Barista Jug Sharp Spout","PSDjug-BK","2025-06-01","Australia","2025-06-03",1,31.78,-4.76,0,27.02,2.7,29.72
"High Extraction He[%] Filter Baskets for a Fuller Coffee Experience","Pesado He[%] Basket - X-Large","PSD-HE-XL","2025-06-01","Australia","2025-06-26",1,50.58,0,0,50.58,5.06,55.64
"High Diffusion Espresso Shower Screen","E61 - HD Shower Screen","PSD-HD-E61","2025-06-01","United States","2025-06-08",2,173.14,0,-59,114.14,3.86,118
"Wooden Clump Crusher - WDT Distribution Tool for Fluffy Espresso Puck","Riga","PSDcrusherRIGA","2025-06-01","United States","2025-06-18",1,34.35,-3.44,0,30.91,0,30.91
"High Extraction He[%] Filter Baskets for a Fuller Coffee Experience","Pesado He[%] Basket - Medium","PSD-HE-ME","2025-06-01","Brunei","2025-06-23",1,66.7,0,0,66.7,0,66.7
"High Diffusion Espresso Shower Screen","E61 - HD Shower Screen","PSD-HD-E61","2025-06-01","Saudi Arabia","2025-06-26",1,60.26,0,0,60.26,0,60.26
"Precision Espresso Portafilter & Basket Bundle - LM & E61","La Marzocco 6mm / Black","PRE_SET","2025-06-01","South Korea","2025-06-29",1,188.89,0,0,188.89,0,188.89
"High Extraction He[%] Filter Baskets for a Fuller Coffee Experience","Pesado He[%] Basket - Medium","PSD-HE-ME","2025-06-01","Switzerland","2025-06-05",1,67.13,-10.07,0,57.06,0,57.06
"High Diffusion Espresso Shower Screen","MV - HD Shower Screen","PSD-HD-MV","2025-06-01","Singapore","2025-06-21",1,56.69,0,0,56.69,0,56.69
"High Extraction He[%] Filter Baskets for a Fuller Coffee Experience","Pesado He[%] Basket - Medium","PSD-HE-ME","2025-06-01","United States","2025-06-16",1,65,0,0,65,0,65
"Pesado Black Ripple Set","Black Ripple Set","PSDBlackRippleSet","2025-06-01","Australia","2025-06-08",-1,0,0,-52.53,-52.53,-5.25,-57.78
"Crusher Threaded Pin Assembly for DIY WDT Tool","4 pack of WDT pins","PSD-removablepins","2025-06-01","Australia","2025-06-08",-2,0,0,-1.28,-1.28,0,-1.28
"Pesado EP Filter Basket","EP-Breville54-20g","EP-BR-20g","2025-06-01","Australia","2025-06-10",1,17.79,0,0,17.79,1.78,19.57
"High Extraction He[%] Filter Baskets for a Fuller Coffee Experience","Pesado He[%] Basket - Medium","PSD-HE-ME","2025-06-01","Australia","2025-06-04",1,50.04,-5,0,45.04,4.5,49.54
"Stainless Steel Clump Crusher V2.0 (WDT espresso distribution tool)","Black","V2-PSDcrusher-Black","2025-06-01","Australia","2025-06-09",2,52.13,-5.2,0,46.93,4.7,51.63
"High Extraction He[%] 54mm Breville Filter Basket - Dosing 18g-20g","Default Title","PSD-HE-54","2025-06-01","United States","2025-06-25",2,130,0,0,130,0,130
"Coffee Tamper: 58.5mm & 53.5mm","53.5mm / Black / Riga","PSDT-53.5-BKRiga","2025-06-01","Australia","2025-06-05",1,76.93,-15.38,0,61.55,6.15,67.7
"Magnetic Espresso Dosing Ring","54mm Dosing Ring / Black","V2-PSDring-54mm","2025-06-01","United States","2025-06-08",1,21.03,0,0,21.03,1.47,22.5
"Hybrid LM/E61/NS/GA Portafilter - Versatile Bottomless & Spouted","E61 5mm / White Full Pom","PF02MV-WHPOM-HY","2025-06-01","Australia","2025-06-22",1,90.55,0,0,90.55,9.05,99.6
"Pesado Portafilter Tamping Station","Default Title","PSD-TampingStation","2025-06-01","Australia","2025-06-03",1,105.93,-15.89,0,90.04,9,99.04
"High Diffusion Espresso Shower Screen","E61 - HD Shower Screen","PSD-HD-E61","2025-06-01","United States","2025-06-11",5,413,0,-109.15,303.85,0,303.85
"Alloy Modular Stand for Clump Crusher (WDT tool)","Default Title","PSDcrusher-Stand","2025-06-01","Poland","2025-06-20",2,37.16,-5.57,0,31.59,0,31.59
"Full Moon Wave - Convex Tamper","Black | Riga","PSDT-WAVE-BKRiga","2025-06-01","Taiwan","2025-06-14",1,120.31,0,0,120.31,0,120.31
"Pesado 58.5 Portafilter Hybrid Head - Versatile & Easy to Use","LM/E61 & NS/BR58mm Hybrid Attachment Only","PSDHY","2025-06-01","United States","2025-06-27",2,50,0,0,50,0,50
"High Extraction He[%] Filter Baskets for a Fuller Coffee Experience","Pesado He[%] Basket - Small","PSD-HE-SM","2025-06-01","Australia","2025-06-11",1,50.16,0,0,50.16,5.02,55.18
"Naked/Bottomless Portafilter - Head Only (HYBRID)","La Marzocco 6mm","PFH00LM-HY","2025-06-01","United States","2025-06-15",1,67.5,0,0,67.5,0,67.5
"High Extraction He[%] Filter Baskets for a Fuller Coffee Experience","Pesado He[%] Basket - Medium","PSD-HE-ME","2025-06-01","Australia","2025-06-20",1,49.83,-4.98,0,44.85,4.48,49.33
"Maximum Distribution Bundle","Black","DistributionBundle","2025-06-01","Australia","2025-06-11",1,181.13,0,0,181.13,18.11,199.24
"High Diffusion Espresso Shower Screen","E61 - HD Shower Screen","PSD-HD-E61","2025-06-01","United States","2025-06-27",4,236,-11.8,0,224.2,0,224.2
"High Extraction He[%] Filter Baskets for a Fuller Coffee Experience","Pesado He[%] Basket - X-Large","PSD-HE-XL","2025-06-01","Australia","2025-06-05",3,150.93,0,0,150.93,15.09,166.02
"Stainless Steel Clump Crusher V2.0 (WDT espresso distribution tool)","Black","V2-PSDcrusher-Black","2025-06-01","Australia","2025-06-25",2,52.06,0,0,52.06,5.21,57.27
"Wooden Clump Crusher - WDT Distribution Tool for Fluffy Espresso Puck","Iris","PSDcrusherIRIS","2025-06-01","United States","2025-06-11",1,34.35,0,0,34.35,0,34.35
"Magnetic Espresso Dosing Ring","54mm Dosing Ring / Black","V2-PSDring-54mm","2025-06-01","United States","2025-06-24",1,22.5,0,0,22.5,0,22.5
"High Extraction He[%] Filter Baskets for a Fuller Coffee Experience","Pesado He[%] Basket - X-Large","PSD-HE-XL","2025-06-01","United States","2025-06-03",1,130,-13,-58.5,58.5,0,58.5
"High Diffusion Espresso Shower Screen","E61 - HD Shower Screen","PSD-HD-E61","2025-06-01","Australia","2025-06-27",7,395.24,-8.45,0,386.79,38.69,425.48
"53.5 & 58.5mm Puck Diffuser Screen","58.5mm","PSD-puck","2025-06-01","Australia","2025-06-10",2,32.6,0,0,32.6,3.26,35.86
"Crusher Threaded Pin Assembly for DIY WDT Tool","4 pack of WDT pins","PSD-removablepins","2025-06-01","United States","2025-06-21",4,4,-0.6,0,3.4,0,3.4
"53.5 & 58.5mm Puck Diffuser Screen","58.5mm","PSD-puck","2025-06-01","United States","2025-06-02",4,80,-4,0,76,0,76
"Bottomless LM/E61/NS/GA Portafilter (Hybrid)","E61 5mm / Black / Silver","PF00MV-BSL-HY","2025-06-01","United States","2025-06-24",1,112,-16.8,0,95.2,0,95.2
"Bottomless LM/E61/NS/GA Portafilter (Hybrid)","La Marzocco 6mm / Black Full POM","PF00LM-FullPOM-HY","2025-06-01","Australia","2025-06-15",1,64.87,0,0,64.87,6.49,71.36
"Dosing Bundle","Black","DOSING_B","2025-06-01","Australia","2025-06-11",1,40.53,-4.05,0,36.48,3.65,40.13
"53.5 & 58.5mm Puck Diffuser Screen","53.5mm","PSD-puck-54","2025-06-01","Germany","2025-06-08",1,20.48,-3.07,0,17.41,0,17.41
"High Extraction He[%] Filter Baskets for a Fuller Coffee Experience","Pesado He[%] Basket - Large","PSD-HE-LG","2025-06-01","United States","2025-06-17",1,59.49,-8.92,0,50.57,4.68,55.25
"Modular Puck Screen Holder - Aluminum Matte Black","Default Title","PSD-PuckHolder","2025-06-01","United States","2025-06-11",1,18,-1.8,0,16.2,0,16.2
"High Diffusion Espresso Shower Screen","E61 - HD Shower Screen","PSD-HD-E61","2025-06-01","South Korea","2025-06-24",1,63.91,0,0,63.91,0,63.91
"High Diffusion Espresso Shower Screen","LM - HD Shower Screen","PSD-HD-LM","2025-06-01","United States","2025-06-08",-1,110,0,-165,-55,0,-55
"Hybrid LM/E61/NS/GA Portafilter - Versatile Bottomless & Spouted","E61 5mm / White | Dusk","PF02MV-WDK-HY","2025-06-01","United States","2025-06-15",1,145,-14.5,0,130.5,0,130.5
"High Diffusion Espresso Shower Screen","MV - HD Shower Screen","PSD-HD-MV","2025-06-01","Australia","2025-06-24",1,51.95,0,0,51.95,5.19,57.14
"High Extraction He[%] Filter Baskets for a Fuller Coffee Experience","Pesado He[%] Basket - Large","PSD-HE-LG","2025-06-01","Australia","2025-06-05",2,100.6,0,0,100.6,10.06,110.66
"Espresso Shot Mirror","Default Title","PSDshot-mirror","2025-06-01","United States","2025-06-19",1,28,0,0,28,0,28
"Hybrid Breville 54/58mm Portafilter - Versatile and Easy to Use","Breville 54 / Black | Silver","PF02BR54-BSL-HY","2025-06-01","Australia","2025-06-11",1,109.39,0,0,109.39,10.94,120.33
,"",,"2025-06-01","United States","2025-06-02",1,0,0,0,0,0,0
"53.5 & 58.5mm Puck Diffuser Screen","58.5mm","PSD-puck","2025-06-01","United States","2025-06-13",2,40,0,0,40,0,40
"High Diffusion Espresso Shower Screen","E61 - HD Shower Screen","PSD-HD-E61","2025-06-01","Australia","2025-06-24",4,224.6,0,0,224.6,22.46,247.06
"53.5 & 58.5mm Puck Diffuser Screen","58.5mm","PSD-puck","2025-06-01","Australia","2025-06-05",1,16.27,0,0,16.27,1.63,17.9
"Stand for (WDT) Clump Crusher 2.0","Default Title","V2-PSDcrusher-Stand","2025-06-01","United States","2025-06-19",1,18,-1.8,0,16.2,0,16.2
"Espresso Shot Mirror","Default Title","PSDshot-mirror","2025-06-01","Canada","2025-06-01",1,29.11,0,0,29.11,0,29.11
"Modular Puck Screen Holder - Aluminum Matte Black","Default Title","PSD-PuckHolder","2025-06-01","United States","2025-06-08",1,36,0,-18,18,0,18
"High Extraction He[%] Filter Baskets for a Fuller Coffee Experience","Pesado He[%] Basket - Large","PSD-HE-LG","2025-06-01","United States","2025-06-30",6,390,-16.25,0,373.75,0,373.75
"High Diffusion Espresso Shower Screen","LM - HD Shower Screen","PSD-HD-LM","2025-06-01","United States","2025-06-24",6,319.54,0,0,319.54,10.46,330
"Precision Espresso Portafilter & Basket Bundle - LM & E61","E61 5mm / Black","PRE_SETMV","2025-06-01","United States","2025-06-23",1,171.7,0,0,171.7,0,171.7
"Pesado EP Filter Basket","EP-18g","EP-18g","2025-06-01","Australia","2025-06-17",1,17.81,0,0,17.81,1.78,19.59
"Precision 58mm Breville Bundle: 58mm Portafilter & He[%] Basket","Black","PRE-BR58-SET","2025-06-01","Australia","2025-06-28",2,272.53,-20.43,0,252.1,25.2,277.3
"High Diffusion Espresso Shower Screen","MV - HD Shower Screen","PSD-HD-MV","2025-06-01","Australia","2025-06-08",4,207.83,-12.98,0,194.85,19.47,214.32
"High Extraction He[%] Filter Baskets for a Fuller Coffee Experience","Pesado He[%] Basket - Large","PSD-HE-LG","2025-06-01","Australia","2025-06-21",1,49.83,0,0,49.83,4.99,54.82
"Spring-Loaded Self-Leveling Tamper – Pesado x AD Coffee","Default Title","PSD-ADcoffee-Tamper","2025-06-01","Australia","2025-06-23",1,105.21,-10.51,0,94.7,9.47,104.17
"Modular Puck Screen Holder - Aluminum Matte Black","Default Title","PSD-PuckHolder","2025-06-01","South Korea","2025-06-29",1,19.15,0,0,19.15,0,19.15
"Coffee Tamper: 58.5mm & 53.5mm","58.5mm / White / Bronze","PSDTMWBz","2025-06-01","United States","2025-06-02",1,90,-9,0,81,0,81
"Spring-Loaded Self-Leveling Tamper – Pesado x AD Coffee","Default Title","PSD-ADcoffee-Tamper","2025-06-01","United States","2025-06-23",1,110.85,-16.61,0,94.24,7.77,102.01
"Modular Portafilter Handles","Black / Bronze","PSDHMODBBZ","2025-06-01","Germany","2025-06-01",1,56.7,-56.7,0,0,0,0
"Impact Gravity Espresso Grounds Distributor (58.4mm)","Black","V2-PSD-distributor","2025-06-01","Australia","2025-06-08",2,194.94,-19.48,0,175.46,17.55,193.01
"Magnetic Espresso Dosing Ring","58mm Dosing Ring / Black","V2-PSDring-58mm","2025-06-01","United States","2025-06-17",1,21.03,0,0,21.03,1.47,22.5
"Dosing Bundle","Black","DOSING_B","2025-06-01","Australia","2025-06-15",1,40.41,0,0,40.41,4.04,44.45
"53.5 & 58.5mm Puck Diffuser Screen","58.5mm","PSD-puck","2025-06-01","United States","2025-06-29",1,20,0,0,20,0,20
"Dusk & Haze Clump Crusher (WDT tool)","Dusk","PSDcrusher-Dusk","2025-06-01","Australia","2025-06-08",1,25.95,-2.59,0,23.36,2.33,25.69
"Sunrise Ceramic Coffee Cup and Saucer Set (White)","Default Title","PSD-CeramicSet","2025-06-01","United States","2025-06-11",5,50,-1,0,49,0,49
"High Diffusion Espresso Shower Screen","E61 - HD Shower Screen","PSD-HD-E61","2025-06-01","Australia","2025-06-08",2,224.27,-5.6,-112.14,106.53,10.66,117.19
"53.5 & 58.5mm Puck Diffuser Screen","58.5mm","PSD-puck","2025-06-01","Australia","2025-06-21",1,16.13,0,0,16.13,1.61,17.74
"Pesado EP Filter Basket","EP-20g","EP-20g","2025-06-01","Malaysia","2025-06-09",1,20.54,-3.08,0,17.46,0,17.46
"Pesado EP Filter Basket","EP-22g","EP-22g","2025-06-01","Australia","2025-06-09",1,17.77,-1.78,0,15.99,1.6,17.59
"Stand for (WDT) Clump Crusher 2.0","Default Title","V2-PSDcrusher-Stand","2025-06-01","United States","2025-06-03",2,36,-1.8,0,34.2,0,34.2
"Hybrid LM/E61/NS/GA Portafilter - Versatile Bottomless & Spouted","La Marzocco 6mm / Black | Riga","PF02LMBK-Riga-HY","2025-06-01","Taiwan","2025-06-14",1,152.45,0,0,152.45,0,152.45
"Coffee Tamper: 58.5mm & 53.5mm","58.5mm / White / Iris","PSDTMWHIris","2025-06-01","Australia","2025-06-11",1,71.04,0,0,71.04,7.1,78.14
"Pesado 58.5 Portafilter Hybrid Head - Versatile & Easy to Use","Nuova Simonelli Hybrid","PFH02NS-HY","2025-06-01","United States","2025-06-01",2,185,0,0,185,0,185
"Maximum Distribution Bundle","Black","DistributionBundle","2025-06-01","Singapore","2025-06-05",1,219.58,0,0,219.58,0,219.58
"High Extraction He[%] Filter Baskets for a Fuller Coffee Experience","Pesado He[%] Basket - Large","PSD-HE-LG","2025-06-01","United States","2025-06-14",2,130,0,0,130,0,130
"High Extraction He[%] Filter Baskets for a Fuller Coffee Experience","Pesado He[%] Basket - X-Large","PSD-HE-XL","2025-06-01","Chile","2025-06-07",1,65,0,0,65,0,65
"High Diffusion Espresso Shower Screen","MV - HD Shower Screen","PSD-HD-MV","2025-06-01","United States","2025-06-19",5,275,-5.5,0,269.5,0,269.5
"Dosing Bundle","Black","DOSING_B","2025-06-01","United States","2025-06-17",1,52.5,0,0,52.5,0,52.5
"High Diffusion Espresso Shower Screen","LM - HD Shower Screen","PSD-HD-LM","2025-06-01","United States","2025-06-27",4,220,-8.25,0,211.75,0,211.75
"Precision Espresso Portafilter & Basket Bundle - LM & E61","E61 5mm / Black","PRE_SETMV","2025-06-01","United States","2025-06-28",1,171.7,0,0,171.7,0,171.7
"Precision 58mm Breville Bundle: 58mm Portafilter & He[%] Basket","Black","PRE-BR58-SET","2025-06-01","Australia","2025-06-23",1,133.99,0,0,133.99,13.4,147.39
"High Extraction He[%] Filter Baskets for a Fuller Coffee Experience","Pesado He[%] Basket - Large","PSD-HE-LG","2025-06-01","United Arab Emirates","2025-06-02",1,66.43,-6.64,0,59.79,0,59.79
"High Diffusion Espresso Shower Screen","LM - HD Shower Screen","PSD-HD-LM","2025-06-01","Australia","2025-06-03",6,310.32,0,0,310.32,31.03,341.35
"Pesado Portafilter Tamping Station","Default Title","PSD-TampingStation","2025-06-01","United States","2025-06-11",-1,0,0,-101.99,-101.99,0,-101.99
"Bottomless LM/E61/NS/GA Portafilter (Hybrid)","E61 5mm / White / Silver","PF00MV-WSL-HY","2025-06-01","United States","2025-06-25",1,112,0,0,112,0,112
"Spring-Loaded Self-Leveling Tamper – Pesado x AD Coffee","Default Title","PSD-ADcoffee-Tamper","2025-06-01","Australia","2025-06-28",1,106.87,0,0,106.87,10.69,117.56
"Stainless Steel Milk Jug With Round Spout - 16.5oz / 490ml","Default Title","PSDjugWH","2025-06-01","United States","2025-06-25",1,34.35,0,0,34.35,0,34.35
"Spring-Loaded Self-Leveling Tamper – Pesado x AD Coffee","Default Title","PSD-ADcoffee-Tamper","2025-06-01","United States","2025-06-28",2,240,0,0,240,0,240
"Espresso Shot Mirror","Default Title","PSDshot-mirror","2025-06-01","United States","2025-06-16",1,28,0,0,28,0,28
"Impact Gravity Espresso Grounds Distributor (58.4mm)","Black","V2-PSD-distributor","2025-06-01","Australia","2025-06-11",3,292.59,-14.6,0,277.99,27.81,305.8
"Modular Handle Set","Black | Dusk","PSDMODHSET-BKDUSK","2025-06-01","United States","2025-06-11",1,106,0,0,106,0,106
"Impact Gravity Espresso Grounds Distributor (58.4mm)","Black","V2-PSD-distributor","2025-06-01","Taiwan","2025-06-15",1,125.61,0,0,125.61,0,125.61
"Pesado EP Filter Basket","EP-22g","EP-22g","2025-06-01","United States","2025-06-30",1,20,0,0,20,0,20
"53.5 & 58.5mm Puck Diffuser Screen","58.5mm","PSD-puck","2025-06-01","United States","2025-06-18",1,20,-2,0,18,0,18
"53.5 & 58.5mm Puck Diffuser Screen","58.5mm","PSD-puck","2025-06-01","Australia","2025-06-26",1,16.38,0,0,16.38,1.64,18.02
"High Diffusion Espresso Shower Screen","E61 - HD Shower Screen","PSD-HD-E61","2025-06-01","Australia","2025-06-11",4,224.86,-8.41,0,216.45,21.65,238.1
"Pesado EP Filter Basket","EP-22g","EP-22g","2025-06-01","Australia","2025-06-06",1,17.71,0,0,17.71,1.77,19.48
"Hybrid LM/E61/NS/GA Portafilter - Versatile Bottomless & Spouted","E61 5mm / Black | Iris","PF02MVBK-Iris-HY","2025-06-01","United States","2025-06-16",1,145,-14.5,0,130.5,0,130.5
"High Extraction He[%] Filter Baskets for a Fuller Coffee Experience","Pesado He[%] Basket - Medium","PSD-HE-ME","2025-06-01","Egypt","2025-06-29",1,66.31,0,0,66.31,0,66.31
"Modular Puck Screen Holder - Aluminum Matte Black","Default Title","PSD-PuckHolder","2025-06-01","United States","2025-06-27",1,18,0,0,18,0,18
"High Extraction He[%] Filter Baskets for a Fuller Coffee Experience","Pesado He[%] Basket - Small","PSD-HE-SM","2025-06-01","Singapore","2025-06-24",1,66.4,-13.28,0,53.12,0,53.12
"Espresso Shot Mirror","Default Title","PSDshot-mirror","2025-06-01","Australia","2025-06-11",1,23.97,-2.4,0,21.57,2.15,23.72
"High Diffusion Espresso Shower Screen","LM - HD Shower Screen","PSD-HD-LM","2025-06-01","Australia","2025-06-19",1,51.75,0,0,51.75,5.17,56.92
"High Diffusion Espresso Shower Screen","E61 - HD Shower Screen","PSD-HD-E61","2025-06-01","Switzerland","2025-06-14",1,60.41,0,0,60.41,0,60.41
"High Diffusion Espresso Shower Screen","MV - HD Shower Screen","PSD-HD-MV","2025-06-01","United States","2025-06-03",5,275,-5.5,0,269.5,0,269.5
"High Diffusion Espresso Shower Screen","LM - HD Shower Screen","PSD-HD-LM","2025-06-01","United States","2025-06-11",7,385,0,0,385,0,385
"High Diffusion Espresso Shower Screen","MV - HD Shower Screen","PSD-HD-MV","2025-06-01","Australia","2025-06-27",3,156.99,0,0,156.99,15.7,172.69
"Pesado Portafilter Tamping Station","Default Title","PSD-TampingStation","2025-06-01","Taiwan","2025-06-14",3,369.87,0,0,369.87,0,369.87
"Impact Gravity Espresso Grounds Distributor (58.4mm)","Black","V2-PSD-distributor","2025-06-01","Kuwait","2025-06-23",1,120,0,0,120,0,120
"Pesado EP Filter Basket","EP-18g","EP-18g","2025-06-01","United States","2025-06-22",1,20,-2,0,18,0,18
"Impact Gravity Espresso Grounds Distributor (58.4mm)","Black","V2-PSD-distributor","2025-06-01","United States","2025-06-03",2,240,0,0,240,0,240
"Pesado EP Filter Basket","EP-20g","EP-20g","2025-06-01","Australia","2025-06-03",1,17.63,0,0,17.63,1.76,19.39
"Hybrid Breville 54/58mm Portafilter - Versatile and Easy to Use","Breville 54 / White | Gold","PF02BR54-WGD-HY","2025-06-01","United States","2025-06-01",1,123.96,-12.39,0,111.57,11.73,123.3
"Alloy Modular Stand for Clump Crusher (WDT tool)","Default Title","PSDcrusher-Stand","2025-06-01","Australia","2025-06-25",1,16.95,0,0,16.95,1.7,18.65
"53.5 & 58.5mm Puck Diffuser Screen","53.5mm","PSD-puck-54","2025-06-01","Australia","2025-06-09",2,32.58,0,0,32.58,3.26,35.84
"High Extraction He[%] Filter Baskets for a Fuller Coffee Experience","Pesado He[%] Basket - Small","PSD-HE-SM","2025-06-01","Australia","2025-06-27",1,50.45,0,0,50.45,5.05,55.5
"High Extraction He[%] Filter Baskets for a Fuller Coffee Experience","Pesado He[%] Basket - Medium","PSD-HE-ME","2025-06-01","United States","2025-06-19",5,325,-6.5,0,318.5,0,318.5
"Bottomless LM/E61/NS/GA Portafilter (Hybrid)","E61 5mm / White / Gold","PF00MV-WGD-HY","2025-06-01","Singapore","2025-06-22",1,114.97,-11.5,0,103.47,0,103.47
"High Diffusion Espresso Shower Screen","LM - HD Shower Screen","PSD-HD-LM","2025-06-01","Belgium","2025-06-02",2,113.68,0,0,113.68,0,113.68
"Pesado EP Filter Basket","EP-Breville54-20g","EP-BR-20g","2025-06-01","Germany","2025-06-08",1,20.48,-3.07,0,17.41,0,17.41
"Spring-Loaded Self-Leveling Tamper – Pesado x AD Coffee","Default Title","PSD-ADcoffee-Tamper","2025-06-01","United States","2025-06-08",3,360,-42,0,318,0,318
"Impact Gravity Espresso Grounds Distributor (58.4mm)","Black","V2-PSD-distributor","2025-06-01","Australia","2025-06-23",1,96.44,-9.64,0,86.8,8.68,95.48
"Bottomless LM/E61/NS/GA Portafilter (Hybrid)","E61 5mm / White / Bronze","PF00MV-WBZ-HY","2025-06-01","Australia","2025-06-01",1,96.54,0,0,96.54,0,96.54
"Pesado Portafilter Tamping Station","Default Title","PSD-TampingStation","2025-06-01","United States","2025-06-23",1,119.99,-11.99,0,108,0,108
"High Extraction He[%] Filter Baskets for a Fuller Coffee Experience","Pesado He[%] Basket - Large","PSD-HE-LG","2025-06-01","Australia","2025-06-06",2,100.32,-7.52,0,92.8,9.28,102.08
"High Diffusion Espresso Shower Screen","MV - HD Shower Screen","PSD-HD-MV","2025-06-01","Australia","2025-06-23",4,205.65,-5.12,0,200.53,20.05,220.58
"Pesado Portafilter Tamping Station","Default Title","PSD-TampingStation","2025-06-01","Singapore","2025-06-22",1,122.74,-12.27,0,110.47,0,110.47
"High Diffusion Espresso Shower Screen","LM - HD Shower Screen","PSD-HD-LM","2025-06-01","United States","2025-06-07",5,275,0,0,275,0,275
"High Diffusion Espresso Shower Screen","MV - HD Shower Screen","PSD-HD-MV","2025-06-01","United States","2025-06-15",2,110,-5.5,0,104.5,0,104.5
"Espresso Shot Mirror","Default Title","PSDshot-mirror","2025-06-01","Australia","2025-06-23",1,23.67,-2.36,0,21.31,2.13,23.44
"Modular Puck Screen Holder - Aluminum Matte Black","Default Title","PSD-PuckHolder","2025-06-01","United States","2025-06-07",1,18,0,0,18,0,18
"High Extraction He[%] Filter Baskets for a Fuller Coffee Experience","Pesado He[%] Basket - Medium","PSD-HE-ME","2025-06-01","Austria","2025-06-25",1,66.41,-9.96,0,56.45,0,56.45
"Pesado EP Filter Basket","EP-Breville54-18g","EP-BR-18g","2025-06-01","Australia","2025-06-20",1,17.59,0,0,17.59,1.76,19.35
"High Diffusion Espresso Shower Screen","E61 - HD Shower Screen","PSD-HD-E61","2025-06-01","Australia","2025-06-23",8,443.66,-19.29,0,424.37,42.44,466.81
"53.5 & 58.5mm Puck Diffuser Screen","58.5mm","PSD-puck","2025-06-01","Australia","2025-06-06",3,48.69,-2.42,0,46.27,4.62,50.89
"Hybrid LM/E61/NS/GA Portafilter - Versatile Bottomless & Spouted","E61 5mm / Black | Gold","PF02MV-BGD-HY","2025-06-01","Australia","2025-06-11",1,109.54,0,0,109.54,10.96,120.5
"Crusher Threaded Pin Assembly for DIY WDT Tool","4 pack of WDT pins","PSD-removablepins","2025-06-01","United States","2025-06-25",2,2,-0.2,0,1.8,0,1.8
"Stand for (WDT) Clump Crusher 2.0","Default Title","V2-PSDcrusher-Stand","2025-06-01","United States","2025-06-20",1,18,0,0,18,0,18
"Modular Portafilter Handles","White / Gold","PSDHMODWGD","2025-06-01","United States","2025-06-14",1,55,0,0,55,0,55
"Portafilter with a Double Spout for Espresso Machines","Breville 58 / Black | Riga","PF02BR58BK-Riga","2025-06-01","United States","2025-06-12",1,120,0,0,120,0,120
"Hybrid LM/E61/NS/GA Portafilter - Versatile Bottomless & Spouted","E61 5mm / Black Full Pom","PF02MV-FullPOM-HY","2025-06-01","United States","2025-06-01",-1,0,0,-103.5,-103.5,0,-103.5
"Magnetic Espresso Dosing Ring","58mm Dosing Ring / Black","V2-PSDring-58mm","2025-06-01","United States","2025-06-18",1,22.5,0,0,22.5,0,22.5
"High Diffusion Espresso Shower Screen","LM - HD Shower Screen","PSD-HD-LM","2025-06-01","United States","2025-06-23",3,165,0,0,165,0,165
"Dosing Bundle","Black","DOSING_B","2025-06-01","United States","2025-06-29",1,44.62,0,0,44.62,0,44.62
"Precision Espresso Portafilter & Basket Bundle - LM & E61","E61 5mm / Black","PRE_SETMV","2025-06-01","United States","2025-06-24",3,515.1,-17.17,0,497.93,0,497.93
"High Diffusion Espresso Shower Screen","E61 - HD Shower Screen","PSD-HD-E61","2025-06-01","Switzerland","2025-06-18",1,61.19,0,0,61.19,0,61.19
"High Extraction He[%] Filter Baskets for a Fuller Coffee Experience","Pesado He[%] Basket - Large","PSD-HE-LG","2025-06-01","Australia","2025-06-22",1,49.55,-9.91,0,39.64,3.96,43.6
"High Diffusion Espresso Shower Screen","LM - HD Shower Screen","PSD-HD-LM","2025-06-01","Australia","2025-06-15",5,259.57,0,0,259.57,25.96,285.53
"High Extraction He[%] Filter Baskets for a Fuller Coffee Experience","Pesado He[%] Basket - Large","PSD-HE-LG","2025-06-01","United States","2025-06-13",2,130,0,0,130,0,130
"Modular Puck Screen Holder - Aluminum Matte Black","Default Title","PSD-PuckHolder","2025-06-01","United States","2025-06-23",1,18,-2.7,0,15.3,0,15.3
"Distribution Bundle","58mm Distribution Bundle / Black","DISTR_B","2025-06-01","Australia","2025-06-26",1,119.75,-11.97,0,107.78,10.78,118.56
"Stand for (WDT) Clump Crusher 2.0","Default Title","V2-PSDcrusher-Stand","2025-06-01","United States","2025-06-04",1,18,0,0,18,0,18
"Modular Portafilter Handles","Black / Black","PSDHMODBBK","2025-06-01","Australia","2025-06-24",1,47.35,-7.1,0,40.25,4.02,44.27
"53.5 & 58.5mm Puck Diffuser Screen","58.5mm","PSD-puck","2025-06-01","Australia","2025-06-22",1,16.11,-1.6,0,14.51,1.45,15.96
"High Diffusion Espresso Shower Screen","E61 - HD Shower Screen","PSD-HD-E61","2025-06-01","Australia","2025-06-07",12,672.85,-5.6,0,667.25,66.74,733.99
"53.5 & 58.5mm Puck Diffuser Screen","58.5mm","PSD-puck","2025-06-01","United States","2025-06-30",2,60,0,-18,42,0,42
"Espresso Shot Mirror","Default Title","PSDshot-mirror","2025-06-01","United States","2025-06-15",1,28,-2.8,0,25.2,0,25.2
"Modular Portafilter Handles","Black / Silver","PSDHMODBSL","2025-06-01","South Africa","2025-06-27",1,55,0,0,55,0,55
"Pesado EP Filter Basket","EP-18g","EP-18g","2025-06-01","Australia","2025-06-29",1,17.82,0,0,17.82,1.78,19.6
"High Diffusion Espresso Shower Screen","LM - HD Shower Screen","PSD-HD-LM","2025-06-01","Australia","2025-06-04",2,103.9,0,0,103.9,10.38,114.28
"High Diffusion Espresso Shower Screen","LM - HD Shower Screen","PSD-HD-LM","2025-06-01","United States","2025-06-28",5,275,0,0,275,0,275
"Stainless Steel Milk Jug With Round Spout - 16.5oz / 490ml","Default Title","PSDjugWH","2025-06-01","United States","2025-06-26",-1,0,0,-34.35,-34.35,0,-34.35
"High Extraction He[%] Filter Baskets for a Fuller Coffee Experience","Pesado He[%] Basket - Large","PSD-HE-LG","2025-06-01","United States","2025-06-02",2,130,-6.5,0,123.5,0,123.5
"Bottomless LM/E61/NS/GA Portafilter (Hybrid)","E61 5mm / Black / Riga","PF00MVBK-Riga-HY","2025-06-01","Thailand","2025-06-09",1,122.42,-12.24,0,110.18,0,110.18
"Modular Puck Screen Holder - Aluminum Matte Black","Default Title","PSD-PuckHolder","2025-06-01","United States","2025-06-28",1,18,0,0,18,0,18
"High Diffusion Espresso Shower Screen","MV - HD Shower Screen","PSD-HD-MV","2025-06-01","Canada","2025-06-13",1,56.64,-8.5,0,48.14,0,48.14
"Naked/Bottomless Portafilter - Head Only (HYBRID)","E61 5mm","PFH00MV-HY","2025-06-01","United States","2025-06-21",1,67.5,0,0,67.5,0,67.5
"Pesado EP Filter Basket","EP-Breville54-18g","EP-BR-18g","2025-06-01","Australia","2025-06-15",1,17.7,0,0,17.7,1.77,19.47
"Sunrise Ceramic Coffee Cup and Saucer Set (White)","Default Title","PSD-CeramicSet","2025-06-01","United States","2025-06-07",5,50,-7,0,43,0,43
"High Diffusion Espresso Shower Screen","E61 - HD Shower Screen","PSD-HD-E61","2025-06-01","Australia","2025-06-12",1,56.38,0,0,56.38,5.64,62.02
"53.5 & 58.5mm Puck Diffuser Screen","58.5mm","PSD-puck","2025-06-01","Australia","2025-06-25",1,16.25,0,0,16.25,1.62,17.87
"Impact Gravity Espresso Grounds Distributor (58.4mm)","Black","V2-PSD-distributor","2025-06-01","United States","2025-06-04",1,120,0,0,120,0,120
"Impact Gravity Espresso Grounds Distributor (58.4mm)","Black","V2-PSD-distributor","2025-06-01","Australia","2025-06-28",1,97.95,-9.79,0,88.16,8.82,96.98
"Pesado Portafilter Tamping Station","Default Title","PSD-TampingStation","2025-06-01","United States","2025-06-28",2,239.98,0,0,239.98,0,239.98
"High Extraction He[%] Filter Baskets for a Fuller Coffee Experience","Pesado He[%] Basket - Large","PSD-HE-LG","2025-06-01","Australia","2025-06-09",1,100.77,-10.06,-50.31,40.4,4.03,44.43
"Spring-Loaded Self-Leveling Tamper – Pesado x AD Coffee","Default Title","PSD-ADcoffee-Tamper","2025-06-01","Australia","2025-06-11",1,106.22,-15.93,0,90.29,9.03,99.32
"High Diffusion Espresso Shower Screen","MV - HD Shower Screen","PSD-HD-MV","2025-06-01","Australia","2025-06-28",3,156.74,-7.83,0,148.91,14.88,163.79
"High Diffusion Espresso Shower Screen","LM - HD Shower Screen","PSD-HD-LM","2025-06-01","United States","2025-06-12",2,110,0,0,110,0,110
"Dosing Bundle","Black","DOSING_B","2025-06-01","United States","2025-06-02",1,52.5,-5.25,0,47.25,0,47.25
"High Diffusion Espresso Shower Screen","MV - HD Shower Screen","PSD-HD-MV","2025-06-01","United States","2025-06-04",7,440,0,-55,385,0,385
"53.5 & 58.5mm Puck Diffuser Screen","58.5mm","PSD-puck","2025-06-01","Canada","2025-06-13",1,20.6,-3.09,0,17.51,0,17.51
"Espresso Shot Mirror","Default Title","PSDshot-mirror","2025-06-01","Thailand","2025-06-30",1,28.56,-2.86,0,25.7,0,25.7
"Coffee Tamper: 58.5mm & 53.5mm","53.5mm / Black / Black","PSDT-53.5-BBK","2025-06-01","Australia","2025-06-25",1,71.15,0,0,71.15,7.11,78.26
"High Extraction He[%] Filter Baskets for a Fuller Coffee Experience","Pesado He[%] Basket - Large","PSD-HE-LG","2025-06-01","Belgium","2025-06-11",1,67.42,0,0,67.42,0,67.42
"High Extraction He[%] Filter Baskets for a Fuller Coffee Experience","Pesado He[%] Basket - Large","PSD-HE-LG","2025-06-01","United States","2025-06-18",3,195,-13,0,182,0,182
"High Diffusion Espresso Shower Screen","E61 - HD Shower Screen","PSD-HD-E61","2025-06-01","Germany","2025-06-03",1,60.48,0,0,60.48,0,60.48
"High Diffusion Espresso Shower Screen","E61 - HD Shower Screen","PSD-HD-E61","2025-06-01","Australia","2025-06-28",2,112.82,0,0,112.82,11.28,124.1
"Bottomless LM/E61/NS/GA Portafilter (Hybrid)","La Marzocco 6mm / Raya","PF00LMRaya-HY","2025-06-01","United States","2025-06-07",1,120,0,0,120,0,120
"53.5 & 58.5mm Puck Diffuser Screen","58.5mm","PSD-puck","2025-06-01","Australia","2025-06-09",2,32.58,-1.62,0,30.96,3.1,34.06
"53.5 & 58.5mm Puck Diffuser Screen","58.5mm","PSD-puck","2025-06-01","United States","2025-06-01",1,20,0,0,20,0,20
"High Diffusion Espresso Shower Screen","E61 - HD Shower Screen","PSD-HD-E61","2025-06-01","United States","2025-06-23",9,590,-26.55,-59,504.45,0,504.45
"Stainless Steel Clump Crusher V2.0 (WDT espresso distribution tool)","Bronze","V2-PSDcrusher-Bronze","2025-06-01","Australia","2025-06-04",1,25.94,-2.59,0,23.35,2.33,25.68
"High Extraction He[%] Filter Baskets for a Fuller Coffee Experience","Pesado He[%] Basket - Small","PSD-HE-SM","2025-06-01","United States","2025-06-22",2,130,-19.5,0,110.5,0,110.5
"Magnetic Espresso Dosing Ring","58mm Dosing Ring / Black","V2-PSDring-58mm","2025-06-01","Australia","2025-06-27",2,39.81,0,0,39.81,3.99,43.8
"Coffee Tamper: 58.5mm & 53.5mm","58.5mm / Black / Silver","PSDTMBSl","2025-06-01","Australia","2025-06-22",1,69.95,-13.99,0,55.96,5.6,61.56
"Impact Gravity Espresso Grounds Distributor (58.4mm)","Black","V2-PSD-distributor","2025-06-01","Israel","2025-06-11",1,122.68,-12.27,0,110.41,0,110.41
"Pesado Black Ripple Set","Black Ripple Set","PSDBlackRippleSet","2025-06-01","United States","2025-06-02",1,60.6,-6.06,0,54.54,0,54.54
"High Diffusion Espresso Shower Screen","MV - HD Shower Screen","PSD-HD-MV","2025-06-01","United Kingdom","2025-06-02",1,56.9,0,0,56.9,0,56.9
"Bottomless LM/E61/NS/GA Portafilter (Hybrid)","E61 5mm / Black / Riga","PF00MVBK-Riga-HY","2025-06-01","United Arab Emirates","2025-06-21",1,122.51,0,0,122.51,0,122.51
"Stainless Steel Clump Crusher V2.0 (WDT espresso distribution tool)","Silver","V2-PSDcrusher-Silver","2025-06-01","United States","2025-06-17",1,34.35,0,0,34.35,0,34.35
"Distribution Bundle","58mm Distribution Bundle / Black","DISTR_B","2025-06-01","United States","2025-06-29",1,146.49,-14.65,0,131.84,0,131.84
"53.5 & 58.5mm Puck Diffuser Screen","53.5mm","PSD-puck-54","2025-06-01","Australia","2025-06-05",1,16.27,-3.25,0,13.02,1.3,14.32
"High Extraction He[%] Filter Baskets for a Fuller Coffee Experience","Pesado He[%] Basket - Small","PSD-HE-SM","2025-06-01","Australia","2025-06-23",1,49.47,0,0,49.47,4.95,54.42
"Portafilter with a Double Spout for Espresso Machines","La Marzocco / E61 / Black Full Pom","PF02LM-FullPOM","2025-06-01","Australia","2025-06-19",1,64.65,-6.46,0,58.19,5.82,64.01
"Pesado EP Filter Basket","EP-20g","EP-20g","2025-06-01","United States","2025-06-23",0,20,0,-20,0,0,0
"High Extraction He[%] Filter Baskets for a Fuller Coffee Experience","Pesado He[%] Basket - Large","PSD-HE-LG","2025-06-01","United Kingdom","2025-06-11",2,134.7,-13.47,0,121.23,0,121.23
"High Extraction He[%] 54mm Breville Filter Basket - Dosing 18g-20g","Default Title","PSD-HE-54","2025-06-01","United States","2025-06-21",1,65,0,0,65,0,65
"High Extraction He[%] Filter Baskets for a Fuller Coffee Experience","Pesado He[%] Basket - Medium","PSD-HE-ME","2025-06-01","South Korea","2025-06-24",1,67.59,0,0,67.59,0,67.59
"High Diffusion Espresso Shower Screen","E61 - HD Shower Screen","PSD-HD-E61","2025-06-01","United States","2025-06-07",17,1003,-29.5,0,973.5,0,973.5
"Magnetic Espresso Dosing Ring","58mm Dosing Ring / Black","V2-PSDring-58mm","2025-06-01","Australia","2025-06-11",2,39.63,-2.97,0,36.66,3.67,40.33
"Pesado EP Filter Basket","EP-Breville54-20g","EP-BR-20g","2025-06-01","Australia","2025-06-06",1,17.71,-1.77,0,15.94,1.59,17.53
"High Diffusion Espresso Shower Screen","LM - HD Shower Screen","PSD-HD-LM","2025-06-01","France","2025-06-11",1,56.23,-5.62,0,50.61,0,50.61
"Gravity Coffee Distributor 53.5mm","54 mm","PSD-distributor-54m","2025-06-01","Australia","2025-06-30",1,89.06,-13.36,0,75.7,7.57,83.27
"Alloy Modular Stand for Clump Crusher (WDT tool)","Default Title","PSDcrusher-Stand","2025-06-01","Australia","2025-06-05",1,16.93,0,0,16.93,1.69,18.62
"High Extraction He[%] Filter Baskets for a Fuller Coffee Experience","Pesado He[%] Basket - Medium","PSD-HE-ME","2025-06-01","United States","2025-06-15",4,256.32,-13,0,243.32,3.68,247
"Impact Gravity Espresso Grounds Distributor (58.4mm)","Black","V2-PSD-distributor","2025-06-01","Singapore","2025-06-22",1,122.74,-12.27,0,110.47,0,110.47
"Coffee Tamper: 58.5mm & 53.5mm","58.5mm / White / Bronze","PSDTMWBz","2025-06-01","Australia","2025-06-01",1,77.23,0,0,77.23,0,77.23
"Pesado Portafilter Tamping Station","Default Title","PSD-TampingStation","2025-06-01","Australia","2025-06-04",1,106.08,-10.6,0,95.48,9.55,105.03
"High Extraction He[%] Filter Baskets for a Fuller Coffee Experience","Pesado He[%] Basket - X-Large","PSD-HE-XL","2025-06-01","Australia","2025-06-22",2,99.67,-9.96,0,89.71,8.97,98.68
"High Diffusion Espresso Shower Screen","E61 - HD Shower Screen","PSD-HD-E61","2025-06-01","United States","2025-06-12",4,295,-11.8,-59,224.2,0,224.2
"Magnetic Espresso Dosing Ring","58mm Dosing Ring / Black","V2-PSDring-58mm","2025-06-01","Australia","2025-06-08",2,39.56,-2.97,0,36.59,3.66,40.25
"Crusher Threaded Pin Assembly for DIY WDT Tool","4 pack of WDT pins","PSD-removablepins","2025-06-01","Poland","2025-06-20",6,6.48,-0.97,0,5.51,0,5.51
"Hybrid LM/E61/NS/GA Portafilter - Versatile Bottomless & Spouted","La Marzocco 6mm / White | Bronze","PF02LM-WBZ-HY","2025-06-01","Monaco","2025-06-27",1,140.45,0,0,140.45,0,140.45
"High Extraction He[%] Filter Baskets for a Fuller Coffee Experience","Pesado He[%] Basket - Medium","PSD-HE-ME","2025-06-01","Australia","2025-06-03",1,54.96,-8.24,0,46.72,0,46.72
"Bottomless LM/E61/NS/GA Portafilter (Hybrid)","La Marzocco 6mm / White / Bronze","PF00LM-WBZ-HY","2025-06-01","Australia","2025-06-02",1,97.47,0,0,97.47,0,97.47
"Alloy Modular Stand for Clump Crusher (WDT tool)","Default Title","PSDcrusher-Stand","2025-06-01","Australia","2025-06-10",2,33.92,0,0,33.92,3.4,37.32
"High Extraction He[%] Filter Baskets for a Fuller Coffee Experience","Pesado He[%] Basket - Medium","PSD-HE-ME","2025-06-01","United States","2025-06-04",0,65,0,-65,0,0,0
"53.5 & 58.5mm Puck Diffuser Screen","53.5mm","PSD-puck-54","2025-06-01","United States","2025-06-02",1,20,0,0,20,0,20
"Coffee Tamper: 58.5mm & 53.5mm","58.5mm / Black / Black","PSDTMBBk","2025-06-01","United States","2025-06-26",1,90,0,0,90,0,90
"Pesado EP Filter Basket","EP-20g","EP-20g","2025-06-01","United States","2025-06-12",1,20,0,0,20,0,20
"Wooden Clump Crusher - WDT Distribution Tool for Fluffy Espresso Puck","Riga","PSDcrusherRIGA","2025-06-01","United States","2025-06-14",1,34.35,0,0,34.35,0,34.35
"High Diffusion Espresso Shower Screen","E61 - HD Shower Screen","PSD-HD-E61","2025-06-01","United States","2025-06-28",5,295,0,0,295,0,295
"High Extraction He[%] Filter Baskets for a Fuller Coffee Experience","Pesado He[%] Basket - Small","PSD-HE-SM","2025-06-01","United States","2025-06-25",1,65,-65,0,0,0,0
"High Extraction He[%] 54mm Breville Filter Basket - Dosing 18g-20g","Default Title","PSD-HE-54","2025-06-01","United States","2025-06-10",2,130,0,0,130,0,130
"High Extraction He[%] Filter Baskets for a Fuller Coffee Experience","Pesado He[%] Basket - Large","PSD-HE-LG","2025-06-01","Indonesia","2025-06-10",1,66.31,-6.63,0,59.68,0,59.68
"Modular Handle Set","Black | Bronze","PSDMODHSET-BBZ","2025-06-01","Australia","2025-06-27",1,80.02,0,0,80.02,8,88.02
"High Extraction He[%] Filter Baskets for a Fuller Coffee Experience","Pesado He[%] Basket - Medium","PSD-HE-ME","2025-06-01","Taiwan","2025-06-14",1,68.74,0,0,68.74,0,68.74
"Pesado 58.5 Portafilter Hybrid Head - Versatile & Easy to Use","LM/E61 & NS/BR58mm Hybrid Attachment Only","PSDHY","2025-06-01","Australia","2025-06-20",1,20.52,-2.05,0,18.47,1.84,20.31
"High Extraction He[%] Filter Baskets for a Fuller Coffee Experience","Pesado He[%] Basket - Small","PSD-HE-SM","2025-06-01","Australia","2025-06-28",1,50.47,0,0,50.47,5.05,55.52
"Coffee Tamper: 58.5mm & 53.5mm","58.5mm With Black Base / Black / Black","PSDT-BKBase-BBK","2025-06-01","United States","2025-06-01",1,90,0,0,90,0,90
"Stainless Steel Clump Crusher V2.0 (WDT espresso distribution tool)","Silver","V2-PSDcrusher-Silver","2025-06-01","United States","2025-06-30",1,34.35,0,0,34.35,0,34.35
"High Extraction He[%] Filter Baskets for a Fuller Coffee Experience","Pesado He[%] Basket - Medium","PSD-HE-ME","2025-06-01","United States","2025-06-20",1,65,0,0,65,0,65
"Maximum Distribution Bundle","Black","DistributionBundle","2025-06-01","United States","2025-06-02",1,214.85,0,0,214.85,0,214.85
"Portafilter with a Double Spout for Espresso Machines","La Marzocco / E61 / Black | Riga","PF02LMBK-Riga","2025-06-01","Canada","2025-06-23",1,122.62,0,0,122.62,0,122.62
"Pesado EP Filter Basket","EP-20g","EP-20g","2025-06-01","Australia","2025-06-04",1,17.71,0,0,17.71,1.77,19.48
"Pesado EP Filter Basket","EP-20g","EP-20g","2025-06-01","United States","2025-06-28",1,20,0,0,20,0,20
"Impact Gravity Espresso Grounds Distributor (58.4mm)","Black","V2-PSD-distributor","2025-06-01","Australia","2025-06-03",1,97.1,-14.56,0,82.54,8.25,90.79
"Impact Gravity Espresso Grounds Distributor (58.4mm)","Black","V2-PSD-distributor","2025-06-01","United States","2025-06-27",1,120,-12,0,108,0,108
"Bottomless LM/E61/NS/GA Portafilter (Hybrid)","E61 5mm / Black / Black","PF00MV-BBK-HY","2025-06-01","United States","2025-06-04",1,102.05,0,0,102.05,9.95,112
"High Diffusion Espresso Shower Screen","LM - HD Shower Screen","PSD-HD-LM","2025-06-01","United States","2025-06-19",-1,110,-5.5,-165,-60.5,0,-60.5
"Alloy Modular Stand for Clump Crusher (WDT tool)","Default Title","PSDcrusher-Stand","2025-06-01","United States","2025-06-01",1,18,0,0,18,0,18
"High Diffusion Espresso Shower Screen","MV - HD Shower Screen","PSD-HD-MV","2025-06-01","United States","2025-06-27",2,110,0,0,110,0,110
"High Extraction He[%] Filter Baskets for a Fuller Coffee Experience","Pesado He[%] Basket - Large","PSD-HE-LG","2025-06-01","Australia","2025-06-18",1,50.21,-7.53,0,42.68,4.27,46.95
"High Diffusion Espresso Shower Screen","LM - HD Shower Screen","PSD-HD-LM","2025-06-01","Australia","2025-06-11",1,52.06,0,0,52.06,5.21,57.27
"High Diffusion Espresso Shower Screen","MV - HD Shower Screen","PSD-HD-MV","2025-06-01","Australia","2025-06-03",7,361.99,-25.84,0,336.15,33.62,369.77
"High Extraction He[%] 54mm Breville Filter Basket - Dosing 18g-20g","Default Title","PSD-HE-54","2025-06-01","Netherlands","2025-06-21",1,66.77,0,0,66.77,0,66.77
"Precision Espresso Portafilter & Basket Bundle - LM & E61","E61 5mm / Black","PRE_SETMV","2025-06-01","Australia","2025-06-27",1,136.75,0,0,136.75,13.67,150.42
"Hybrid LM/E61/NS/GA Portafilter - Versatile Bottomless & Spouted","Nuova Simonelli / Black Full Pom","PF02NS-FullPOM-HY","2025-06-01","New Zealand","2025-06-30",1,101.25,-10.12,0,91.13,0,91.13
"High Extraction He[%] Filter Baskets for a Fuller Coffee Experience","Pesado He[%] Basket - Large","PSD-HE-LG","2025-06-01","United States","2025-06-09",1,65,0,0,65,0,65
"Pesado EP Filter Basket","EP-22g","EP-22g","2025-06-01","Australia","2025-06-14",1,17.7,-1.77,0,15.93,1.59,17.52
"High Diffusion Espresso Shower Screen","E61 - HD Shower Screen","PSD-HD-E61","2025-06-01","Australia","2025-06-03",4,223.31,-8.38,0,214.93,21.5,236.43
"53.5 & 58.5mm Puck Diffuser Screen","58.5mm","PSD-puck","2025-06-01","Australia","2025-06-18",1,16.27,-2.44,0,13.83,1.38,15.21
"Dosing Cup","58mm Dosing Cup / Black Ripple","PSDdosingCup-BK","2025-06-01","United States","2025-06-12",1,26.25,-6.56,0,19.69,0,19.69
"53.5 & 58.5mm Puck Diffuser Screen","58.5mm","PSD-puck","2025-06-01","United States","2025-06-26",1,20,0,0,20,0,20
"Coffee Tamper: 58.5mm & 53.5mm","53.5mm / Black / Silver","PSDT-53.5-BSL","2025-06-01","Australia","2025-06-16",1,71.19,-7.11,0,64.08,6.41,70.49
"Magnetic Espresso Dosing Ring","54mm Dosing Ring / Black","V2-PSDring-54mm","2025-06-01","Australia","2025-06-05",1,19.82,-3.96,0,15.86,1.59,17.45
"Dosing Cup","54mm Dosing Cup / White","PSDdosingCup-WH-54","2025-06-01","Australia","2025-06-16",1,20.76,-2.07,0,18.69,1.87,20.56
"Impact Gravity Espresso Grounds Distributor (58.4mm)","Black","V2-PSD-distributor","2025-06-01","Australia","2025-06-19",1,97.15,0,0,97.15,9.72,106.87
"Impact Gravity Espresso Grounds Distributor (58.4mm)","Black","V2-PSD-distributor","2025-06-01","United States","2025-06-11",-1,0,0,-102,-102,0,-102
"High Diffusion Espresso Shower Screen","LM - HD Shower Screen","PSD-HD-LM","2025-06-01","United States","2025-06-03",5,275,-16.5,0,258.5,0,258.5
"High Diffusion Espresso Shower Screen","LM - HD Shower Screen","PSD-HD-LM","2025-06-01","Australia","2025-06-27",2,104.62,0,0,104.62,10.46,115.08
"High Diffusion Espresso Shower Screen","MV - HD Shower Screen","PSD-HD-MV","2025-06-01","Australia","2025-06-19",2,103.47,0,0,103.47,10.34,113.81
"High Diffusion Espresso Shower Screen","LM - HD Shower Screen","PSD-HD-LM","2025-06-01","Taiwan","2025-06-01",1,56.12,0,0,56.12,0,56.12
"Hybrid LM/E61/NS/GA Portafilter - Versatile Bottomless & Spouted","La Marzocco 6mm / Black | Black","PF02LM-BBK-HY","2025-06-01","United States","2025-06-26",1,137,0,0,137,0,137
"Pesado Black Ripple Set","58mm Dosing Cup","PSDdosingCup-BK","2025-06-01","United States","2025-06-25",1,26.25,0,0,26.25,0,26.25
"Bottomless LM/E61/NS/GA Portafilter (Hybrid)","E61 5mm / Black / Black","PF00MV-BBK-HY","2025-06-01","United States","2025-06-20",1,112,0,0,112,0,112
"High Diffusion Espresso Shower Screen","MV - HD Shower Screen","PSD-HD-MV","2025-06-01","United States","2025-06-11",1,55,0,0,55,0,55
"High Extraction He[%] Filter Baskets for a Fuller Coffee Experience","Pesado He[%] Basket - Large","PSD-HE-LG","2025-06-01","United States","2025-06-25",1,65,0,0,65,0,65
"Coffee Tamper: 58.5mm & 53.5mm","58.5mm / Raya","PSDTWRaya","2025-06-01","Singapore","2025-06-24",1,100.05,0,0,100.05,0,100.05
"Single-Dose Coffee Tubes (Bean Cellar 4-Pack)","Default Title","PSD-beantube","2025-06-01","Australia","2025-06-15",1,23.6,0,0,23.6,2.36,25.96
"Modular Puck Screen Holder - Aluminum Matte Black","Default Title","PSD-PuckHolder","2025-06-01","United States","2025-06-03",3,54,-3.6,0,50.4,0,50.4
"High Diffusion Espresso Shower Screen","E61 - HD Shower Screen","PSD-HD-E61","2025-06-01","Australia","2025-06-19",2,111.83,-5.58,0,106.25,10.62,116.87
"53.5 & 58.5mm Puck Diffuser Screen","58.5mm","PSD-puck","2025-06-01","Australia","2025-06-02",2,35.69,-2.67,0,33.02,0,33.02
"53.5 & 58.5mm Puck Diffuser Screen","58.5mm","PSD-puck","2025-06-01","United States","2025-06-10",0,20,-2,-20,-2,0,-2
"Espresso Shot Mirror","Default Title","PSDshot-mirror","2025-06-01","United States","2025-06-27",1,28,0,0,28,0,28
"High Extraction He[%] 54mm Breville Filter Basket - Dosing 18g-20g","Default Title","PSD-HE-54","2025-06-01","South Africa","2025-06-27",1,65,0,0,65,0,65
"Bottomless LM/E61/NS/GA Portafilter (Hybrid)","Breville 54mm / White / Iris","PF00BR54WH-Iris-HY","2025-06-01","United States","2025-06-12",1,120,0,0,120,0,120
"High Diffusion Espresso Shower Screen","MV - HD Shower Screen","PSD-HD-MV","2025-06-01","United States","2025-06-08",2,110,0,0,110,0,110
"High Diffusion Espresso Shower Screen","LM - HD Shower Screen","PSD-HD-LM","2025-06-01","Taiwan","2025-06-14",1,60.55,0,0,60.55,0,60.55
"Precision 58mm Breville Bundle: 58mm Portafilter & He[%] Basket","Black","PRE-BR58-SET","2025-06-01","Australia","2025-06-04",1,159.36,0,0,159.36,15.94,175.3
"High Extraction He[%] Filter Baskets for a Fuller Coffee Experience","Pesado He[%] Basket - Large","PSD-HE-LG","2025-06-01","Taiwan","2025-06-06",1,69.17,-10.38,0,58.79,0,58.79
"High Diffusion Espresso Shower Screen","LM - HD Shower Screen","PSD-HD-LM","2025-06-01","Australia","2025-06-24",2,104.14,-7.8,0,96.34,9.64,105.98
"Pesado EP Filter Basket","EP-18g","EP-18g","2025-06-01","Australia","2025-06-09",1,17.77,-1.78,0,15.99,1.6,17.59
"High Diffusion Espresso Shower Screen","LM - HD Shower Screen","PSD-HD-LM","2025-06-01","United States","2025-06-16",2,110,0,0,110,0,110
"Magnetic Espresso Dosing Ring","58mm Dosing Ring / Black","V2-PSDring-58mm","2025-06-01","Malaysia","2025-06-09",1,23.14,-3.47,0,19.67,0,19.67
"High Extraction He[%] Filter Baskets for a Fuller Coffee Experience","Pesado He[%] Basket - Large","PSD-HE-LG","2025-06-01","United States","2025-06-22",4,260,0,0,260,0,260
"Single-Dose Coffee Tubes (Bean Cellar 4-Pack)","Default Title","PSD-beantube","2025-06-01","Australia","2025-06-04",2,47.24,0,0,47.24,4.72,51.96
"Dosing Cup","58mm Dosing Cup / White","PSDdosingCup-WH","2025-06-01","Australia","2025-06-07",1,20.67,0,0,20.67,2.06,22.73
"High Extraction He[%] Filter Baskets for a Fuller Coffee Experience","Pesado He[%] Basket - Medium","PSD-HE-ME","2025-06-01","United Kingdom","2025-06-18",2,134.64,0,0,134.64,0,134.64
"High Diffusion Espresso Shower Screen","MV - HD Shower Screen","PSD-HD-MV","2025-06-01","Canada","2025-06-25",-1,0,0,-48.14,-48.14,0,-48.14
"53.5 & 58.5mm Puck Diffuser Screen","58.5mm","PSD-puck","2025-06-01","United States","2025-06-05",1,20,0,0,20,0,20
"Impact Gravity Espresso Grounds Distributor (58.4mm)","Black","V2-PSD-distributor","2025-06-01","Australia","2025-06-16",1,97.73,-86.39,0,11.34,1.13,12.47
"Bottomless LM/E61/NS/GA Portafilter (Hybrid)","E61 5mm / Black / Gold","PF00MV-BGD-HY","2025-06-01","Australia","2025-06-18",1,88.36,-13.25,0,75.11,7.51,82.62
"Dosing Cup","54mm Dosing Cup / White","PSDdosingCup-WH-54","2025-06-01","United States","2025-06-11",1,26.25,-6.56,0,19.69,0,19.69
"Portafilter with a Double Spout for Espresso Machines","La Marzocco / E61 / Black | Black","PF02LM-BBK","2025-06-01","Australia","2025-06-07",1,88.54,-8.85,0,79.69,7.97,87.66
"Impact Gravity Espresso Grounds Distributor (58.4mm)","Black","V2-PSD-distributor","2025-06-01","South Korea","2025-06-19",1,121.78,-12.18,0,109.6,0,109.6
"Bottomless LM/E61/NS/GA Portafilter (Hybrid)","Breville 54mm / Black / Riga","PF00BR54BK-Riga-HY","2025-06-01","Australia","2025-06-30",1,95.25,-9.52,0,85.73,8.57,94.3
"High Diffusion Espresso Shower Screen","E61 - HD Shower Screen","PSD-HD-E61","2025-06-01","Indonesia","2025-06-10",1,60.23,-6.02,0,54.21,0,54.21
"Espresso Shot Mirror","Default Title","PSDshot-mirror","2025-06-01","United States","2025-06-11",1,28,0,0,28,0,28
"53.5 & 58.5mm Puck Diffuser Screen","58.5mm","PSD-puck","2025-06-01","Canada","2025-06-25",-1,0,0,-17.51,-17.51,0,-17.51
"High Diffusion Espresso Shower Screen","MV - HD Shower Screen","PSD-HD-MV","2025-06-01","United States","2025-06-24",4,220,0,0,220,0,220
"High Diffusion Espresso Shower Screen","LM - HD Shower Screen","PSD-HD-LM","2025-06-01","Australia","2025-06-08",1,51.99,0,0,51.99,5.2,57.19
"High Diffusion Espresso Shower Screen","MV - HD Shower Screen","PSD-HD-MV","2025-06-01","Australia","2025-06-16",1,52.1,0,0,52.1,5.21,57.31
"Bottomless LM/E61/NS/GA Portafilter (Hybrid)","E61 5mm / Black / Silver","PF00MV-BSL-HY","2025-06-01","United States","2025-06-03",1,112,-11.2,0,100.8,0,100.8
"High Extraction He[%] Filter Baskets for a Fuller Coffee Experience","Pesado He[%] Basket - Large","PSD-HE-LG","2025-06-01","United States","2025-06-06",4,260,-22.75,0,237.25,0,237.25
"Hybrid Breville 54/58mm Portafilter - Versatile and Easy to Use","Breville 54 / Black | Dusk","PF02BR54-BDK-HY","2025-06-01","Australia","2025-06-22",1,108.49,0,0,108.49,10.85,119.34
"High Diffusion Espresso Shower Screen","E61 - HD Shower Screen","PSD-HD-E61","2025-06-01","Australia","2025-06-16",6,393.33,-19.62,-56.38,317.33,31.75,349.08
"High Extraction He[%] Filter Baskets for a Fuller Coffee Experience","Pesado He[%] Basket - Medium","PSD-HE-ME","2025-06-01","Japan","2025-06-13",4,267.28,-133.64,0,133.64,0,133.64
"Magnetic Espresso Dosing Ring","58mm Dosing Ring / Black","V2-PSDring-58mm","2025-06-01","Australia","2025-06-15",1,19.76,0,0,19.76,1.98,21.74
"Pesado 58.5 Portafilter Hybrid Head - Versatile & Easy to Use","E61 5mm Hybrid","PFH02MV-HY","2025-06-01","United States","2025-06-18",1,92.5,0,0,92.5,0,92.5
"High Extraction He[%] Filter Baskets for a Fuller Coffee Experience","Pesado He[%] Basket - Small","PSD-HE-SM","2025-06-01","United States","2025-06-02",1,65,-6.5,0,58.5,0,58.5
"High Diffusion Espresso Shower Screen","E61 - HD Shower Screen","PSD-HD-E61","2025-06-01","United States","2025-06-03",4,413,-5.9,-171.1,236,0,236
"High Extraction He[%] Filter Baskets for a Fuller Coffee Experience","Pesado He[%] Basket - X-Large","PSD-HE-XL","2025-06-01","Australia","2025-06-29",2,101.04,0,0,101.04,10.1,111.14
"Pesado Portafilter Tamping Station","Default Title","PSD-TampingStation","2025-06-01","Australia","2025-06-11",3,319.57,-10.65,0,308.92,30.89,339.81
"High Extraction He[%] 54mm Breville Filter Basket - Dosing 18g-20g","Default Title","PSD-HE-54","2025-06-01","United States","2025-06-17",2,130,-13,0,117,0,117
"High Extraction He[%] Filter Baskets for a Fuller Coffee Experience","Pesado He[%] Basket - X-Large","PSD-HE-XL","2025-06-01","United States","2025-06-27",1,59.77,0,0,59.77,5.23,65
"Coffee Tamper: 58.5mm & 53.5mm","58.5mm / Black / Gold","PSDTMBGd","2025-06-01","Australia","2025-06-18",1,70.68,-10.59,0,60.09,6.01,66.1
"High Extraction He[%] Filter Baskets for a Fuller Coffee Experience","Pesado He[%] Basket - Medium","PSD-HE-ME","2025-06-01","Australia","2025-06-12",1,50.09,0,0,50.09,5.01,55.1
"Crusher Threaded Pin Assembly for DIY WDT Tool","4 pack of WDT pins","PSD-removablepins","2025-06-01","Australia","2025-06-16",4,2.37,0,0,2.37,0.23,2.6
"Distribution Bundle","54mm Distribution Bundle / Black","DISTR_B_54mm","2025-06-01","United States","2025-06-28",1,137.99,0,0,137.99,0,137.99
"High Extraction He[%] Filter Baskets for a Fuller Coffee Experience","Pesado He[%] Basket - Medium","PSD-HE-ME","2025-06-01","United States","2025-06-11",3,195,0,0,195,0,195
"High Diffusion Espresso Shower Screen","LM - HD Shower Screen","PSD-HD-LM","2025-06-01","Malaysia","2025-06-12",1,56.32,0,0,56.32,0,56.32
"Pesado EP Filter Basket","EP-Breville54-20g","EP-BR-20g","2025-06-01","United States","2025-06-01",1,18.1,-1.81,0,16.29,1.71,18
"Pesado EP Filter Basket","EP-20g","EP-20g","2025-06-01","United States","2025-06-03",2,60,0,-20,40,0,40
"Metallic Stainless Steel Leva Accents","Black","V2-PSDleva-black","2025-06-01","United States","2025-06-22",1,20.4,-3.06,0,17.34,0,17.34
"High Extraction He[%] 54mm Breville Filter Basket - Dosing 18g-20g","Default Title","PSD-HE-54","2025-06-01","United States","2025-06-01",1,58.82,-5.88,0,52.94,5.56,58.5
"High Diffusion Espresso Shower Screen","E61 - HD Shower Screen","PSD-HD-E61","2025-06-01","New Zealand","2025-06-23",1,61.56,-9.23,0,52.33,0,52.33
"Crusher Threaded Pin Assembly for DIY WDT Tool","WDT pin assembly (0.3mm)","PSD-PinUP","2025-06-01","United States","2025-06-25",1,14,-1.4,0,12.6,0,12.6
"Pesado Portafilter Tamping Station","Default Title","PSD-TampingStation","2025-06-01","Australia","2025-06-27",1,107.25,0,0,107.25,10.72,117.97
"High Diffusion Espresso Shower Screen","E61 - HD Shower Screen","PSD-HD-E61","2025-06-01","United States","2025-06-19",4,236,0,0,236,0,236
"Hybrid Breville 54/58mm Portafilter - Versatile and Easy to Use","Breville 58 / White | Iris","PF02BR58WH-Iris-HY","2025-06-01","Australia","2025-06-21",1,114.31,-17.14,0,97.17,9.72,106.89
"Pesado EP Filter Basket","EP-Breville54-20g","EP-BR-20g","2025-06-01","Australia","2025-06-18",1,17.7,0,0,17.7,1.77,19.47
"Pesado Black Ripple Set","58mm Dosing Cup","PSDdosingCup-BK","2025-06-01","Australia","2025-06-25",1,20.61,-3.09,0,17.52,1.75,19.27
"High Extraction He[%] Filter Baskets for a Fuller Coffee Experience","Pesado He[%] Basket - Medium","PSD-HE-ME","2025-06-01","United States","2025-06-27",1,65,-9.75,0,55.25,0,55.25
"53.5 & 58.5mm Puck Diffuser Screen","53.5mm","PSD-puck-54","2025-06-01","United States","2025-06-25",2,40,0,0,40,0,40
"Naked/Bottomless Portafilter - Head Only (HYBRID)","Nuova Simonelli","PFH00NS-HY","2025-06-01","Australia","2025-06-11",2,112.12,-16.81,0,95.31,9.53,104.84
"High Diffusion Espresso Shower Screen","MV - HD Shower Screen","PSD-HD-MV","2025-06-01","Hong Kong","2025-06-25",1,56.18,0,0,56.18,0,56.18
"Bottomless LM/E61/NS/GA Portafilter (Hybrid)","Breville 54mm / Black / Black","PF00BR54-BBK-HY","2025-06-01","Australia","2025-06-05",1,88.75,-8.87,0,79.88,7.99,87.87
"High Extraction He[%] Filter Baskets for a Fuller Coffee Experience","Pesado He[%] Basket - X-Large","PSD-HE-XL","2025-06-01","United States","2025-06-08",-1,0,0,-65,-65,0,-65
"High Extraction He[%] 54mm Breville Filter Basket - Dosing 18g-20g","Default Title","PSD-HE-54","2025-06-01","United States","2025-06-14",1,65,0,0,65,0,65
"High Extraction He[%] Filter Baskets for a Fuller Coffee Experience","Pesado He[%] Basket - X-Large","PSD-HE-XL","2025-06-01","Australia","2025-06-02",2,110.13,-8.27,0,101.86,0,101.86
"Hybrid Breville 54/58mm Portafilter - Versatile and Easy to Use","Breville 54 / Raya","PF02BR54-Raya-HY","2025-06-01","United States","2025-06-30",1,145,0,0,145,0,145
"High Extraction He[%] Filter Baskets for a Fuller Coffee Experience","Pesado He[%] Basket - Medium","PSD-HE-ME","2025-06-01","Australia","2025-06-23",2,98.99,0,0,98.99,9.9,108.89
"Gravity Coffee Distributor 53.5mm","54 mm","PSD-distributor-54m","2025-06-01","Australia","2025-06-05",1,88.76,-17.75,0,71.01,7.1,78.11
"Pesado Single Dose Coffee Cellar Stand + 4 Pack of Bean Cellars","Default Title","PSD-Beanstand-combo","2025-06-01","Australia","2025-06-27",1,58.1,0,0,58.1,5.81,63.91
"High Extraction He[%] Filter Baskets for a Fuller Coffee Experience","Pesado He[%] Basket - Medium","PSD-HE-ME","2025-06-01","Germany","2025-06-10",1,67.36,0,0,67.36,0,67.36
"Coffee Tamper: 58.5mm & 53.5mm","58.5mm With Black Base / Black / Black","PSDT-BKBase-BBK","2025-06-01","Australia","2025-06-29",1,71.27,-7.12,0,64.15,6.42,70.57
"Dusk & Haze Leva Accents","Haze","PSDleva-haze","2025-06-01","United States","2025-06-25",1,20.4,-2.04,0,18.36,0,18.36
"Pesado Black Ripple Set","Black Ripple Set","PSDBlackRippleSet","2025-06-01","Taiwan","2025-06-14",1,61.87,0,0,61.87,0,61.87
"Stand for (WDT) Clump Crusher 2.0","Default Title","V2-PSDcrusher-Stand","2025-06-01","Australia","2025-06-07",1,16.88,0,0,16.88,1.69,18.57
"High Extraction He[%] Filter Baskets for a Fuller Coffee Experience","Pesado He[%] Basket - Medium","PSD-HE-ME","2025-06-01","United States","2025-06-24",2,130,-9.75,0,120.25,0,120.25
"Wooden Clump Crusher - WDT Distribution Tool for Fluffy Espresso Puck","Raya","PSDcrusherRAYA","2025-06-01","United States","2025-06-11",0,34.35,0,-29.19,5.16,0,5.16
"Naked/Bottomless Portafilter - Head Only (HYBRID)","E61 5mm","PFH00MV-HY","2025-06-01","United Kingdom","2025-06-07",1,68.99,-10.35,0,58.64,0,58.64
"Pesado Black Ripple Set","Precision Barista Jug Sharp Spout","PSDjug-BK","2025-06-01","United States","2025-06-28",1,34.35,0,0,34.35,0,34.35
"High Extraction He[%] Filter Baskets for a Fuller Coffee Experience","Pesado He[%] Basket - Small","PSD-HE-SM","2025-06-01","Netherlands","2025-06-22",1,66.5,0,0,66.5,0,66.5
"Bottomless LM/E61/NS/GA Portafilter (Hybrid)","La Marzocco 6mm / Black / Dusk","PF00LM-BDK-HY","2025-06-01","Australia","2025-06-26",1,89.25,0,0,89.25,8.93,98.18
"High Diffusion Espresso Shower Screen","E61 - HD Shower Screen","PSD-HD-E61","2025-06-01","United States","2025-06-16",8,472,-11.8,0,460.2,0,460.2
"High Extraction He[%] Filter Baskets for a Fuller Coffee Experience","Pesado He[%] Basket - X-Large","PSD-HE-XL","2025-06-01","Australia","2025-06-18",1,50.06,-7.5,0,42.56,4.26,46.82
"Magnetic Espresso Dosing Ring","58mm Dosing Ring / Black","V2-PSDring-58mm","2025-06-01","Australia","2025-06-04",3,59.18,0,0,59.18,5.92,65.1
"Hybrid Breville 54/58mm Portafilter - Versatile and Easy to Use","Breville 54 / Black | Black","PF02BR54-BBK-HY","2025-06-01","United States","2025-06-08",1,137,0,0,137,0,137
"Pesado Portafilter Tamping Station","Default Title","PSD-TampingStation","2025-06-01","Australia","2025-06-08",1,106.12,-10.6,0,95.52,9.55,105.07
"High Extraction He[%] Filter Baskets for a Fuller Coffee Experience","Pesado He[%] Basket - Large","PSD-HE-LG","2025-06-01","Sweden","2025-06-23",1,66.39,-9.96,0,56.43,0,56.43
"Bottomless LM/E61/NS/GA Portafilter (Hybrid)","Nuova Simonelli / Black / Bronze","PF00NS-BBZ-HY","2025-06-01","United States","2025-06-08",1,112,0,0,112,0,112
"Coffee Tamper: 58.5mm & 53.5mm","58.5mm With Black Base / White / Black","PSDT-BKBase-WBK","2025-06-01","Australia","2025-06-15",1,70.8,0,0,70.8,7.08,77.88
"High Extraction He[%] Filter Baskets for a Fuller Coffee Experience","Pesado He[%] Basket - Small","PSD-HE-SM","2025-06-01","Switzerland","2025-06-11",1,66.9,-6.69,0,60.21,0,60.21
"53.5 & 58.5mm Puck Diffuser Screen","53.5mm","PSD-puck-54","2025-06-01","Australia","2025-06-30",1,16.37,-1.63,0,14.74,1.47,16.21
"High Extraction He[%] Filter Baskets for a Fuller Coffee Experience","Pesado He[%] Basket - Medium","PSD-HE-ME","2025-06-01","United States","2025-06-08",3,195,-74.75,0,120.25,0,120.25
"53.5 & 58.5mm Puck Diffuser Screen","53.5mm","PSD-puck-54","2025-06-01","United States","2025-06-06",2,40,-2,0,38,0,38
"Pesado EP Filter Basket","EP-Breville54-20g","EP-BR-20g","2025-06-01","United States","2025-06-14",1,20,0,0,20,0,20
"Pesado Black Ripple Set","Precision Barista Jug Sharp Spout","PSDjug-BK","2025-06-01","United States","2025-06-12",1,34.35,0,0,34.35,0,34.35
"Bottomless LM/E61/NS/GA Portafilter (Hybrid)","E61 5mm / Black Full POM","PF00MV-FullPOM-HY","2025-06-01","Australia","2025-06-09",1,65.2,0,0,65.2,6.52,71.72
"High Diffusion Espresso Shower Screen","LM - HD Shower Screen","PSD-HD-LM","2025-06-01","Qatar","2025-06-09",1,56.25,0,0,56.25,0,56.25
"Pesado Single Dose Coffee Cellar Stand + 4 Pack of Bean Cellars","Default Title","PSD-Beanstand-combo","2025-06-01","United States","2025-06-01",1,75,0,0,75,0,75
"High Extraction He[%] Filter Baskets for a Fuller Coffee Experience","Pesado He[%] Basket - Medium","PSD-HE-ME","2025-06-01","Australia","2025-06-11",1,50.33,0,0,50.33,5.03,55.36
"Bottomless LM/E61/NS/GA Portafilter (Hybrid)","E61 5mm / Black / Silver","PF00MV-BSL-HY","2025-06-01","Australia","2025-06-30",1,89.04,0,0,89.04,8.91,97.95
"Spring-Loaded Self-Leveling Tamper – Pesado x AD Coffee","Default Title","PSD-ADcoffee-Tamper","2025-06-01","Taiwan","2025-06-14",1,127.02,0,0,127.02,0,127.02
"Stainless Steel Clump Crusher V2.0 (WDT espresso distribution tool)","Black","V2-PSDcrusher-Black","2025-06-01","United States","2025-06-26",2,68.7,0,0,68.7,0,68.7
"High Extraction He[%] Filter Baskets for a Fuller Coffee Experience","Pesado He[%] Basket - X-Large","PSD-HE-XL","2025-06-01","United States","2025-06-28",5,325,-13,0,312,0,312
"High Extraction He[%] Filter Baskets for a Fuller Coffee Experience","Pesado He[%] Basket - X-Large","PSD-HE-XL","2025-06-01","Australia","2025-06-30",1,50.84,0,0,50.84,5.09,55.93
"High Diffusion Espresso Shower Screen","E61 - HD Shower Screen","PSD-HD-E61","2025-06-01","United States","2025-06-04",7,461.25,0,-53.49,407.76,5.24,413
"Pesado EP Filter Basket","EP-Breville54-18g","EP-BR-18g","2025-06-01","United States","2025-06-14",1,20,0,0,20,0,20
"Crusher Threaded Pin Assembly for DIY WDT Tool","WDT pin assembly (0.3mm)","PSD-PinUP","2025-06-01","Poland","2025-06-20",2,28.54,-4.28,0,24.26,0,24.26
"Bottomless LM/E61/NS/GA Portafilter (Hybrid)","La Marzocco 6mm / Black / Silver","PF00LM-BSL-HY","2025-06-01","United States","2025-06-30",1,112,-11.2,0,100.8,0,100.8
"Pesado 58.5 Portafilter Hybrid Head - Versatile & Easy to Use","La Marzocco 6mm Hybrid","PFH02LM-HY","2025-06-01","United States","2025-06-15",1,92.5,0,0,92.5,0,92.5
"Wooden Clump Crusher - WDT Distribution Tool for Fluffy Espresso Puck","Iris","PSDcrusherIRIS","2025-06-01","Australia","2025-06-25",1,26.08,0,0,26.08,2.61,28.69
"Hybrid LM/E61/NS/GA Portafilter - Versatile Bottomless & Spouted","E61 5mm / Black | Bronze","PF02MV-BBZ-HY","2025-06-01","Australia","2025-06-16",1,109.58,0,0,109.58,10.96,120.54
"High Extraction He[%] Filter Baskets for a Fuller Coffee Experience","Pesado He[%] Basket - Small","PSD-HE-SM","2025-06-01","Australia","2025-06-04",1,50.17,0,0,50.17,5.02,55.19
"High Extraction He[%] Filter Baskets for a Fuller Coffee Experience","Pesado He[%] Basket - Medium","PSD-HE-ME","2025-06-01","Germany","2025-06-22",1,66.77,-6.67,0,60.1,0,60.1
"High Diffusion Espresso Shower Screen","E61 - HD Shower Screen","PSD-HD-E61","2025-06-01","Kuwait","2025-06-08",1,59,0,0,59,0,59
"Modular Puck Screen Holder - Aluminum Matte Black","Default Title","PSD-PuckHolder","2025-06-01","Australia","2025-06-09",2,35.54,-1.78,0,33.76,3.38,37.14
"High Extraction He[%] Filter Baskets for a Fuller Coffee Experience","Pesado He[%] Basket - Medium","PSD-HE-ME","2025-06-01","United States","2025-06-12",2,130,0,0,130,0,130
"Coffee Tamper: 58.5mm & 53.5mm","58.5mm With Black Base / Black / Black","PSDT-BKBase-BBK","2025-06-01","Philippines","2025-06-29",1,91.92,0,0,91.92,0,91.92
"Dusk & Haze Clump Crusher (WDT tool)","Dusk","PSDcrusher-Dusk","2025-06-01","United States","2025-06-01",1,34.35,0,0,34.35,0,34.35
"Wooden Clump Crusher - WDT Distribution Tool for Fluffy Espresso Puck","Riga","PSDcrusherRIGA","2025-06-01","Australia","2025-06-10",1,26.11,0,0,26.11,2.61,28.72
"High Extraction He[%] Filter Baskets for a Fuller Coffee Experience","Pesado He[%] Basket - Medium","PSD-HE-ME","2025-06-01","Australia","2025-06-27",1,50.53,0,0,50.53,5.05,55.58
"Hybrid LM/E61/NS/GA Portafilter - Versatile Bottomless & Spouted","E61 5mm / Black | Silver","PF02MV-BSL-HY","2025-06-01","Australia","2025-06-18",1,109.43,-21.88,0,87.55,8.76,96.31
"Pesado Portafilter Tamping Station","Default Title","PSD-TampingStation","2025-06-01","Australia","2025-06-28",1,106.87,0,0,106.87,10.69,117.56
"Bottomless LM/E61/NS/GA Portafilter (Hybrid)","E61 5mm / Black / Black","PF00MV-BBK-HY","2025-06-01","Australia","2025-06-13",1,88.56,0,0,88.56,8.86,97.42
"High Diffusion Espresso Shower Screen","E61 - HD Shower Screen","PSD-HD-E61","2025-06-01","United States","2025-06-20",4,236,-17.7,0,218.3,0,218.3
"High Extraction He[%] Filter Baskets for a Fuller Coffee Experience","Pesado He[%] Basket - X-Large","PSD-HE-XL","2025-06-01","United States","2025-06-12",1,65,0,0,65,0,65
"High Extraction He[%] 54mm Breville Filter Basket - Dosing 18g-20g","Default Title","PSD-HE-54","2025-06-01","United States","2025-06-02",2,130,0,0,130,0,130
"Pesado 58.5 Portafilter Hybrid Head - Versatile & Easy to Use","La Marzocco 6mm Hybrid","PFH02LM-HY","2025-06-01","Taiwan","2025-06-14",2,194.3,0,0,194.3,0,194.3
"Hybrid LM/E61/NS/GA Portafilter - Versatile Bottomless & Spouted","E61 5mm / Black Full Pom","PF02MV-FullPOM-HY","2025-06-01","Singapore","2025-06-22",-1,0,0,-117.75,-117.75,0,-117.75
"Stand for (WDT) Clump Crusher 2.0","Default Title","V2-PSDcrusher-Stand","2025-06-01","Australia","2025-06-11",1,16.88,-2.52,0,14.36,1.43,15.79
"High Diffusion Espresso Shower Screen","E61 - HD Shower Screen","PSD-HD-E61","2025-06-01","Canada","2025-06-05",1,60.72,0,0,60.72,0,60.72
"High Extraction He[%] Filter Baskets for a Fuller Coffee Experience","Pesado He[%] Basket - Medium","PSD-HE-ME","2025-06-01","Taiwan","2025-06-06",1,69.17,-10.38,0,58.79,0,58.79
"High Extraction He[%] Filter Baskets for a Fuller Coffee Experience","Pesado He[%] Basket - Medium","PSD-HE-ME","2025-06-01","United States","2025-06-28",3,195,0,0,195,0,195
"Modular Puck Screen Holder - Aluminum Matte Black","Default Title","PSD-PuckHolder","2025-06-01","Australia","2025-06-25",1,17.72,0,0,17.72,1.77,19.49
"Crusher Threaded Pin Assembly for DIY WDT Tool","4 pack of WDT pins","PSD-removablepins","2025-06-01","Australia","2025-06-20",3,1.75,0,0,1.75,0.18,1.93
"Wooden Clump Crusher - WDT Distribution Tool for Fluffy Espresso Puck","Riga","PSDcrusherRIGA","2025-06-01","Taiwan","2025-06-14",1,36.64,0,0,36.64,0,36.64
"Wooden Clump Crusher - WDT Distribution Tool for Fluffy Espresso Puck","Riga","PSDcrusherRIGA","2025-06-01","Australia","2025-06-05",1,26.03,-5.2,0,20.83,2.08,22.91
"Pesado Single Dose Coffee Cellar Stand + 4 Pack of Bean Cellars","Default Title","PSD-Beanstand-combo","2025-06-01","United States","2025-06-30",1,75,-11.25,0,63.75,0,63.75
"Sunrise Ceramic Coffee Cup and Saucer Set (White)","Default Title","PSD-CeramicSet","2025-06-01","Qatar","2025-06-09",1,10.43,0,0,10.43,0,10.43
"High Extraction He[%] Filter Baskets for a Fuller Coffee Experience","Pesado He[%] Basket - X-Large","PSD-HE-XL","2025-06-01","United States","2025-06-07",1,65,0,0,65,0,65
"Coffee Tamper: 58.5mm & 53.5mm","58.5mm / Black / Gold","PSDTMBGd","2025-06-01","Australia","2025-06-14",1,70.8,-7.08,0,63.72,6.37,70.09
"Modular Portafilter Handles","Black / Silver","PSDHMODBSL","2025-06-01","Australia","2025-06-17",1,47.55,0,0,47.55,4.75,52.3
"High Extraction He[%] Filter Baskets for a Fuller Coffee Experience","Pesado He[%] Basket - X-Large","PSD-HE-XL","2025-06-01","Australia","2025-06-01",1,54.7,0,0,54.7,0,54.7
"Pesado 58.5 Portafilter Hybrid Head - Versatile & Easy to Use","Breville 54mm Hybrid Attachment Only","PSDHY-BR","2025-06-01","Australia","2025-06-26",1,20.83,0,0,20.83,2.08,22.91
"Stand for (WDT) Clump Crusher 2.0","Default Title","V2-PSDcrusher-Stand","2025-06-01","Australia","2025-06-08",1,16.88,0,0,16.88,1.69,18.57
"High Extraction He[%] Filter Baskets for a Fuller Coffee Experience","Pesado He[%] Basket - Medium","PSD-HE-ME","2025-06-01","United States","2025-06-23",1,65,0,0,65,0,65
"53.5 & 58.5mm Puck Diffuser Screen","53.5mm","PSD-puck-54","2025-06-01","United States","2025-06-21",1,20,0,0,20,0,20
"High Diffusion Espresso Shower Screen","E61 - HD Shower Screen","PSD-HD-E61","2025-06-01","Austria","2025-06-17",1,60.91,0,0,60.91,0,60.91
"Pesado Black Ripple Set","Black Ripple Set","PSDBlackRippleSet","2025-06-01","Australia","2025-06-04",1,52.45,-5.24,0,47.21,4.72,51.93
"High Diffusion Espresso Shower Screen","LM - HD Shower Screen","PSD-HD-LM","2025-06-01","United Kingdom","2025-06-18",2,112.68,0,0,112.68,0,112.68
"Single-Dose Coffee Tubes (Bean Cellar 4-Pack)","Default Title","PSD-beantube","2025-06-01","United States","2025-06-28",1,27,0,0,27,0,27
"Pesado Black Ripple Set","Black Ripple Set","PSDBlackRippleSet","2025-06-01","United States","2025-06-26",1,51.51,-5.15,0,46.36,0,46.36
"Magnetic Espresso Dosing Ring","58mm Dosing Ring / Black","V2-PSDring-58mm","2025-06-01","Australia","2025-06-03",1,19.71,-2.95,0,16.76,1.68,18.44
"High Extraction He[%] Filter Baskets for a Fuller Coffee Experience","Pesado He[%] Basket - Small","PSD-HE-SM","2025-06-01","United States","2025-06-14",2,130,0,0,130,0,130
"High Diffusion Espresso Shower Screen","E61 - HD Shower Screen","PSD-HD-E61","2025-06-01","United States","2025-06-15",8,586.66,-8.85,-109.15,468.66,3.34,472
"Pesado EP Filter Basket","EP-Breville54-18g","EP-BR-18g","2025-06-01","United States","2025-06-01",1,18.1,-1.81,0,16.29,1.71,18
,"",,"2025-06-01","Australia","2025-06-16",1,56.25,0,0,56.25,5.62,61.87
"Pesado EP Filter Basket","EP-20g","EP-20g","2025-06-01","Belgium","2025-06-11",10,205.3,0,0,205.3,0,205.3
"High Extraction He[%] Filter Baskets for a Fuller Coffee Experience","Pesado He[%] Basket - Medium","PSD-HE-ME","2025-06-01","United States","2025-06-07",4,260,-22.75,0,237.25,0,237.25
"Pesado EP Filter Basket","EP-18g","EP-18g","2025-06-01","Australia","2025-06-21",1,17.59,0,0,17.59,1.76,19.35
"High Diffusion Espresso Shower Screen","MV - HD Shower Screen","PSD-HD-MV","2025-06-01","Australia","2025-06-04",4,207.59,-7.77,0,199.82,19.97,219.79
"High Diffusion Espresso Shower Screen","LM - HD Shower Screen","PSD-HD-LM","2025-06-01","Australia","2025-06-12",1,52.25,0,0,52.25,5.22,57.47
"High Diffusion Espresso Shower Screen","MV - HD Shower Screen","PSD-HD-MV","2025-06-01","United States","2025-06-28",6,330,0,0,330,0,330
"Dosing Bundle","Black","DOSING_B","2025-06-01","United States","2025-06-26",1,44.62,0,0,44.62,0,44.62
"Stainless Steel Milk Jug With Round Spout - 16.5oz / 490ml","Default Title","PSDjugWH","2025-06-01","United States","2025-06-18",1,34.35,-3.43,0,30.92,0,30.92
"High Diffusion Espresso Shower Screen","LM - HD Shower Screen","PSD-HD-LM","2025-06-01","United States","2025-06-20",5,275,0,0,275,0,275
"Maximum Distribution Bundle","Black","DistributionBundle","2025-06-01","Australia","2025-06-27",1,155.02,0,0,155.02,15.5,170.52
"Bottomless LM/E61/NS/GA Portafilter (Hybrid)","E61 5mm / Black / Dusk","PF00MV-BDK-HY","2025-06-01","Australia","2025-06-08",1,88.54,0,0,88.54,8.86,97.4
"Espresso Shot Mirror","Default Title","PSDshot-mirror","2025-06-01","United States","2025-06-07",1,28,-2.8,0,25.2,0,25.2
"Impact Gravity Espresso Grounds Distributor (58.4mm)","Black","V2-PSD-distributor","2025-06-01","United States","2025-06-28",2,240,0,0,240,0,240
"Magnetic Espresso Dosing Ring","58mm Dosing Ring / Black","V2-PSDring-58mm","2025-06-01","United States","2025-06-21",1,22.5,0,0,22.5,0,22.5
"Crusher Threaded Pin Assembly for DIY WDT Tool","4 pack of WDT pins","PSD-removablepins","2025-06-01","United States","2025-06-14",7,7,0,0,7,0,7
"High Diffusion Espresso Shower Screen","E61 - HD Shower Screen","PSD-HD-E61","2025-06-01","Israel","2025-06-11",1,60.19,0,0,60.19,0,60.19
"Stainless Steel Clump Crusher V2.0 (WDT espresso distribution tool)","Bronze","V2-PSDcrusher-Bronze","2025-06-01","United States","2025-06-23",1,34.35,-3.43,0,30.92,0,30.92
"53.5 & 58.5mm Puck Diffuser Screen","58.5mm","PSD-puck","2025-06-01","United States","2025-06-25",2,40,0,0,40,0,40
"High Diffusion Espresso Shower Screen","E61 - HD Shower Screen","PSD-HD-E61","2025-06-01","Australia","2025-06-04",2,112.23,0,0,112.23,11.23,123.46
"Coffee Tamper: 58.5mm & 53.5mm","58.5mm / Black / Dusk","PSDTMBDk","2025-06-01","Canada","2025-06-01",1,99.71,0,0,99.71,0,99.71
"Precision Espresso Portafilter & Basket Bundle - LM & E61","E61 5mm / Black","PRE_SETMV","2025-06-01","Australia","2025-06-28",1,136.27,0,0,136.27,13.62,149.89
"Depth Adjuster","Default Title","PSdepth","2025-06-01","Taiwan","2025-06-14",1,47.85,0,0,47.85,0,47.85
"Bottomless LM/E61/NS/GA Portafilter (Hybrid)","E61 5mm / Black / Dusk","PF00MV-BDK-HY","2025-06-01","Canada","2025-06-01",1,123,0,0,123,0,123
"High Diffusion Espresso Shower Screen","MV - HD Shower Screen","PSD-HD-MV","2025-06-01","Australia","2025-06-20",9,465.73,-5.17,0,460.56,46.06,506.62
"Alloy Modular Stand for Clump Crusher (WDT tool)","Default Title","PSDcrusher-Stand","2025-06-01","United States","2025-06-18",1,18,0,0,18,0,18
"High Diffusion Espresso Shower Screen","LM - HD Shower Screen","PSD-HD-LM","2025-06-01","United States","2025-06-04",3,165,0,0,165,0,165
"Pesado Portafilter Tamping Station","Default Title","PSD-TampingStation","2025-06-01","United States","2025-06-20",1,119.99,0,0,119.99,0,119.99
"Pesado EP Filter Basket","EP-18g","EP-18g","2025-06-01","Australia","2025-06-05",1,17.75,-2.66,0,15.09,1.51,16.6
"High Extraction He[%] Filter Baskets for a Fuller Coffee Experience","Pesado He[%] Basket - Large","PSD-HE-LG","2025-06-01","Australia","2025-06-01",1,54.7,0,0,54.7,0,54.7
"High Diffusion Espresso Shower Screen","MV - HD Shower Screen","PSD-HD-MV","2025-06-01","United States","2025-06-12",6,330,0,0,330,0,330
"Spring-Loaded Self-Leveling Tamper – Pesado x AD Coffee","Default Title","PSD-ADcoffee-Tamper","2025-06-01","Australia","2025-06-03",1,105.93,-15.89,0,90.04,9,99.04
"53.5 & 58.5mm Puck Diffuser Screen","58.5mm","PSD-puck","2025-06-01","Singapore","2025-06-05",1,21.02,0,0,21.02,0,21.02
"High Diffusion Espresso Shower Screen","LM - HD Shower Screen","PSD-HD-LM","2025-06-01","Australia","2025-06-28",4,208.99,0,0,208.99,20.89,229.88
"Espresso Shot Mirror","Default Title","PSDshot-mirror","2025-06-01","United States","2025-06-23",2,53.87,-6.68,0,47.19,1.81,49
"Spring-Loaded Self-Leveling Tamper – Pesado x AD Coffee","Default Title","PSD-ADcoffee-Tamper","2025-06-01","United States","2025-06-03",1,120,-18,0,102,0,102
"Dosing Cup","54mm Dosing Cup / White","PSDdosingCup-WH-54","2025-06-01","United States","2025-06-23",1,26.25,-2.63,0,23.62,0,23.62
"High Diffusion Espresso Shower Screen","MV - HD Shower Screen","PSD-HD-MV","2025-06-01","Canada","2025-06-21",1,56.79,0,0,56.79,0,56.79
"Pesado EP Filter Basket","EP-22g","EP-22g","2025-06-01","Australia","2025-06-29",1,17.8,-2.68,0,15.12,1.52,16.64
"Modular Portafilter Handles","Black / Black","PSDHMODBBK","2025-06-01","Australia","2025-06-15",1,47.19,0,0,47.19,4.72,51.91
"Stand for (WDT) Clump Crusher 2.0","Default Title","V2-PSDcrusher-Stand","2025-06-01","United States","2025-06-23",1,18,-1.8,0,16.2,0,16.2
"53.5 & 58.5mm Puck Diffuser Screen","58.5mm","PSD-puck","2025-06-01","United States","2025-06-09",1,20,-3,0,17,0,17
"53.5 & 58.5mm Puck Diffuser Screen","58.5mm","PSD-puck","2025-06-01","Australia","2025-06-01",1,17.7,0,0,17.7,0,17.7
"Coffee Tamper: 58.5mm & 53.5mm","53.5mm / Black / Silver","PSDT-53.5-BSL","2025-06-01","United States","2025-06-20",1,90,0,0,90,0,90
"Dosing Cup","58mm Dosing Cup / White","PSDdosingCup-WH","2025-06-01","Australia","2025-06-11",1,20.66,0,0,20.66,2.06,22.72
"High Extraction He[%] Filter Baskets for a Fuller Coffee Experience","Pesado He[%] Basket - Large","PSD-HE-LG","2025-06-01","United States","2025-06-26",1,65,-65,0,0,0,0
"High Diffusion Espresso Shower Screen","LM - HD Shower Screen","PSD-HD-LM","2025-06-01","Australia","2025-06-23",8,411.79,-10.29,0,401.5,40.15,441.65
"High Diffusion Espresso Shower Screen","MV - HD Shower Screen","PSD-HD-MV","2025-06-01","United States","2025-06-07",1,55,-5.5,0,49.5,0,49.5
"High Extraction He[%] Filter Baskets for a Fuller Coffee Experience","Pesado He[%] Basket - X-Large","PSD-HE-XL","2025-06-01","Singapore","2025-06-12",1,67.06,0,0,67.06,0,67.06
"High Diffusion Espresso Shower Screen","LM - HD Shower Screen","PSD-HD-LM","2025-06-01","United States","2025-06-15",4,220,-8.25,0,211.75,0,211.75
"Hybrid LM/E61/NS/GA Portafilter - Versatile Bottomless & Spouted","La Marzocco 6mm / Black | Black","PF02LM-BBK-HY","2025-06-01","United States","2025-06-22",1,137,-20.55,0,116.45,0,116.45
"Espresso Shot Mirror","Default Title","PSDshot-mirror","2025-06-01","United States","2025-06-28",1,28,0,0,28,0,28
"Depth Adjuster","Default Title","PSdepth","2025-06-01","United States","2025-06-28",1,45,0,0,45,0,45
"Impact Gravity Espresso Grounds Distributor (58.4mm)","Black","V2-PSD-distributor","2025-06-01","United States","2025-06-07",2,240,-18,0,222,0,222
"Dosing Cup","54mm Dosing Cup / White","PSDdosingCup-WH-54","2025-06-01","United States","2025-06-28",2,52.5,-13.12,0,39.38,0,39.38
"Portafilter with a Double Spout for Espresso Machines","Breville 54 / White | Iris","PF02BR54WH-Iris","2025-06-01","Australia","2025-06-20",1,94.37,0,0,94.37,9.44,103.81
"Bottomless LM/E61/NS/GA Portafilter (Hybrid)","Breville 54mm / White / Haze","PF00BR54-WHZ-HY","2025-06-01","United States","2025-06-10",1,120,0,0,120,0,120
"53.5 & 58.5mm Puck Diffuser Screen","58.5mm","PSD-puck","2025-06-01","United States","2025-06-06",2,40,0,0,40,0,40
"Portafilter with a Double Spout for Espresso Machines","La Marzocco / E61 / White Full Pom","PF02LM-WHPOM","2025-06-01","Australia","2025-06-02",1,71.31,0,0,71.31,0,71.31
"Magnetic Espresso Dosing Ring","58mm Dosing Ring / Black","V2-PSDring-58mm","2025-06-01","Thailand","2025-06-30",1,22.96,-2.3,0,20.66,0,20.66
"Bottomless LM/E61/NS/GA Portafilter (Hybrid)","Breville 58mm / White / Silver","PF00BR58-WSL-HY","2025-06-01","Australia","2025-06-09",1,88.96,-8.9,0,80.06,8,88.06
"Wooden Leva Accents","Riga","PSDleva-Riga","2025-06-01","United States","2025-06-25",1,20.4,-2.04,0,18.36,0,18.36
"Metallic Stainless Steel Leva Accents","Silver","V2-PSDleva-silver","2025-06-01","Taiwan","2025-06-14",1,20.83,0,0,20.83,0,20.83
"Pesado EP Filter Basket","EP-18g","EP-18g","2025-06-01","Australia","2025-06-26",3,53.49,-7.13,0,46.36,4.63,50.99
"High Diffusion Espresso Shower Screen","MV - HD Shower Screen","PSD-HD-MV","2025-06-01","Australia","2025-06-15",4,259.58,0,-46.57,213.01,21.29,234.3
"High Extraction He[%] Filter Baskets for a Fuller Coffee Experience","Pesado He[%] Basket - Large","PSD-HE-LG","2025-06-01","Australia","2025-06-30",-1,0,0,-45.38,-45.38,-4.53,-49.91
"High Diffusion Espresso Shower Screen","LM - HD Shower Screen","PSD-HD-LM","2025-06-01","Australia","2025-06-07",1,51.95,0,0,51.95,5.19,57.14
"High Diffusion Espresso Shower Screen","MV - HD Shower Screen","PSD-HD-MV","2025-06-01","United States","2025-06-23",10,550,-5.5,0,544.5,0,544.5
"Modular Puck Screen Holder - Aluminum Matte Black","Default Title","PSD-PuckHolder","2025-06-01","United States","2025-06-29",1,18,0,0,18,0,18
"Hybrid LM/E61/NS/GA Portafilter - Versatile Bottomless & Spouted","E61 5mm / Raya","PF02MVRaya-HY","2025-06-01","Switzerland","2025-06-05",1,148.91,-22.34,0,126.57,0,126.57
"High Diffusion Espresso Shower Screen","LM - HD Shower Screen","PSD-HD-LM","2025-06-01","United States","2025-06-29",3,165,0,0,165,0,165
"Alloy Modular Stand for Clump Crusher (WDT tool)","Default Title","PSDcrusher-Stand","2025-06-01","United States","2025-06-15",1,18,-1.8,0,16.2,0,16.2
"High Diffusion Espresso Shower Screen","MV - HD Shower Screen","PSD-HD-MV","2025-06-01","United States","2025-06-21",3,165,-8.25,0,156.75,0,156.75
"Spring-Loaded Self-Leveling Tamper – Pesado x AD Coffee","Default Title","PSD-ADcoffee-Tamper","2025-06-01","Australia","2025-06-30",1,107.07,0,0,107.07,10.7,117.77
"High Diffusion Espresso Shower Screen","MV - HD Shower Screen","PSD-HD-MV","2025-06-01","Australia","2025-06-13",2,103.67,0,0,103.67,10.36,114.03
"Bottomless LM/E61/NS/GA Portafilter (Hybrid)","E61 5mm / White / Iris","PF00MVWH-Iris-HY","2025-06-01","Australia","2025-06-11",1,94.42,0,0,94.42,9.44,103.86
"Impact Gravity Espresso Grounds Distributor (58.4mm)","Black","V2-PSD-distributor","2025-06-01","Australia","2025-06-13",2,194.9,0,0,194.9,19.49,214.39
"Dusk & Haze Clump Crusher (WDT tool)","Haze","PSDcrusher-Haze","2025-06-01","United States","2025-06-28",1,34.35,0,0,34.35,0,34.35
"High Diffusion Espresso Shower Screen","LM - HD Shower Screen","PSD-HD-LM","2025-06-01","Czech Republic","2025-06-12",2,112.22,0,0,112.22,0,112.22
"Maximum Distribution Bundle","Black","DistributionBundle","2025-06-01","Australia","2025-06-28",1,154.48,0,0,154.48,15.45,169.93
"Dosing Cup","54mm Dosing Cup / White","PSDdosingCup-WH-54","2025-06-01","United States","2025-06-10",1,26.25,-6.56,0,19.69,0,19.69
"Hybrid Breville 54/58mm Portafilter - Versatile and Easy to Use","Breville 54 / Black | Dusk","PF02BR54-BDK-HY","2025-06-01","United States","2025-06-21",1,145,-14.5,0,130.5,0,130.5
"Impact Gravity Espresso Grounds Distributor (58.4mm)","Black","V2-PSD-distributor","2025-06-01","United States","2025-06-21",1,120,0,0,120,0,120
"Espresso Shot Mirror","Default Title","PSDshot-mirror","2025-06-01","United States","2025-06-10",-1,0,0,-28,-28,0,-28
"Precision 58mm Breville Bundle: 58mm Portafilter & He[%] Basket","Black","PRE-BR58-SET","2025-06-01","United States","2025-06-23",1,171.7,-17.17,0,154.53,0,154.53
"Magnetic Espresso Dosing Ring","58mm Dosing Ring / Black","V2-PSDring-58mm","2025-06-01","United States","2025-06-28",1,22.5,0,0,22.5,0,22.5
"53.5 & 58.5mm Puck Diffuser Screen","58.5mm","PSD-puck","2025-06-01","Australia","2025-06-19",1,16.19,0,0,16.19,1.62,17.81
"Pesado 58.5 Portafilter Hybrid Head - Versatile & Easy to Use","La Marzocco 6mm Hybrid","PFH02LM-HY","2025-06-01","France","2025-06-11",1,95.28,-9.52,0,85.76,0,85.76
"53.5 & 58.5mm Puck Diffuser Screen","58.5mm","PSD-puck","2025-06-01","United States","2025-06-27",1,18.38,0,0,18.38,1.62,20
"High Diffusion Espresso Shower Screen","E61 - HD Shower Screen","PSD-HD-E61","2025-06-01","Australia","2025-06-02",5,280.09,-8.41,0,271.68,27.18,298.86
"Pesado EP Filter Basket","EP-Breville54-18g","EP-BR-18g","2025-06-01","Australia","2025-06-05",2,35.51,-7.1,0,28.41,2.84,31.25
"Precision Espresso Portafilter & Basket Bundle - LM & E61","La Marzocco 6mm / Black","PRE_SET","2025-06-01","France","2025-06-24",2,350.46,0,0,350.46,0,350.46
"Precision Espresso Portafilter & Basket Bundle - LM & E61","E61 5mm / Black","PRE_SETMV","2025-06-01","Australia","2025-06-26",1,136.75,0,0,136.75,13.67,150.42
"Coffee Tamper: 58.5mm & 53.5mm","58.5mm / Raya","PSDTWRaya","2025-06-01","Singapore","2025-06-05",1,99.67,0,0,99.67,0,99.67
"Dosing Bundle","Black","DOSING_B","2025-06-01","United States","2025-06-28",1,44.62,0,0,44.62,0,44.62
"High Diffusion Espresso Shower Screen","LM - HD Shower Screen","PSD-HD-LM","2025-06-01","United States","2025-06-18",1,55,0,0,55,0,55
"High Diffusion Espresso Shower Screen","MV - HD Shower Screen","PSD-HD-MV","2025-06-01","United States","2025-06-26",-2,55,0,-148.5,-93.5,0,-93.5
"High Diffusion Espresso Shower Screen","LM - HD Shower Screen","PSD-HD-LM","2025-06-01","Australia","2025-06-10",4,208.76,0,0,208.76,20.88,229.64
"High Extraction He[%] Filter Baskets for a Fuller Coffee Experience","Pesado He[%] Basket - Large","PSD-HE-LG","2025-06-01","Australia","2025-06-19",1,50.05,0,0,50.05,5.01,55.06
"Pesado Portafilter Tamping Station","Default Title","PSD-TampingStation","2025-06-01","United States","2025-06-02",2,239.98,-18,0,221.98,0,221.98
"High Diffusion Espresso Shower Screen","MV - HD Shower Screen","PSD-HD-MV","2025-06-01","Australia","2025-06-02",6,311.14,0,0,311.14,31.12,342.26
"53.5 & 58.5mm Puck Diffuser Screen","58.5mm","PSD-puck","2025-06-01","Canada","2025-06-23",1,21.04,0,0,21.04,0,21.04
"53.5 & 58.5mm Puck Diffuser Screen","58.5mm","PSD-puck","2025-06-01","Singapore","2025-06-23",1,21.06,0,0,21.06,0,21.06
"Pesado EP Filter Basket","EP-18g","EP-18g","2025-06-01","Australia","2025-06-23",1,17.52,0,0,17.52,1.75,19.27
"Impact Gravity Espresso Grounds Distributor (58.4mm)","Black","V2-PSD-distributor","2025-06-01","United States","2025-06-26",3,350.85,0,0,350.85,9.15,360
"Magnetic Espresso Dosing Ring","58mm Dosing Ring / Black","V2-PSDring-58mm","2025-06-01","United States","2025-06-23",3,65.78,-6.49,0,59.29,1.46,60.75
"Espresso Shot Mirror","Default Title","PSDshot-mirror","2025-06-01","Qatar","2025-06-09",1,28.81,0,0,28.81,0,28.81
"Bottomless LM/E61/NS/GA Portafilter (Hybrid)","Breville 58mm / Black Full POM","PF00BR58-FullPOM-HY","2025-06-01","Australia","2025-06-25",1,64.95,-9.74,0,55.21,5.52,60.73
"Hybrid LM/E61/NS/GA Portafilter - Versatile Bottomless & Spouted","E61 5mm / Black | Bronze","PF02MV-BBZ-HY","2025-06-01","United States","2025-06-14",1,137,0,0,137,0,137
"Dosing Cup","54mm Dosing Cup / Black","PSDdosingCup-BK-54","2025-06-01","Australia","2025-06-12",1,20.77,0,0,20.77,2.08,22.85
"Precision 58mm Breville Bundle: 58mm Portafilter & He[%] Basket","Black","PRE-BR58-SET","2025-06-01","United States","2025-06-28",1,171.7,0,0,171.7,0,171.7
"53.5 & 58.5mm Puck Diffuser Screen","58.5mm","PSD-puck","2025-06-01","United States","2025-06-11",4,80,0,0,80,0,80
"Pesado EP Filter Basket","EP-22g","EP-22g","2025-06-01","United States","2025-06-07",1,20,0,0,20,0,20
"High Diffusion Espresso Shower Screen","E61 - HD Shower Screen","PSD-HD-E61","2025-06-01","Australia","2025-06-18",2,112.4,-16.84,0,95.56,9.56,105.12
"Portafilter with a Double Spout for Espresso Machines","La Marzocco / E61 / Raya","PF02LMRaya","2025-06-01","Monaco","2025-06-27",1,122.89,0,0,122.89,0,122.89
"Bottomless LM/E61/NS/GA Portafilter (Hybrid)","E61 5mm / Black / Riga","PF00MVBK-Riga-HY","2025-06-01","Australia","2025-06-03",2,188.01,-14.12,0,173.89,17.39,191.28
"53.5 & 58.5mm Puck Diffuser Screen","58.5mm","PSD-puck","2025-06-01","Australia","2025-06-03",2,33.95,-5.09,0,28.86,1.38,30.24
"Hybrid Breville 54/58mm Portafilter - Versatile and Easy to Use","Breville 58 / Black | Black","PF02BR58-BBK-HY","2025-06-01","Australia","2025-06-03",1,108.69,0,0,108.69,10.87,119.56
"Modular Handle Set","Black | Black","PSDMODHSET-BBK","2025-06-01","Australia","2025-06-30",1,93.82,-14.07,0,79.75,7.97,87.72
"High Extraction He[%] Filter Baskets for a Fuller Coffee Experience","Pesado He[%] Basket - Large","PSD-HE-LG","2025-06-01","United States","2025-06-28",2,130,0,0,130,0,130
"Modular Puck Screen Holder - Aluminum Matte Black","Default Title","PSD-PuckHolder","2025-06-01","United States","2025-06-02",4,72,-3.6,0,68.4,0,68.4
"Bottomless LM/E61/NS/GA Portafilter (Hybrid)","Breville 58mm / Black / Iris","PF00BR58BK-Iris-HY","2025-06-01","United States","2025-06-10",1,120,0,0,120,0,120
"High Diffusion Espresso Shower Screen","LM - HD Shower Screen","PSD-HD-LM","2025-06-01","United States","2025-06-02",6,330,-11,0,319,0,319
"Precision Espresso Portafilter & Basket Bundle - LM & E61","E61 5mm / Black","PRE_SETMV","2025-06-01","United States","2025-06-01",1,202,0,0,202,0,202
"High Diffusion Espresso Shower Screen","MV - HD Shower Screen","PSD-HD-MV","2025-06-01","United States","2025-06-10",1,55,0,0,55,0,55
"High Diffusion Espresso Shower Screen","LM - HD Shower Screen","PSD-HD-LM","2025-06-01","Australia","2025-06-26",1,52.18,0,0,52.18,5.22,57.4
"High Extraction He[%] Filter Baskets for a Fuller Coffee Experience","Pesado He[%] Basket - Large","PSD-HE-LG","2025-06-01","Australia","2025-06-03",3,159.47,-7.5,0,151.97,4.25,156.22
"High Diffusion Espresso Shower Screen","MV - HD Shower Screen","PSD-HD-MV","2025-06-01","Australia","2025-06-18",6,311.57,0,0,311.57,31.16,342.73
"Dusk & Haze Clump Crusher (WDT tool)","Haze","PSDcrusher-Haze","2025-06-01","United States","2025-06-07",1,34.35,0,0,34.35,0,34.35
"Impact Gravity Espresso Grounds Distributor (58.4mm)","Black","V2-PSD-distributor","2025-06-01","United States","2025-06-10",1,120,-12,0,108,0,108
"Naked/Bottomless Portafilter - Head Only (HYBRID)","Breville 54mm","PFH00BR54-HY","2025-06-01","Australia","2025-06-10",1,56.34,0,0,56.34,5.64,61.98
"Magnetic Espresso Dosing Ring","58mm Dosing Ring / Black","V2-PSDring-58mm","2025-06-01","United States","2025-06-07",1,22.5,0,0,22.5,0,22.5
"53.5 & 58.5mm Puck Diffuser Screen","58.5mm","PSD-puck","2025-06-01","United States","2025-06-08",5,118.69,-3,-20,95.69,1.31,97
"Crusher Threaded Pin Assembly for DIY WDT Tool","4 pack of WDT pins","PSD-removablepins","2025-06-01","United States","2025-06-19",4,4,-0.4,0,3.6,0,3.6
"53.5 & 58.5mm Puck Diffuser Screen","58.5mm","PSD-puck","2025-06-01","Australia","2025-06-16",3,48.64,0,0,48.64,4.87,53.51
"High Diffusion Espresso Shower Screen","E61 - HD Shower Screen","PSD-HD-E61","2025-06-01","United Arab Emirates","2025-06-21",1,60.44,0,0,60.44,0,60.44
"High Diffusion Espresso Shower Screen","E61 - HD Shower Screen","PSD-HD-E61","2025-06-01","Australia","2025-06-29",5,282.09,-25.38,0,256.71,25.68,282.39
"Hybrid LM/E61/NS/GA Portafilter - Versatile Bottomless & Spouted","La Marzocco 6mm / White | Silver","PF02LM-WSL-HY","2025-06-01","Netherlands","2025-06-21",1,140.52,0,0,140.52,0,140.52
"Modular Puck Screen Holder - Aluminum Matte Black","Default Title","PSD-PuckHolder","2025-06-01","United States","2025-06-13",2,36,0,0,36,0,36
"High Extraction He[%] Filter Baskets for a Fuller Coffee Experience","Pesado He[%] Basket - Large","PSD-HE-LG","2025-06-01","United States","2025-06-23",0,65,-9.75,-65,-9.75,0,-9.75
"Bottomless LM/E61/NS/GA Portafilter (Hybrid)","E61 5mm / Raya","PF00MVRaya-HY","2025-06-01","Singapore","2025-06-24",1,122.71,0,0,122.71,0,122.71
"High Diffusion Espresso Shower Screen","LM - HD Shower Screen","PSD-HD-LM","2025-06-01","Taiwan","2025-06-15",1,60.58,0,0,60.58,0,60.58
"High Diffusion Espresso Shower Screen","LM - HD Shower Screen","PSD-HD-LM","2025-06-01","United States","2025-06-13",2,110,0,0,110,0,110
"Magnetic Espresso Dosing Ring","58mm Dosing Ring / Black","V2-PSDring-58mm","2025-06-01","Singapore","2025-06-22",1,23.31,-2.33,0,20.98,0,20.98
"Portafilter with a Double Spout for Espresso Machines","Nuova Simonelli / Black | Silver","PF02NS-BSL","2025-06-01","Australia","2025-06-20",1,88.47,0,0,88.47,8.85,97.32
"High Diffusion Espresso Shower Screen","MV - HD Shower Screen","PSD-HD-MV","2025-06-01","United States","2025-06-05",6,330,-5.5,0,324.5,0,324.5
"Spouted Portafilter - Head Only","LM/E61","PFHLM","2025-06-01","Monaco","2025-06-27",1,69.03,0,0,69.03,0,69.03
"Pesado Portafilter Tamping Station","Default Title","PSD-TampingStation","2025-06-01","United States","2025-06-29",1,119.99,0,0,119.99,0,119.99
"High Diffusion Espresso Shower Screen","LM - HD Shower Screen","PSD-HD-LM","2025-06-01","Australia","2025-06-21",1,51.59,0,0,51.59,5.16,56.75
"High Diffusion Espresso Shower Screen","MV - HD Shower Screen","PSD-HD-MV","2025-06-01","Australia","2025-06-29",10,522.54,-5.22,0,517.32,51.72,569.04
"Espresso Shot Mirror","Default Title","PSDshot-mirror","2025-06-01","United States","2025-06-26",1,28,-2.8,0,25.2,0,25.2
"Stand for (WDT) Clump Crusher 2.0","Default Title","V2-PSDcrusher-Stand","2025-06-01","Germany","2025-06-08",1,19.34,-2.9,0,16.44,0,16.44
"High Diffusion Espresso Shower Screen","E61 - HD Shower Screen","PSD-HD-E61","2025-06-01","Australia","2025-06-13",3,167.98,0,0,167.98,16.81,184.79
"High Diffusion Espresso Shower Screen","E61 - HD Shower Screen","PSD-HD-E61","2025-06-01","United Arab Emirates","2025-06-05",1,60.44,0,0,60.44,0,60.44
"53.5 & 58.5mm Puck Diffuser Screen","58.5mm","PSD-puck","2025-06-01","United States","2025-06-24",1,20,0,0,20,0,20
"Spouted Portafilter - Head Only","Breville 54mm","PFHBR54","2025-06-01","United States","2025-06-10",1,67.5,0,0,67.5,0,67.5
"Espresso Shot Mirror","Default Title","PSDshot-mirror","2025-06-01","Netherlands","2025-06-21",1,28.75,0,0,28.75,0,28.75
"Impact Gravity Espresso Grounds Distributor (58.4mm)","Black","V2-PSD-distributor","2025-06-01","Australia","2025-06-15",1,97.35,0,0,97.35,9.73,107.08
"Hybrid LM/E61/NS/GA Portafilter - Versatile Bottomless & Spouted","E61 5mm / Black | Riga","PF02MVBK-Riga-HY","2025-06-01","Australia","2025-06-17",1,114.87,-89.13,0,25.74,2.57,28.31
"Magnetic Espresso Dosing Ring","54mm Dosing Ring / Black","V2-PSDring-54mm","2025-06-01","Australia","2025-06-25",1,19.86,0,0,19.86,1.99,21.85
"Spring-Loaded Self-Leveling Tamper – Pesado x AD Coffee","Default Title","PSD-ADcoffee-Tamper","2025-06-01","Sweden","2025-06-23",1,122.5,-18.37,0,104.13,0,104.13
"Magnetic Espresso Dosing Ring","58mm Dosing Ring / Black","V2-PSDring-58mm","2025-06-01","United States","2025-06-26",1,22.5,0,0,22.5,0,22.5
"53.5 & 58.5mm Puck Diffuser Screen","58.5mm","PSD-puck","2025-06-01","United States","2025-06-22",1,40,-4,-20,16,0,16
"High Diffusion Espresso Shower Screen","E61 - HD Shower Screen","PSD-HD-E61","2025-06-01","Australia","2025-06-15",3,168.15,-8.4,0,159.75,15.98,175.73
"53.5 & 58.5mm Puck Diffuser Screen","58.5mm","PSD-puck","2025-06-01","Australia","2025-06-30",1,16.33,0,0,16.33,1.63,17.96
"Breville 54mm Portafilter & Basket Precision Bundle","Black","PRE-BR54-SET","2025-06-01","United States","2025-06-20",1,214.85,0,0,214.85,0,214.85
"High Extraction He[%] Filter Baskets for a Fuller Coffee Experience","Pesado He[%] Basket - Large","PSD-HE-LG","2025-06-01","United States","2025-06-05",2,130,0,0,130,0,130
"Pesado EP Filter Basket","EP-20g","EP-20g","2025-06-01","United States","2025-06-02",1,20,0,0,20,0,20
"Maximum Distribution Bundle","Black","DistributionBundle","2025-06-01","United States","2025-06-28",1,182.62,-18.26,0,164.36,0,164.36
"Modular Puck Screen Holder - Aluminum Matte Black","Default Title","PSD-PuckHolder","2025-06-01","Australia","2025-06-11",1,17.7,0,0,17.7,1.77,19.47
"High Extraction He[%] Filter Baskets for a Fuller Coffee Experience","Pesado He[%] Basket - Medium","PSD-HE-ME","2025-06-01","United States","2025-06-10",4,255.04,-12.5,0,242.54,4.46,247
"High Extraction He[%] Filter Baskets for a Fuller Coffee Experience","Pesado He[%] Basket - Small","PSD-HE-SM","2025-06-01","Australia","2025-06-02",1,54.97,0,0,54.97,0,54.97
"Pesado Single Dose Coffee Cellar Stand + 4 Pack of Bean Cellars","Default Title","PSD-Beanstand-combo","2025-06-01","United States","2025-06-03",1,75,0,0,75,0,75
"Pesado Single Dose Coffee Cellar Stand + 4 Pack of Bean Cellars","Default Title","PSD-Beanstand-combo","2025-06-01","Taiwan","2025-06-14",1,73.25,0,0,73.25,0,73.25
"Spouted Portafilter - Head Only","LM/E61","PFHLM","2025-06-01","United States","2025-06-15",1,67.5,0,0,67.5,0,67.5
"Hybrid Breville 54/58mm Portafilter - Versatile and Easy to Use","Breville 58 / White | Riga","PF02BR58WH-Riga-HY","2025-06-01","United States","2025-06-06",1,145,-21.75,0,123.25,0,123.25
"Bottomless LM/E61/NS/GA Portafilter (Hybrid)","Breville 54mm / Black / Silver","PF00BR54-BSL-HY","2025-06-01","United States","2025-06-12",1,112,0,0,112,0,112
"High Diffusion Espresso Shower Screen","E61 - HD Shower Screen","PSD-HD-E61","2025-06-01","United States","2025-06-02",13,826,-26.55,-59,740.45,0,740.45
"Hybrid LM/E61/NS/GA Portafilter - Versatile Bottomless & Spouted","La Marzocco 6mm / Raya","PF02LMRaya-HY","2025-06-01","Monaco","2025-06-27",1,148.65,0,0,148.65,0,148.65
"High Extraction He[%] Filter Baskets for a Fuller Coffee Experience","Pesado He[%] Basket - X-Large","PSD-HE-XL","2025-06-01","United States","2025-06-26",1,65,0,0,65,0,65
"Stainless Steel Clump Crusher V2.0 (WDT espresso distribution tool)","Black","V2-PSDcrusher-Black","2025-06-01","United States","2025-06-28",1,34.35,0,0,34.35,0,34.35
"Pesado EP Filter Basket","EP-20g","EP-20g","2025-06-01","United States","2025-06-18",10,200,0,0,200,0,200
"Wooden Clump Crusher - WDT Distribution Tool for Fluffy Espresso Puck","Iris","PSDcrusherIRIS","2025-06-01","Australia","2025-06-11",1,26.05,0,0,26.05,2.6,28.65
"Bottomless LM/E61/NS/GA Portafilter (Hybrid)","La Marzocco 6mm / White / Black","PF00LM-WBK-HY","2025-06-01","United States","2025-06-09",-1,0,0,-112,-112,0,-112
"Pesado Black Ripple Set","58mm Dosing Cup","PSDdosingCup-BK","2025-06-01","Australia","2025-06-28",1,20.78,0,0,20.78,2.08,22.86
"Modular Puck Screen Holder - Aluminum Matte Black","Default Title","PSD-PuckHolder","2025-06-01","Australia","2025-06-27",1,17.81,0,0,17.81,1.78,19.59
"Coffee Tamper: 58.5mm & 53.5mm","53.5mm / Black / Silver","PSDT-53.5-BSL","2025-06-01","Australia","2025-06-30",1,71.42,0,0,71.42,7.14,78.56
"Alloy Modular Stand for Clump Crusher (WDT tool)","Default Title","PSDcrusher-Stand","2025-06-01","Australia","2025-06-20",1,16.77,0,0,16.77,1.68,18.45
"High Diffusion Espresso Shower Screen","E61 - HD Shower Screen","PSD-HD-E61","2025-06-01","Qatar","2025-06-30",1,60.38,0,0,60.38,0,60.38
"Crusher Threaded Pin Assembly for DIY WDT Tool","4 pack of WDT pins","PSD-removablepins","2025-06-01","Australia","2025-06-29",4,2.36,0,0,2.36,0.24,2.6
"High Diffusion Espresso Shower Screen","MV - HD Shower Screen","PSD-HD-MV","2025-06-01","Austria","2025-06-25",1,57.08,-8.55,0,48.53,0,48.53
"Pesado Black Ripple Set","Black Ripple Set","PSDBlackRippleSet","2025-06-01","Australia","2025-06-29",1,44.91,-6.73,0,38.18,3.82,42
"High Diffusion Espresso Shower Screen","MV - HD Shower Screen","PSD-HD-MV","2025-06-01","New Zealand","2025-06-30",1,57.48,-5.75,0,51.73,0,51.73
"High Diffusion Espresso Shower Screen","E61 - HD Shower Screen","PSD-HD-E61","2025-06-01","United States","2025-06-18",2,118,-5.9,0,112.1,0,112.1
"Magnetic Espresso Dosing Ring","58mm Dosing Ring / Black","V2-PSDring-58mm","2025-06-01","Australia","2025-06-30",2,39.84,-1.99,0,37.85,3.79,41.64
,"",,"2025-06-01","United States","2025-06-15",1,0,0,0,0,0,0
"Pesado Black Ripple Set","Precision Barista Jug Sharp Spout","PSDjug-BK","2025-06-01","United States","2025-06-25",1,34.35,0,0,34.35,0,34.35
,"",,"2025-06-01","Australia","2025-06-30",2,141.4,-141.4,0,0,0,0
"Sunrise Ceramic Coffee Cup and Saucer Set (White)","Default Title","PSD-CeramicSet","2025-06-01","Australia","2025-06-11",2,17.71,0,0,17.71,1.77,19.48
"High Extraction He[%] Filter Baskets for a Fuller Coffee Experience","Pesado He[%] Basket - Medium","PSD-HE-ME","2025-06-01","United States","2025-06-21",2,130,0,0,130,0,130
"High Diffusion Espresso Shower Screen","LM - HD Shower Screen","PSD-HD-LM","2025-06-01","Singapore","2025-06-08",1,56.61,0,0,56.61,0,56.61
"53.5 & 58.5mm Puck Diffuser Screen","53.5mm","PSD-puck-54","2025-06-01","United States","2025-06-23",-1,0,0,-20,-20,0,-20
"High Extraction He[%] Filter Baskets for a Fuller Coffee Experience","Pesado He[%] Basket - Medium","PSD-HE-ME","2025-06-01","Australia","2025-06-22",2,99.38,-9.91,0,89.47,8.95,98.42
"Pesado Single Dose Coffee Cellar Stand + 4 Pack of Bean Cellars","Default Title","PSD-Beanstand-combo","2025-06-01","Australia","2025-06-26",1,57.96,-5.79,0,52.17,5.22,57.39
"Portafilter with a Double Spout for Espresso Machines","Breville 58 / White Full Pom","PF02BR58-WHPOM","2025-06-01","Australia","2025-06-15",1,64.84,0,0,64.84,6.48,71.32
"Bottomless LM/E61/NS/GA Portafilter (Hybrid)","La Marzocco 6mm / Black / Riga","PF00LMBK-Riga-HY","2025-06-01","United States","2025-06-06",2,240,-24,0,216,0,216
"Wooden Leva Accents","Riga","PSDleva-Riga","2025-06-01","Poland","2025-06-20",2,42,-6.3,0,35.7,0,35.7
"Pesado Black Ripple Set","Black Ripple Set","PSDBlackRippleSet","2025-06-01","Australia","2025-06-18",1,52.5,0,0,52.5,5.25,57.75
"Bottomless LM/E61/NS/GA Portafilter (Hybrid)","E61 5mm / Raya","PF00MVRaya-HY","2025-06-01","United States","2025-06-03",1,120,0,0,120,0,120
"High Extraction He[%] Filter Baskets for a Fuller Coffee Experience","Pesado He[%] Basket - X-Large","PSD-HE-XL","2025-06-01","United States","2025-06-05",1,65,-6.5,0,58.5,0,58.5
"Bottomless LM/E61/NS/GA Portafilter (Hybrid)","La Marzocco 6mm / Black / Black","PF00LM-BBK-HY","2025-06-01","Australia","2025-06-11",1,88.52,-13.28,0,75.24,7.52,82.76
"High Extraction He[%] Filter Baskets for a Fuller Coffee Experience","Pesado He[%] Basket - X-Large","PSD-HE-XL","2025-06-01","Australia","2025-06-03",-2,0,0,-109.44,-109.44,0,-109.44
"High Diffusion Espresso Shower Screen","E61 - HD Shower Screen","PSD-HD-E61","2025-06-01","United States","2025-06-29",2,118,0,0,118,0,118
"Magnetic Espresso Dosing Ring","58mm Dosing Ring / Black","V2-PSDring-58mm","2025-06-01","Australia","2025-06-17",1,19.88,0,0,19.88,1.99,21.87
"Stand for (WDT) Clump Crusher 2.0","Default Title","V2-PSDcrusher-Stand","2025-06-01","Australia","2025-06-22",1,16.77,0,0,16.77,1.68,18.45
"Maximum Distribution Bundle","Black","DistributionBundle","2025-06-01","United States","2025-06-23",1,182.62,-18.27,0,164.35,0,164.35
"High Extraction He[%] Filter Baskets for a Fuller Coffee Experience","Pesado He[%] Basket - Medium","PSD-HE-ME","2025-06-01","Czech Republic","2025-06-12",2,132.62,0,0,132.62,0,132.62
"Magnetic Espresso Dosing Ring","58mm Dosing Ring / Black","V2-PSDring-58mm","2025-06-01","Monaco","2025-06-28",1,23.38,0,0,23.38,0,23.38
"Pesado Portafilter Tamping Station","Default Title","PSD-TampingStation","2025-06-01","Australia","2025-06-05",1,106.52,-21.3,0,85.22,8.52,93.74
"53.5 & 58.5mm Puck Diffuser Screen","58.5mm","PSD-puck","2025-06-01","Austria","2025-06-25",1,20.93,-3.15,0,17.78,0,17.78
"Bottomless LM/E61/NS/GA Portafilter (Hybrid)","E61 5mm / White / Dusk","PF00MV-WDK-HY","2025-06-01","United States","2025-06-08",1,120,-120,0,0,0,0
"High Extraction He[%] Filter Baskets for a Fuller Coffee Experience","Pesado He[%] Basket - X-Large","PSD-HE-XL","2025-06-01","Australia","2025-06-19",1,49.97,-5,0,44.97,4.49,49.46
"High Diffusion Espresso Shower Screen","E61 - HD Shower Screen","PSD-HD-E61","2025-06-01","United States","2025-06-13",8,467.89,-5.9,0,461.99,4.11,466.1
"Pesado EP Filter Basket","EP-18g","EP-18g","2025-06-01","Qatar","2025-06-30",1,20.59,0,0,20.59,0,20.59
"High Extraction He[%] Filter Baskets for a Fuller Coffee Experience","Pesado He[%] Basket - Medium","PSD-HE-ME","2025-06-01","United States","2025-06-09",2,130,-6.5,0,123.5,0,123.5
"53.5 & 58.5mm Puck Diffuser Screen","53.5mm","PSD-puck-54","2025-06-01","United States","2025-06-11",1,20,-2,0,18,0,18
"High Extraction He[%] Filter Baskets for a Fuller Coffee Experience","Pesado He[%] Basket - Small","PSD-HE-SM","2025-06-01","United States","2025-06-04",1,65,-65,0,0,0,0
"High Diffusion Espresso Shower Screen","E61 - HD Shower Screen","PSD-HD-E61","2025-06-01","United States","2025-06-01",8,525.76,0,-59,466.76,5.24,472
"Pesado Portafilter Tamping Station","Default Title","PSD-TampingStation","2025-06-01","Australia","2025-06-09",2,213.34,-21.33,0,192.01,19.2,211.21
"Crusher Threaded Pin Assembly for DIY WDT Tool","4 pack of WDT pins","PSD-removablepins","2025-06-01","Australia","2025-06-14",4,2.37,0,0,2.37,0.23,2.6
"Portafilter with a Double Spout for Espresso Machines","Nuova Simonelli / Black Full Pom","PF02NS-FullPOM","2025-06-01","Australia","2025-06-26",2,130.77,-19.61,0,111.16,11.12,122.28
"Precision 58mm Breville Bundle: 58mm Portafilter & He[%] Basket","Black","PRE-BR58-SET","2025-06-01","United Kingdom","2025-06-29",1,175.62,0,0,175.62,0,175.62
"Pesado Single Dose Coffee Cellar Stand + 4 Pack of Bean Cellars","Default Title","PSD-Beanstand-combo","2025-06-01","United States","2025-06-04",1,68.34,0,0,68.34,6.66,75
"Bottomless LM/E61/NS/GA Portafilter (Hybrid)","E61 5mm / Raya","PF00MVRaya-HY","2025-06-01","Australia","2025-06-23",1,93.25,0,0,93.25,9.33,102.58
"High Extraction He[%] Filter Baskets for a Fuller Coffee Experience","Pesado He[%] Basket - Medium","PSD-HE-ME","2025-06-01","United States","2025-06-25",1,65,0,0,65,0,65
"High Extraction He[%] Filter Baskets for a Fuller Coffee Experience","Pesado He[%] Basket - Small","PSD-HE-SM","2025-06-01","Australia","2025-06-17",1,50.06,-5,0,45.06,4.5,49.56
"El Rocio Manus S Espresso Machine","Black","MANUSBK","2025-06-01","Australia","2025-06-30",1,1403.95,0,0,1403.95,0,1403.95
"Pesado EP Filter Basket","EP-Breville54-20g","EP-BR-20g","2025-06-01","United States","2025-06-19",1,20,-2,0,18,0,18
"Pesado EP Filter Basket","EP-20g","EP-20g","2025-06-01","Australia","2025-06-09",1,17.77,-1.78,0,15.99,1.6,17.59
,"",,"2025-06-01","Australia","2025-06-18",1,5.89,-0.88,0,5.01,0.5,5.51
"Magnetic Espresso Dosing Ring","54mm Dosing Ring / Black","V2-PSDring-54mm","2025-06-01","United States","2025-06-30",1,22.5,0,0,22.5,0,22.5
"Hybrid Breville 54/58mm Portafilter - Versatile and Easy to Use","Breville 54 / Black | Black","PF02BR54-BBK-HY","2025-06-01","United States","2025-06-25",1,137,0,0,137,0,137
"High Diffusion Espresso Shower Screen","E61 - HD Shower Screen","PSD-HD-E61","2025-06-01","United States","2025-06-17",4,236,0,0,236,0,236
"High Extraction He[%] 54mm Breville Filter Basket - Dosing 18g-20g","Default Title","PSD-HE-54","2025-06-01","United States","2025-06-03",1,65,0,0,65,0,65
"Wooden Clump Crusher - WDT Distribution Tool for Fluffy Espresso Puck","Iris","PSDcrusherIRIS","2025-06-01","United States","2025-06-01",1,34.35,0,0,34.35,0,34.35
"Pesado EP Filter Basket","EP-Breville54-20g","EP-BR-20g","2025-06-01","Australia","2025-06-20",1,17.59,0,0,17.59,1.76,19.35
"Wooden Clump Crusher - WDT Distribution Tool for Fluffy Espresso Puck","Riga","PSDcrusherRIGA","2025-06-01","Australia","2025-06-11",1,25.96,-3.89,0,22.07,2.21,24.28
"Bottomless LM/E61/NS/GA Portafilter (Hybrid)","Nuova Simonelli / Black / Dusk","PF00NS-BDK-HY","2025-06-01","United States","2025-06-14",1,120,0,0,120,0,120
"High Extraction He[%] Filter Baskets for a Fuller Coffee Experience","Pesado He[%] Basket - Medium","PSD-HE-ME","2025-06-01","Australia","2025-06-26",4,252.32,-10.09,-50.49,191.74,19.18,210.92
"High Extraction He[%] Filter Baskets for a Fuller Coffee Experience","Pesado He[%] Basket - Medium","PSD-HE-ME","2025-06-01","United States","2025-06-22",-1,0,0,-65,-65,0,-65
"Modular Puck Screen Holder - Aluminum Matte Black","Default Title","PSD-PuckHolder","2025-06-01","Australia","2025-06-23",2,35.06,-3.5,0,31.56,3.16,34.72
"53.5 & 58.5mm Puck Diffuser Screen","53.5mm","PSD-puck-54","2025-06-01","United States","2025-06-24",1,20,0,0,20,0,20
"Portafilter with a Double Spout for Espresso Machines","La Marzocco / E61 / Black | Dusk","PF02LM-BDK","2025-06-01","United States","2025-06-14",1,120,0,0,120,0,120
"Magnetic Espresso Dosing Ring","58mm Dosing Ring / Black","V2-PSDring-58mm","2025-06-01","Australia","2025-06-18",1,19.76,0,0,19.76,1.98,21.74
"Magnetic Espresso Dosing Ring","54mm Dosing Ring / Black","V2-PSDring-54mm","2025-06-01","United States","2025-06-17",-1,0,0,-21.03,-21.03,-1.47,-22.5
"High Extraction He[%] 54mm Breville Filter Basket - Dosing 18g-20g","Default Title","PSD-HE-54","2025-06-01","United States","2025-06-16",1,65,0,0,65,0,65
"High Diffusion Espresso Shower Screen","E61 - HD Shower Screen","PSD-HD-E61","2025-06-01","United States","2025-06-30",7,472,-8.85,-59,404.15,0,404.15
"Pesado Portafilter Tamping Station","Default Title","PSD-TampingStation","2025-06-01","Australia","2025-06-22",1,105.56,0,0,105.56,10.55,116.11
"High Diffusion Espresso Shower Screen","LM - HD Shower Screen","PSD-HD-LM","2025-06-01","Germany","2025-06-02",5,285.35,0,0,285.35,0,285.35
"Bottomless LM/E61/NS/GA Portafilter (Hybrid)","E61 5mm / White Full POM","PF00MV-WHPOM-HY","2025-06-01","United States","2025-06-28",1,90,0,0,90,0,90
"High Diffusion Espresso Shower Screen","MV - HD Shower Screen","PSD-HD-MV","2025-06-01","United Kingdom","2025-06-11",2,113.16,-11.32,0,101.84,0,101.84
"High Extraction He[%] Filter Baskets for a Fuller Coffee Experience","Pesado He[%] Basket - Medium","PSD-HE-ME","2025-06-01","Australia","2025-06-21",1,49.82,-7.47,0,42.35,4.24,46.59
"Pesado EP Filter Basket","EP-18g","EP-18g","2025-06-01","France","2025-06-24",1,20.82,0,0,20.82,0,20.82
"High Extraction He[%] Filter Baskets for a Fuller Coffee Experience","Pesado He[%] Basket - Medium","PSD-HE-ME","2025-06-01","United States","2025-06-06",1,65,-6.5,0,58.5,0,58.5
"Modular Puck Screen Holder - Aluminum Matte Black","Default Title","PSD-PuckHolder","2025-06-01","Australia","2025-06-07",1,17.71,0,0,17.71,1.77,19.48
"53.5 & 58.5mm Puck Diffuser Screen","53.5mm","PSD-puck-54","2025-06-01","United States","2025-06-08",3,80,-3,-20,57,0,57
"Portafilter with a Double Spout for Espresso Machines","La Marzocco / E61 / Black | Dusk","PF02LM-BDK","2025-06-01","United States","2025-06-30",-1,0,0,-108,-108,0,-108
"Hybrid Breville 54/58mm Portafilter - Versatile and Easy to Use","Breville 58 / Black | Riga","PF02BR58BK-Riga-HY","2025-06-01","United States","2025-06-18",1,145,0,0,145,0,145
"Hybrid LM/E61/NS/GA Portafilter - Versatile Bottomless & Spouted","E61 5mm / Black Full Pom","PF02MV-FullPOM-HY","2025-06-01","Singapore","2025-06-12",1,117.75,0,0,117.75,0,117.75
"Coffee Tamper: 58.5mm & 53.5mm","53.5mm / Black / Riga","PSDT-53.5-BKRiga","2025-06-01","United States","2025-06-28",1,97.5,0,0,97.5,0,97.5
"Metallic Stainless Steel Leva Accents","Riga","PSDleva-Riga","2025-06-01","Thailand","2025-06-07",1,20.82,0,0,20.82,0,20.82
"High Diffusion Espresso Shower Screen","E61 - HD Shower Screen","PSD-HD-E61","2025-06-01","United States","2025-06-14",6,354,0,0,354,0,354
"Crusher Threaded Pin Assembly for DIY WDT Tool","4 pack of WDT pins","PSD-removablepins","2025-06-01","Australia","2025-06-01",6,3.84,0,0,3.84,0,3.84
"Pesado Single Dose Coffee Cellar Stand + 4 Pack of Bean Cellars","Default Title","PSD-Beanstand-combo","2025-06-01","United States","2025-06-15",2,150,-11.25,0,138.75,0,138.75
"High Extraction He[%] Filter Baskets for a Fuller Coffee Experience","Pesado He[%] Basket - Large","PSD-HE-LG","2025-06-01","United States","2025-06-11",4,260,0,0,260,0,260
"Precision Espresso Portafilter & Basket Bundle - LM & E61","E61 5mm / Black","PRE_SETMV","2025-06-01","Australia","2025-06-25",1,136.08,0,0,136.08,13.61,149.69
"Pesado EP Filter Basket","EP-Breville54-18g","EP-BR-18g","2025-06-01","Australia","2025-06-06",1,17.71,-1.77,0,15.94,1.59,17.53
"Hybrid LM/E61/NS/GA Portafilter - Versatile Bottomless & Spouted","E61 5mm / Black | Riga","PF02MVBK-Riga-HY","2025-06-01","United States","2025-06-14",1,145,0,0,145,0,145
"Pesado EP Filter Basket","EP-22g","EP-22g","2025-06-01","Australia","2025-06-16",1,17.65,0,0,17.65,1.77,19.42
"53.5 & 58.5mm Puck Diffuser Screen","58.5mm","PSD-puck","2025-06-01","United States","2025-06-28",2,40,-2.01,0,37.99,0,37.99
"High Diffusion Espresso Shower Screen","E61 - HD Shower Screen","PSD-HD-E61","2025-06-01","Australia","2025-06-01",3,166.73,0,0,166.73,16.68,183.41
"Hybrid LM/E61/NS/GA Portafilter - Versatile Bottomless & Spouted","La Marzocco 6mm / Black | Gold","PF02LM-BGD-HY","2025-06-01","Australia","2025-06-14",1,109.13,-10.91,0,98.22,9.83,108.05
"Impact Gravity Espresso Grounds Distributor (58.4mm)","Black","V2-PSD-distributor","2025-06-01","United States","2025-06-25",2,229.34,0,0,229.34,10.66,240
"Impact Gravity Espresso Grounds Distributor (58.4mm)","Black","V2-PSD-distributor","2025-06-01","Australia","2025-06-01",1,96.54,0,0,96.54,9.65,106.19
"Precision 58mm Breville Bundle: 58mm Portafilter & He[%] Basket","Black","PRE-BR58-SET","2025-06-01","Australia","2025-06-29",2,272.5,-27.24,0,245.26,24.54,269.8
"High Diffusion Espresso Shower Screen","MV - HD Shower Screen","PSD-HD-MV","2025-06-01","Australia","2025-06-01",4,205.92,0,0,205.92,20.6,226.52
"High Extraction He[%] Filter Baskets for a Fuller Coffee Experience","Pesado He[%] Basket - Large","PSD-HE-LG","2025-06-01","Australia","2025-06-20",3,150.41,0,0,150.41,15.04,165.45
"High Diffusion Espresso Shower Screen","LM - HD Shower Screen","PSD-HD-LM","2025-06-01","Australia","2025-06-09",2,104.31,0,0,104.31,10.43,114.74
"High Diffusion Espresso Shower Screen","MV - HD Shower Screen","PSD-HD-MV","2025-06-01","United States","2025-06-25",2,106.16,0,0,106.16,3.84,110
"53.5 & 58.5mm Puck Diffuser Screen","58.5mm","PSD-puck","2025-06-01","Singapore","2025-06-24",1,21.1,0,0,21.1,0,21.1
"Breville 54mm Portafilter & Basket Precision Bundle","Black","PRE-BR54-SET","2025-06-01","United States","2025-06-14",1,214.85,0,0,214.85,0,214.85
"Single-Dose Coffee Tubes (Bean Cellar 4-Pack)","Default Title","PSD-beantube","2025-06-01","Australia","2025-06-13",1,23.62,0,0,23.62,2.36,25.98
"53.5 & 58.5mm Puck Diffuser Screen","58.5mm","PSD-puck","2025-06-01","United Arab Emirates","2025-06-26",1,20.42,0,0,20.42,0,20.42
"High Extraction He[%] Filter Baskets for a Fuller Coffee Experience","Pesado He[%] Basket - Large","PSD-HE-LG","2025-06-01","United States","2025-06-27",1,65,0,0,65,0,65
"Modular Puck Screen Holder - Aluminum Matte Black","Default Title","PSD-PuckHolder","2025-06-01","United States","2025-06-01",1,18,0,0,18,0,18
,"",,"2025-06-01","United States","2025-06-08",3,0,0,0,0,0,0
"53.5 & 58.5mm Puck Diffuser Screen","58.5mm","PSD-puck","2025-06-01","United States","2025-06-12",2,40,0,0,40,0,40
"Pesado EP Filter Basket","EP-22g","EP-22g","2025-06-01","United States","2025-06-08",-1,0,0,-20,-20,0,-20
"Pesado EP Filter Basket","EP-Breville54-18g","EP-BR-18g","2025-06-01","Australia","2025-06-22",1,17.59,0,0,17.59,1.76,19.35
"53.5 & 58.5mm Puck Diffuser Screen","58.5mm","PSD-puck","2025-06-01","Australia","2025-06-04",5,81.01,-4.85,0,76.16,7.62,83.78
"Magnetic Espresso Dosing Ring","58mm Dosing Ring / Black","V2-PSDring-58mm","2025-06-01","United States","2025-06-08",1,22.5,0,0,22.5,0,22.5
"Dosing Cup","58mm Dosing Cup / White","PSDdosingCup-WH","2025-06-01","United States","2025-06-10",1,26.25,-2.63,0,23.62,0,23.62
"Crusher Threaded Pin Assembly for DIY WDT Tool","WDT pin assembly (0.3mm)","PSD-PinUP","2025-06-01","Taiwan","2025-06-14",2,28.58,0,0,28.58,0,28.58
"Hybrid Breville 54/58mm Portafilter - Versatile and Easy to Use","Breville 54 / Black | Riga","PF02BR54BK-Riga-HY","2025-06-01","United States","2025-06-15",1,145,-21.75,0,123.25,0,123.25
"Spring-Loaded Self-Leveling Tamper – Pesado x AD Coffee","Default Title","PSD-ADcoffee-Tamper","2025-06-01","United States","2025-06-02",1,120,0,0,120,0,120
"Hybrid LM/E61/NS/GA Portafilter - Versatile Bottomless & Spouted","E61 5mm / Black Full Pom","PF02MV-FullPOM-HY","2025-06-01","United States","2025-06-23",1,106.24,-15.93,0,90.31,7.44,97.75
"High Diffusion Espresso Shower Screen","LM - HD Shower Screen","PSD-HD-LM","2025-06-01","Taiwan","2025-06-03",1,56.1,-8.42,0,47.68,0,47.68
"High Diffusion Espresso Shower Screen","MV - HD Shower Screen","PSD-HD-MV","2025-06-01","Australia","2025-06-17",5,260.15,0,0,260.15,26.02,286.17
"Pesado Portafilter Tamping Station","Default Title","PSD-TampingStation","2025-06-01","United States","2025-06-17",1,119.99,0,0,119.99,0,119.99
"Spring-Loaded Self-Leveling Tamper – Pesado x AD Coffee","Default Title","PSD-ADcoffee-Tamper","2025-06-01","Australia","2025-06-02",1,106.21,0,0,106.21,10.62,116.83
"High Diffusion Espresso Shower Screen","LM - HD Shower Screen","PSD-HD-LM","2025-06-01","Australia","2025-06-25",10,520.04,-7.77,0,512.27,51.23,563.5
"High Diffusion Espresso Shower Screen","LM - HD Shower Screen","PSD-HD-LM","2025-06-01","United States","2025-06-01",6,330,0,0,330,0,330
"Bottomless LM/E61/NS/GA Portafilter (Hybrid)","La Marzocco 6mm / Black / Black","PF00LM-BBK-HY","2025-06-01","United States","2025-06-19",2,224,0,0,224,0,224
"High Extraction He[%] Filter Baskets for a Fuller Coffee Experience","Pesado He[%] Basket - Large","PSD-HE-LG","2025-06-01","United States","2025-06-24",1,65,0,0,65,0,65
"Stand for (WDT) Clump Crusher 2.0","Default Title","V2-PSDcrusher-Stand","2025-06-01","United States","2025-06-25",1,18,-1.8,0,16.2,0,16.2
"53.5 & 58.5mm Puck Diffuser Screen","58.5mm","PSD-puck","2025-06-01","United States","2025-06-07",6,120,-4,0,116,0,116
"High Diffusion Espresso Shower Screen","E61 - HD Shower Screen","PSD-HD-E61","2025-06-01","Australia","2025-06-30",1,113.34,0,-56.79,56.55,5.66,62.21
"Magnetic Espresso Dosing Ring","58mm Dosing Ring / Black","V2-PSDring-58mm","2025-06-01","United States","2025-06-11",1,22.5,0,0,22.5,0,22.5
"Dosing Cup","54mm Dosing Cup / White","PSDdosingCup-WH-54","2025-06-01","Australia","2025-06-01",1,45.04,-11.26,-16.89,16.89,0,16.89
"Crusher Threaded Pin Assembly for DIY WDT Tool","WDT pin assembly (0.3mm)","PSD-PinUP","2025-06-01","Australia","2025-06-10",1,14.84,0,0,14.84,1.48,16.32
"free shipping","Default Title","","2025-06-01","Australia","2025-06-18",1,0,0,0,0,0,0
"Pesado EP Filter Basket","EP-18g","EP-18g","2025-06-01","Australia","2025-06-11",1,17.73,-2.66,0,15.07,1.51,16.58
"Pesado Portafilter Tamping Station","Default Title","PSD-TampingStation","2025-06-01","Monaco","2025-06-28",1,123,0,0,123,0,123
"High Diffusion Espresso Shower Screen","MV - HD Shower Screen","PSD-HD-MV","2025-06-01","Australia","2025-06-30",5,261.87,0,0,261.87,26.18,288.05
"High Diffusion Espresso Shower Screen","LM - HD Shower Screen","PSD-HD-LM","2025-06-01","Australia","2025-06-22",4,206.16,-10.31,0,195.85,19.59,215.44
"High Extraction He[%] Filter Baskets for a Fuller Coffee Experience","Pesado He[%] Basket - Large","PSD-HE-LG","2025-06-01","Australia","2025-06-15",1,50.14,0,0,50.14,5.02,55.16
"Spring-Loaded Self-Leveling Tamper – Pesado x AD Coffee","Default Title","PSD-ADcoffee-Tamper","2025-06-01","Australia","2025-06-13",1,106.28,0,0,106.28,10.63,116.91
"High Diffusion Espresso Shower Screen","E61 - HD Shower Screen","PSD-HD-E61","2025-06-01","Switzerland","2025-06-11",1,60.82,-6.08,0,54.74,0,54.74
"High Diffusion Espresso Shower Screen","E61 - HD Shower Screen","PSD-HD-E61","2025-06-01","Taiwan","2025-06-06",1,60.21,-9.03,0,51.18,0,51.18
"High Diffusion Espresso Shower Screen","MV - HD Shower Screen","PSD-HD-MV","2025-06-01","United States","2025-06-06",4,220,0,0,220,0,220
"Magnetic Espresso Dosing Ring","58mm Dosing Ring / Black","V2-PSDring-58mm","2025-06-01","Taiwan","2025-06-14",1,23.94,0,0,23.94,0,23.94
"High Diffusion Espresso Shower Screen","LM - HD Shower Screen","PSD-HD-LM","2025-06-01","United States","2025-06-14",5,275,0,0,275,0,275
"Bottomless LM/E61/NS/GA Portafilter (Hybrid)","E61 5mm / Black / Silver","PF00MV-BSL-HY","2025-06-01","United States","2025-06-01",1,112,0,0,112,0,112
"High Extraction He[%] 54mm Breville Filter Basket - Dosing 18g-20g","Default Title","PSD-HE-54","2025-06-01","Netherlands","2025-06-22",-1,0,0,-66.77,-66.77,0,-66.77
"Modular Puck Screen Holder - Aluminum Matte Black","Default Title","PSD-PuckHolder","2025-06-01","United States","2025-06-30",1,20,0,0,20,0,20
"Stainless Steel Clump Crusher V2.0 (WDT espresso distribution tool)","Silver","V2-PSDcrusher-Silver","2025-06-01","Singapore","2025-06-22",1,35.74,-3.57,0,32.17,0,32.17
"High Diffusion Espresso Shower Screen","E61 - HD Shower Screen","PSD-HD-E61","2025-06-01","Australia","2025-06-14",4,224.17,0,0,224.17,22.43,246.6
"Naked/Bottomless Portafilter - Head Only (HYBRID)","E61 5mm","PFH00MV-HY","2025-06-01","United States","2025-06-19",-1,0,0,-67.5,-67.5,0,-67.5
"Sunrise Ceramic Coffee Cup and Saucer Set (White)","Default Title","PSD-CeramicSet","2025-06-01","United States","2025-06-01",1,10,0,0,10,0,10
"El Rocio Manus S Espresso Machine","White","MANUSWH","2025-06-01","Australia","2025-06-09",1,1397.28,-209.59,0,1187.69,0,1187.69
"53.5 & 58.5mm Puck Diffuser Screen","58.5mm","PSD-puck","2025-06-01","United States","2025-06-23",5,98.47,-6.77,0,91.7,1.3,93
"Magnetic Espresso Dosing Ring","58mm Dosing Ring / Black","V2-PSDring-58mm","2025-06-01","United States","2025-06-27",1,20.68,0,0,20.68,1.82,22.5
"Pesado Black Ripple Set","Precision Barista Jug Sharp Spout","PSDjug-BK","2025-06-01","Israel","2025-06-11",1,35.26,0,0,35.26,0,35.26
"Portafilter with a Double Spout for Espresso Machines","La Marzocco / E61 / Black | Black","PF02LM-BBK","2025-06-01","Australia","2025-06-05",2,177.57,0,0,177.57,17.75,195.32
"Espresso Shot Mirror","Default Title","PSDshot-mirror","2025-06-01","United States","2025-06-09",1,28,0,0,28,0,28
"Crusher Threaded Pin Assembly for DIY WDT Tool","WDT pin assembly (0.3mm)","PSD-PinUP","2025-06-01","Australia","2025-06-26",1,14.85,0,0,14.85,1.48,16.33
"High Diffusion Espresso Shower Screen","MV - HD Shower Screen","PSD-HD-MV","2025-06-01","Australia","2025-06-14",3,155.76,-5.19,0,150.57,15.05,165.62
"Spring-Loaded Self-Leveling Tamper – Pesado x AD Coffee","Default Title","PSD-ADcoffee-Tamper","2025-06-01","Australia","2025-06-29",1,106.87,0,0,106.87,10.69,117.56
"High Diffusion Espresso Shower Screen","MV - HD Shower Screen","PSD-HD-MV","2025-06-01","United States","2025-06-22",4,330,-11,-110,209,0,209
"High Diffusion Espresso Shower Screen","LM - HD Shower Screen","PSD-HD-LM","2025-06-01","United States","2025-06-30",6,330,-8.25,0,321.75,0,321.75
"Pesado Portafilter Tamping Station","Default Title","PSD-TampingStation","2025-06-01","South Africa","2025-06-27",1,119.99,0,0,119.99,0,119.99
"Maximum Distribution Bundle","Black","DistributionBundle","2025-07-01","United States","2025-07-18",1,214.85,0,0,214.85,0,214.85
"High Diffusion Espresso Shower Screen","E61 - HD Shower Screen","PSD-HD-E61","2025-07-01","South Korea","2025-07-12",1,63.09,0,0,63.09,0,63.09
"High Extraction He[%] 54mm Breville Filter Basket - Dosing 18g-20g","Default Title","PSD-HE-54","2025-07-01","United States","2025-07-24",5,325,-13,0,312,0,312
"High Diffusion Espresso Shower Screen","E61 - HD Shower Screen","PSD-HD-E61","2025-07-01","Netherlands","2025-07-08",1,60.93,0,0,60.93,0,60.93
"Hybrid Breville 54/58mm Portafilter - Versatile and Easy to Use","Breville 58 / Black | Silver","PF02BR58-BSL-HY","2025-07-01","United States","2025-07-25",1,137,0,0,137,0,137
"53.5 & 58.5mm Puck Diffuser Screen","58.5mm","PSD-puck","2025-07-01","Canada","2025-07-25",1,20.41,-2.04,0,18.37,0,18.37
"53.5 & 58.5mm Puck Diffuser Screen","58.5mm","PSD-puck","2025-07-01","United States","2025-07-08",1,20,-2,0,18,0,18
"High Extraction He[%] 54mm Breville Filter Basket - Dosing 18g-20g","Default Title","PSD-HE-54","2025-07-01","Australia","2025-07-31",2,99.57,-9.95,0,89.62,8.96,98.58
"High Diffusion Espresso Shower Screen","MV - HD Shower Screen","PSD-HD-MV","2025-07-01","United States","2025-07-19",4,220,-13.75,0,206.25,0,206.25
"Wooden Clump Crusher - WDT Distribution Tool for Fluffy Espresso Puck","Iris","PSDcrusherIRIS","2025-07-01","Germany","2025-07-19",1,35.99,0,0,35.99,0,35.99
"High Diffusion Espresso Shower Screen","LM - HD Shower Screen","PSD-HD-LM","2025-07-01","United States","2025-07-27",1,55,0,0,55,0,55
"Stainless Steel Milk Jug With Round Spout - 16.5oz / 490ml","Default Title","PSDjugWH","2025-07-01","United States","2025-07-15",2,68.7,-13.74,0,54.96,0,54.96
"53.5 & 58.5mm Puck Diffuser Screen","58.5mm","PSD-puck","2025-07-01","Australia","2025-07-21",3,48.9,-2.44,0,46.46,4.65,51.11
"High Diffusion Espresso Shower Screen","E61 - HD Shower Screen","PSD-HD-E61","2025-07-01","United States","2025-07-19",2,118,-8.85,0,109.15,0,109.15
"Pesado EP Filter Basket","EP-Breville54-18g","EP-BR-18g","2025-07-01","Australia","2025-07-26",4,71.64,-5.37,0,66.27,6.62,72.89
"High Extraction He[%] Filter Baskets for a Fuller Coffee Experience","Pesado He[%] Basket - Large","PSD-HE-LG","2025-07-01","Australia","2025-07-18",-1,0,0,-55.28,-55.28,0,-55.28
"Bottomless LM/E61/NS/GA Portafilter (Hybrid)","La Marzocco 6mm / White / Silver","PF00LM-WSL-HY","2025-07-01","Portugal","2025-07-13",1,114.51,0,0,114.51,0,114.51
"53.5 & 58.5mm Puck Diffuser Screen","58.5mm","PSD-puck","2025-07-01","Poland","2025-07-29",1,20.51,-2.46,0,18.05,0,18.05
"Wooden Clump Crusher - WDT Distribution Tool for Fluffy Espresso Puck","Iris","PSDcrusherIRIS","2025-07-01","United States","2025-07-26",1,34.35,0,0,34.35,0,34.35
"Hybrid Breville 54/58mm Portafilter - Versatile and Easy to Use","Breville 54 / White | Silver","PF02BR54-WSL-HY","2025-07-01","United States","2025-07-13",1,137,0,0,137,0,137
"Pesado EP Filter Basket","EP-Breville54-20g","EP-BR-20g","2025-07-01","Australia","2025-07-11",2,35.87,-2.69,0,33.18,3.32,36.5
"Coffee Tamper: 58.5mm & 53.5mm","53.5mm / White / Black","PSDT-53.5-WBK","2025-07-01","Australia","2025-07-03",1,71.74,0,0,71.74,7.17,78.91
"Espresso Shot Mirror","Default Title","PSDshot-mirror","2025-07-01","United States","2025-07-14",2,56,-2.8,0,53.2,0,53.2
"Modular Tamper Handle: Customize Your Tamper for Coffee","Black / Silver","PSDTHMODBSL","2025-07-01","Australia","2025-07-04",1,41.68,0,0,41.68,4.17,45.85
"High Extraction He[%] Filter Baskets for a Fuller Coffee Experience","Pesado He[%] Basket - Medium","PSD-HE-ME","2025-07-01","Bulgaria","2025-07-26",1,66.62,-6.66,0,59.96,0,59.96
"Modular Puck Screen Holder - Aluminum Matte Black","Default Title","PSD-PuckHolder","2025-07-01","United States","2025-07-28",1,20,0,0,20,0,20
"Espresso Shot Mirror","Default Title","PSDshot-mirror","2025-07-01","Australia","2025-07-15",1,24.16,0,0,24.16,2.41,26.57
"High Extraction He[%] Filter Baskets for a Fuller Coffee Experience","Pesado He[%] Basket - X-Large","PSD-HE-XL","2025-07-01","United States","2025-07-16",-1,0,0,-52.65,-52.65,0,-52.65
"Distribution Bundle","58mm Distribution Bundle / Black","DISTR_B","2025-07-01","Ireland","2025-07-01",1,151.96,-30.39,0,121.57,0,121.57
"Hybrid LM/E61/NS/GA Portafilter - Versatile Bottomless & Spouted","Nuova Simonelli / Black | Silver","PF02NS-BSL-HY","2025-07-01","Australia","2025-07-18",1,109.36,0,0,109.36,10.94,120.3
"Bottomless LM/E61/NS/GA Portafilter (Hybrid)","Breville 54mm / Black Full POM","PF00BR54-FullPOM-HY","2025-07-01","Australia","2025-07-13",1,65.8,0,0,65.8,6.58,72.38
"High Diffusion Espresso Shower Screen","MV - HD Shower Screen","PSD-HD-MV","2025-07-01","Australia","2025-07-27",14,735.82,-16.82,0,719,71.93,790.93
"Stainless Steel Milk Jug With Round Spout - 16.5oz / 490ml","Default Title","PSDjugWH","2025-07-01","Australia","2025-07-13",2,64.52,-12.9,0,51.62,5.17,56.79
"High Extraction He[%] Filter Baskets for a Fuller Coffee Experience","Pesado He[%] Basket - X-Large","PSD-HE-XL","2025-07-01","Australia","2025-07-08",6,302.63,0,0,302.63,30.26,332.89
"High Extraction He[%] Filter Baskets for a Fuller Coffee Experience","Pesado He[%] Basket - Large","PSD-HE-LG","2025-07-01","United States","2025-07-07",4,260,-19.5,0,240.5,0,240.5
"Pesado Single Dose Coffee Cellar Stand + 4 Pack of Bean Cellars","Default Title","PSD-Beanstand-combo","2025-07-01","United States","2025-07-23",1,75,0,0,75,0,75
"Pesado Portafilter Tamping Station","Default Title","PSD-TampingStation","2025-07-01","South Korea","2025-07-25",1,119.34,-11.93,0,107.41,0,107.41
"53.5 & 58.5mm Puck Diffuser Screen","53.5mm","PSD-puck-54","2025-07-01","Malaysia","2025-07-06",1,20.61,-2.06,0,18.55,0,18.55
"Naked/Bottomless Portafilter - Head Only (HYBRID)","E61 5mm","PFH00MV-HY","2025-07-01","United States","2025-07-01",1,67.5,0,0,67.5,0,67.5
"High Diffusion Espresso Shower Screen","54 - HD Shower Screen","PSD-HD-54","2025-07-01","Australia","2025-07-18",32,1419.99,-22.19,0,1397.8,139.86,1537.66
"Precision Espresso Portafilter & Basket Bundle - LM & E61","E61 5mm / Black","PRE_SETMV","2025-07-01","Australia","2025-07-29",1,159.92,0,0,159.92,15.99,175.91
"Bottomless LM/E61/NS/GA Portafilter (Hybrid)","E61 5mm / Black / Silver","PF00MV-BSL-HY","2025-07-01","Australia","2025-07-08",1,89.04,0,0,89.04,8.91,97.95
"Single-Dose Coffee Tubes (Bean Cellar 4-Pack)","Default Title","PSD-beantube","2025-07-01","Australia","2025-07-19",1,23.66,0,0,23.66,2.37,26.03
"High Extraction He[%] 54mm Breville Filter Basket - Dosing 18g-20g","Default Title","PSD-HE-54","2025-07-01","Malaysia","2025-07-06",1,66.57,-6.66,0,59.91,0,59.91
"Breville 54mm Portafilter & Basket Precision Bundle","Black","PRE-BR54-SET","2025-07-01","United States","2025-07-28",1,202,0,0,202,0,202
"Espresso Shot Mirror","Default Title","PSDshot-mirror","2025-07-01","United States","2025-07-09",1,28,0,0,28,0,28
"High Diffusion Espresso Shower Screen","54 - HD Shower Screen","PSD-HD-54","2025-07-01","Canada","2025-07-25",1,51.2,0,0,51.2,0,51.2
"High Diffusion Espresso Shower Screen","MV - HD Shower Screen","PSD-HD-MV","2025-07-01","Spain","2025-07-06",3,169.41,0,0,169.41,0,169.41
"High Extraction He[%] Filter Baskets for a Fuller Coffee Experience","Pesado He[%] Basket - X-Large","PSD-HE-XL","2025-07-01","United States","2025-07-03",1,130,-6.5,-65,58.5,0,58.5
"Naked/Bottomless Portafilter - Head Only (HYBRID)","E61 5mm","PFH00MV-HY","2025-07-01","Thailand","2025-07-24",2,137.74,0,0,137.74,0,137.74
"High Diffusion Espresso Shower Screen","MV - HD Shower Screen","PSD-HD-MV","2025-07-01","Australia","2025-07-24",23,1215.34,-32.73,0,1182.61,118.27,1300.88
"Stainless Steel Milk Jug With Round Spout - 16.5oz / 490ml","Default Title","PSDjugWH","2025-07-01","Australia","2025-07-10",3,96.84,-12.9,0,83.94,8.4,92.34
"Single-Dose Coffee Tubes (Bean Cellar 4-Pack)","Default Title","PSD-beantube","2025-07-01","United States","2025-07-13",2,54,-5.41,0,48.59,0,48.59
"Sunrise Ceramic Coffee Cup and Saucer Set (White)","Default Title","PSD-CeramicSet","2025-07-01","Australia","2025-07-14",3,26.78,0,0,26.78,2.68,29.46
"High Extraction He[%] Filter Baskets for a Fuller Coffee Experience","Pesado He[%] Basket - Medium","PSD-HE-ME","2025-07-01","United States","2025-07-21",1,65,0,0,65,0,65
"High Extraction He[%] Filter Baskets for a Fuller Coffee Experience","Pesado He[%] Basket - Large","PSD-HE-LG","2025-07-01","United States","2025-07-12",4,260,0,0,260,0,260
"High Extraction He[%] Filter Baskets for a Fuller Coffee Experience","Pesado He[%] Basket - X-Large","PSD-HE-XL","2025-07-01","Australia","2025-07-11",1,50.89,0,0,50.89,5.09,55.98
"High Extraction He[%] Filter Baskets for a Fuller Coffee Experience","Pesado He[%] Basket - Medium","PSD-HE-ME","2025-07-01","Australia","2025-07-15",1,50.44,0,0,50.44,5.05,55.49
"53.5 & 58.5mm Puck Diffuser Screen","53.5mm","PSD-puck-54","2025-07-01","Romania","2025-07-14",2,40.94,0,0,40.94,0,40.94
"Hybrid Breville 54/58mm Portafilter - Versatile and Easy to Use","Breville 54 / Black Full POM","PF02BR54-FullPOM-HY","2025-07-01","United States","2025-07-15",2,230,-28.75,0,201.25,0,201.25
"High Extraction He[%] 54mm Breville Filter Basket - Dosing 18g-20g","Default Title","PSD-HE-54","2025-07-01","United States","2025-07-27",3,190.6,-7.8,0,182.8,4.4,187.2
"Precision 58mm Breville Bundle: 58mm Portafilter & He[%] Basket","Black","PRE-BR58-SET","2025-07-01","Australia","2025-07-19",2,319.42,0,0,319.42,31.94,351.36
"Dosing Cup","54mm Dosing Cup / Black","PSDdosingCup-BK-54","2025-07-01","United States","2025-07-26",1,26.25,0,0,26.25,0,26.25
"53.5 & 58.5mm Puck Diffuser Screen","58.5mm","PSD-puck","2025-07-01","United States","2025-07-11",1,20,-3,0,17,0,17
"High Diffusion Espresso Shower Screen","LM - HD Shower Screen","PSD-HD-LM","2025-07-01","United States","2025-07-24",3,165,0,0,165,0,165
"High Extraction He[%] 54mm Breville Filter Basket - Dosing 18g-20g","Default Title","PSD-HE-54","2025-07-01","Australia","2025-07-20",2,100.56,-7.54,0,93.02,9.3,102.32
"Magnetic Espresso Dosing Ring","58mm Dosing Ring / Black","V2-PSDring-58mm","2025-07-01","Australia","2025-07-04",1,20.01,0,0,20.01,2,22.01
"Impact Gravity Espresso Grounds Distributor (58.4mm)","Black","V2-PSD-distributor","2025-07-01","Taiwan","2025-07-21",1,122.41,0,0,122.41,0,122.41
"53.5 & 58.5mm Puck Diffuser Screen","53.5mm","PSD-puck-54","2025-07-01","Australia","2025-07-17",8,129.54,-2.42,0,127.12,12.71,139.83
"Pesado EP Filter Basket","EP-Breville54-18g","EP-BR-18g","2025-07-01","United States","2025-07-09",1,20,-2,0,18,0,18
"Stainless Steel Milk Jug With Round Spout - 16.5oz / 490ml","Default Title","PSDjugWH","2025-07-01","United States","2025-07-04",1,34.35,-6.87,0,27.48,0,27.48
"Alloy Modular Stand for Clump Crusher (WDT tool)","Default Title","PSDcrusher-Stand","2025-07-01","Malaysia","2025-07-13",1,18.58,0,0,18.58,0,18.58
"High Diffusion Espresso Shower Screen","E61 - HD Shower Screen","PSD-HD-E61","2025-07-01","Brunei","2025-07-06",1,60.44,0,0,60.44,0,60.44
"Pesado EP Filter Basket","EP-Breville54-18g","EP-BR-18g","2025-07-01","Australia","2025-07-29",3,53.3,-3.54,0,49.76,4.98,54.74
"Pesado Portafilter Tamping Station","Default Title","PSD-TampingStation","2025-07-01","Australia","2025-07-17",1,106.19,0,0,106.19,10.62,116.81
"Magnetic Espresso Dosing Ring","58mm Dosing Ring / Black","V2-PSDring-58mm","2025-07-01","United States","2025-07-01",1,22.5,0,0,22.5,0,22.5
"Metallic Stainless Steel Leva Accents","Silver","V2-PSDleva-silver","2025-07-01","Singapore","2025-07-05",2,42.38,-6.36,0,36.02,0,36.02
"High Extraction He[%] Filter Baskets for a Fuller Coffee Experience","Pesado He[%] Basket - Large","PSD-HE-LG","2025-07-01","Australia","2025-07-05",1,50.63,0,0,50.63,5.07,55.7
"High Diffusion Espresso Shower Screen","MV - HD Shower Screen","PSD-HD-MV","2025-07-01","Canada","2025-07-20",0,56.1,0,-56.1,0,0,0
"High Extraction He[%] Filter Baskets for a Fuller Coffee Experience","Pesado He[%] Basket - Medium","PSD-HE-ME","2025-07-01","Kuwait","2025-07-06",1,65,0,0,65,0,65
"High Diffusion Espresso Shower Screen","E61 - HD Shower Screen","PSD-HD-E61","2025-07-01","Australia","2025-07-07",1,56.06,0,0,56.06,5.61,61.67
"Portafilter with a Double Spout for Espresso Machines","Breville 54 / White | Black","PF02BR54-WBK","2025-07-01","United States","2025-07-17",1,112,-16.8,0,95.2,0,95.2
"High Diffusion Espresso Shower Screen","54 - HD Shower Screen","PSD-HD-54","2025-07-01","United States","2025-07-13",16,850,-15,-45,790,0,790
"Wooden Clump Crusher - WDT Distribution Tool for Fluffy Espresso Puck","Iris","PSDcrusherIRIS","2025-07-01","United States","2025-07-17",1,34.35,0,0,34.35,0,34.35
"Wooden Leva Accents","Raya","PSDleva-Raya","2025-07-01","Australia","2025-07-05",1,21.45,0,0,21.45,2.14,23.59
"53.5 & 58.5mm Puck Diffuser Screen","53.5mm","PSD-puck-54","2025-07-01","Israel","2025-07-12",1,20.41,0,0,20.41,0,20.41
"Pesado EP Filter Basket","EP-Breville54-20g","EP-BR-20g","2025-07-01","Australia","2025-07-20",2,35.48,-1.77,0,33.71,3.37,37.08
"53.5 & 58.5mm Puck Diffuser Screen","58.5mm","PSD-puck","2025-07-01","Netherlands","2025-07-18",2,41.78,0,0,41.78,0,41.78
"High Diffusion Espresso Shower Screen","E61 - HD Shower Screen","PSD-HD-E61","2025-07-01","Australia","2025-07-19",2,112.38,0,0,112.38,11.24,123.62
"Pesado Portafilter Tamping Station","Default Title","PSD-TampingStation","2025-07-01","Australia","2025-07-29",1,106.76,-12.8,0,93.96,9.4,103.36
"Hybrid Breville 54/58mm Portafilter - Versatile and Easy to Use","Breville 54 / Black | Silver","PF02BR54-BSL-HY","2025-07-01","United States","2025-07-05",1,137,0,0,137,0,137
"53.5 & 58.5mm Puck Diffuser Screen","58.5mm","PSD-puck","2025-07-01","Australia","2025-07-14",2,32.82,0,0,32.82,3.28,36.1
"High Extraction He[%] Filter Baskets for a Fuller Coffee Experience","Pesado He[%] Basket - Large","PSD-HE-LG","2025-07-01","Australia","2025-07-25",2,101.49,-5.07,0,96.42,9.64,106.06
"Pesado 58.5 Portafilter Hybrid Head - Versatile & Easy to Use","Breville 58mm Hybrid","PFH02BR58-HY","2025-07-01","Australia","2025-07-04",1,71.69,-7.17,0,64.52,6.45,70.97
"High Diffusion Espresso Shower Screen","E61 - HD Shower Screen","PSD-HD-E61","2025-07-01","United States","2025-07-12",4,236,0,0,236,0,236
"High Diffusion Espresso Shower Screen","MV - HD Shower Screen","PSD-HD-MV","2025-07-01","United States","2025-07-12",1,55,0,0,55,0,55
"High Extraction He[%] 54mm Breville Filter Basket - Dosing 18g-20g","Default Title","PSD-HE-54","2025-07-01","Australia","2025-07-08",1,50.55,0,0,50.55,5.06,55.61
"Magnetic Espresso Dosing Ring","54mm Dosing Ring / Black","V2-PSDring-54mm","2025-07-01","United States","2025-07-23",2,45,0,0,45,0,45
"Pesado EP Filter Basket","EP-Breville54-18g","EP-BR-18g","2025-07-01","United States","2025-07-21",2,40,-4,0,36,0,36
"53.5 & 58.5mm Puck Diffuser Screen","53.5mm","PSD-puck-54","2025-07-01","Australia","2025-07-29",3,48.85,0,0,48.85,4.89,53.74
"Hybrid Breville 54/58mm Portafilter - Versatile and Easy to Use","Breville 54 / White Full POM","PF02BR54-WHPOM-HY","2025-07-01","Australia","2025-07-20",1,91.67,-13.75,0,77.92,7.8,85.72
"High Diffusion Espresso Shower Screen","LM - HD Shower Screen","PSD-HD-LM","2025-07-01","United States","2025-07-04",3,165,0,0,165,0,165
"Dosing Bundle","Black","DOSING_B","2025-07-01","United States","2025-07-18",1,52.5,0,0,52.5,0,52.5
"High Extraction He[%] 54mm Breville Filter Basket - Dosing 18g-20g","Default Title","PSD-HE-54","2025-07-01","United States","2025-07-15",5,325,-26,0,299,0,299
"53.5 & 58.5mm Puck Diffuser Screen","58.5mm","PSD-puck","2025-07-01","United States","2025-07-31",1,20,-2,0,18,0,18
"Pesado EP Filter Basket","EP-22g","EP-22g","2025-07-01","Australia","2025-07-17",1,17.71,-2.65,0,15.06,1.51,16.57
"High Extraction He[%] Filter Baskets for a Fuller Coffee Experience","Pesado He[%] Basket - Small","PSD-HE-SM","2025-07-01","United States","2025-07-16",1,65,0,0,65,0,65
"High Diffusion Espresso Shower Screen","E61 - HD Shower Screen","PSD-HD-E61","2025-07-01","Germany","2025-07-28",1,60.55,0,0,60.55,0,60.55
"High Diffusion Espresso Shower Screen","54 - HD Shower Screen","PSD-HD-54","2025-07-01","Australia","2025-07-25",36,1612.15,-17.89,0,1594.26,159.54,1753.8
"High Extraction He[%] Filter Baskets for a Fuller Coffee Experience","Pesado He[%] Basket - Medium","PSD-HE-ME","2025-07-01","Australia","2025-07-27",1,50.82,-5.08,0,45.74,4.57,50.31
"High Extraction He[%] Filter Baskets for a Fuller Coffee Experience","Pesado He[%] Basket - Medium","PSD-HE-ME","2025-07-01","United States","2025-07-09",1,65,-6.5,0,58.5,0,58.5
"Stainless Steel Clump Crusher V2.0 (WDT espresso distribution tool)","Bronze","V2-PSDcrusher-Bronze","2025-07-01","Australia","2025-07-15",1,26.27,0,0,26.27,2.63,28.9
"Coffee Tamper: 58.5mm & 53.5mm","58.5mm With Black Base / Black / Black","PSDT-BKBase-BBK","2025-07-01","Australia","2025-07-30",1,70.38,-8.44,0,61.94,6.19,68.13
"Espresso Shot Mirror","Default Title","PSDshot-mirror","2025-07-01","United Kingdom","2025-07-16",1,29.53,-2.95,0,26.58,0,26.58
"High Diffusion Espresso Shower Screen","LM - HD Shower Screen","PSD-HD-LM","2025-07-01","Australia","2025-07-12",1,52.64,0,0,52.64,5.26,57.9
"High Diffusion Espresso Shower Screen","MV - HD Shower Screen","PSD-HD-MV","2025-07-01","Australia","2025-07-04",16,840.07,-5.24,0,834.83,83.49,918.32
"Dosing Bundle","Black","DOSING_B","2025-07-01","Taiwan","2025-07-23",1,41.53,0,0,41.53,0,41.53
"Pesado Single Dose Coffee Cellar Stand + 4 Pack of Bean Cellars","Default Title","PSD-Beanstand-combo","2025-07-01","Australia","2025-07-12",1,68.78,0,0,68.78,6.88,75.66
"53.5 & 58.5mm Puck Diffuser Screen","53.5mm","PSD-puck-54","2025-07-01","United States","2025-07-21",1,20,0,0,20,0,20
"Espresso Shot Mirror","Default Title","PSDshot-mirror","2025-07-01","Australia","2025-07-24",1,24.33,0,0,24.33,2.43,26.76
"Impact Gravity Espresso Grounds Distributor (58.4mm)","Black","V2-PSD-distributor","2025-07-01","Australia","2025-07-04",2,196.55,-9.82,0,186.73,18.68,205.41
"Espresso Shot Mirror","Default Title","PSDshot-mirror","2025-07-01","United States","2025-07-21",2,56,0,0,56,0,56
"Breville 54mm Portafilter & Basket Precision Bundle","Black","PRE-BR54-SET","2025-07-01","United States","2025-07-16",1,202,0,0,202,0,202
"Stand for (WDT) Clump Crusher 2.0","Default Title","V2-PSDcrusher-Stand","2025-07-01","Australia","2025-07-30",1,16.75,-1.67,0,15.08,1.51,16.59
"High Diffusion Espresso Shower Screen","54 - HD Shower Screen","PSD-HD-54","2025-07-01","Australia","2025-07-30",28,1234.4,-8.82,0,1225.58,122.61,1348.19
"Single-Dose Coffee Tubes (Bean Cellar 4-Pack)","Default Title","PSD-beantube","2025-07-01","Australia","2025-07-07",1,23.65,0,0,23.65,2.37,26.02
"Crusher Threaded Pin Assembly for DIY WDT Tool","WDT pin assembly (0.3mm)","PSD-PinUP","2025-07-01","Denmark","2025-07-12",1,14.41,0,0,14.41,0,14.41
"High Diffusion Espresso Shower Screen","54 - HD Shower Screen","PSD-HD-54","2025-07-01","Italy","2025-07-11",1,51.39,0,0,51.39,0,51.39
"Crusher Threaded Pin Assembly for DIY WDT Tool","WDT pin assembly (0.3mm)","PSD-PinUP","2025-07-01","United Kingdom","2025-07-25",2,29.62,0,0,29.62,0,29.62
"High Extraction He[%] Filter Baskets for a Fuller Coffee Experience","Pesado He[%] Basket - X-Large","PSD-HE-XL","2025-07-01","Australia","2025-07-20",1,50.33,0,0,50.33,5.03,55.36
"Magnetic Espresso Dosing Ring","58mm Dosing Ring / Black","V2-PSDring-58mm","2025-07-01","United States","2025-07-13",1,22.5,-2.25,0,20.25,0,20.25
"Sunrise Ceramic Coffee Cup and Saucer Set (White)","Default Title","PSD-CeramicSet","2025-07-01","Australia","2025-07-21",2,17.78,0,0,17.78,1.78,19.56
"Pesado 58.5 Portafilter Hybrid Head - Versatile & Easy to Use","Breville 54mm Hybrid Attachment Only","PSDHY-BR","2025-07-01","United States","2025-07-30",1,25,0,0,25,0,25
"High Extraction He[%] Filter Baskets for a Fuller Coffee Experience","Pesado He[%] Basket - Medium","PSD-HE-ME","2025-07-01","United States","2025-07-14",4,260,-13,0,247,0,247
"High Extraction He[%] Filter Baskets for a Fuller Coffee Experience","Pesado He[%] Basket - Large","PSD-HE-LG","2025-07-01","United States","2025-07-19",1,65,-9.75,0,55.25,0,55.25
"Pesado EP Filter Basket","EP-18g","EP-18g","2025-07-01","United States","2025-07-06",2,40,-3,0,37,0,37
"High Diffusion Espresso Shower Screen","MV - HD Shower Screen","PSD-HD-MV","2025-07-01","Australia","2025-07-15",20,1044.54,-18.28,0,1026.26,102.62,1128.88
"Naked/Bottomless Portafilter - Head Only (HYBRID)","Breville 54mm","PFH00BR54-HY","2025-07-01","United States","2025-07-15",1,67.5,0,0,67.5,0,67.5
"Coffee Tamper: 58.5mm & 53.5mm","58.5mm With Black Base / White / Haze","PSDT-BKBase-WHz","2025-07-01","Australia","2025-07-04",1,71.69,0,0,71.69,7.17,78.86
"Hybrid LM/E61/NS/GA Portafilter - Versatile Bottomless & Spouted","E61 5mm / Black | Dusk","PF02MV-BDK-HY","2025-07-01","Australia","2025-07-12",1,110.65,0,0,110.65,11.07,121.72
"Spring-Loaded Self-Leveling Tamper – Pesado x AD Coffee","Default Title","PSD-ADcoffee-Tamper","2025-07-01","Australia","2025-07-10",1,107.45,-16.1,0,91.35,9.13,100.48
"Dusk & Haze Clump Crusher (WDT tool)","Haze","PSDcrusher-Haze","2025-07-01","Australia","2025-07-12",1,26.32,0,0,26.32,2.63,28.95
"Dosing Cup","54mm Dosing Cup / Black","PSDdosingCup-BK-54","2025-07-01","Australia","2025-07-09",1,20.82,0,0,20.82,2.08,22.9
"High Diffusion Espresso Shower Screen","54 - HD Shower Screen","PSD-HD-54","2025-07-01","United States","2025-07-22",41,2050,-25,0,2025,0,2025
"Pesado EP Filter Basket","EP-Breville54-20g","EP-BR-20g","2025-07-01","United States","2025-07-22",3,60,-6,0,54,0,54
"Pesado EP Filter Basket","EP-Breville54-20g","EP-BR-20g","2025-07-01","Australia","2025-07-31",2,35.14,-3.51,0,31.63,3.15,34.78
"Pesado EP Filter Basket","EP-18g","EP-18g","2025-07-01","Kuwait","2025-07-06",1,20,0,0,20,0,20
"High Diffusion Espresso Shower Screen","E61 - HD Shower Screen","PSD-HD-E61","2025-07-01","United States","2025-07-07",8,590,-41.3,-118,430.7,0,430.7
"High Extraction He[%] Filter Baskets for a Fuller Coffee Experience","Pesado He[%] Basket - Large","PSD-HE-LG","2025-07-01","Australia","2025-07-30",3,150.31,-15.03,0,135.28,13.53,148.81
"Metallic Stainless Steel Leva Accents","Gold","V2-PSDleva-gold","2025-07-01","United States","2025-07-13",1,20.4,-2.04,0,18.36,0,18.36
"High Diffusion Espresso Shower Screen","LM - HD Shower Screen","PSD-HD-LM","2025-07-01","United States","2025-07-15",3,165,0,0,165,0,165
"High Extraction He[%] 54mm Breville Filter Basket - Dosing 18g-20g","Default Title","PSD-HE-54","2025-07-01","Australia","2025-07-11",3,152.52,0,0,152.52,15.26,167.78
"Hybrid LM/E61/NS/GA Portafilter - Versatile Bottomless & Spouted","E61 5mm / Black | Haze","PF02MV-BHZ-HY","2025-07-01","Japan","2025-07-21",1,148.18,0,0,148.18,0,148.18
"High Diffusion Espresso Shower Screen","MV - HD Shower Screen","PSD-HD-MV","2025-07-01","United States","2025-07-07",3,165,-5.5,0,159.5,0,159.5
"High Extraction He[%] Filter Baskets for a Fuller Coffee Experience","Pesado He[%] Basket - Medium","PSD-HE-ME","2025-07-01","Hong Kong","2025-07-23",1,66.37,-6.64,0,59.73,0,59.73
"Stainless Steel Milk Jug With Round Spout - 16.5oz / 490ml","Default Title","PSDjugWH","2025-07-01","United States","2025-07-27",1,34.35,0,0,34.35,0,34.35
"Magnetic Espresso Dosing Ring","54mm Dosing Ring / Black","V2-PSDring-54mm","2025-07-01","United States","2025-07-28",1,22.5,0,0,22.5,0,22.5
"Stand for (WDT) Clump Crusher 2.0","Default Title","V2-PSDcrusher-Stand","2025-07-01","United States","2025-07-16",1,18,0,0,18,0,18
"53.5 & 58.5mm Puck Diffuser Screen","53.5mm","PSD-puck-54","2025-07-01","Australia","2025-07-26",3,49.23,0,0,49.23,4.92,54.15
"Hybrid Breville 54/58mm Portafilter - Versatile and Easy to Use","Breville 54 / Black | Riga","PF02BR54BK-Riga-HY","2025-07-01","United States","2025-07-05",1,145,0,0,145,0,145
"53.5 & 58.5mm Puck Diffuser Screen","58.5mm","PSD-puck","2025-07-01","Denmark","2025-07-12",1,20.52,0,0,20.52,0,20.52
"53.5 & 58.5mm Puck Diffuser Screen","58.5mm","PSD-puck","2025-07-01","United States","2025-07-20",4,80,0,0,80,0,80
"High Diffusion Espresso Shower Screen","E61 - HD Shower Screen","PSD-HD-E61","2025-07-01","Kuwait","2025-07-06",1,59,0,0,59,0,59
"Pesado Portafilter Tamping Station","Default Title","PSD-TampingStation","2025-07-01","Australia","2025-07-30",1,105.57,-10.55,0,95.02,9.5,104.52
"Dusk & Haze Clump Crusher (WDT tool)","Dusk","PSDcrusher-Dusk","2025-07-01","United States","2025-07-15",1,34.35,0,0,34.35,0,34.35
"High Diffusion Espresso Shower Screen","E61 - HD Shower Screen","PSD-HD-E61","2025-07-01","Australia","2025-07-20",1,56.19,0,0,56.19,5.62,61.81
"High Diffusion Espresso Shower Screen","E61 - HD Shower Screen","PSD-HD-E61","2025-07-01","United States","2025-07-11",6,354,-8.85,0,345.15,0,345.15
"High Extraction He[%] Filter Baskets for a Fuller Coffee Experience","Pesado He[%] Basket - Large","PSD-HE-LG","2025-07-01","Australia","2025-07-26",2,101.46,-5.07,0,96.39,9.63,106.02
"Hybrid Breville 54/58mm Portafilter - Versatile and Easy to Use","Breville 54 / Black | Silver","PF02BR54-BSL-HY","2025-07-01","United States","2025-07-06",1,137,-13.7,0,123.3,0,123.3
"Precision 58mm Breville Bundle: 58mm Portafilter & He[%] Basket","Black","PRE-BR58-SET","2025-07-01","United States","2025-07-31",1,202,-20.2,0,181.8,0,181.8
"Pesado 58.5 Portafilter Hybrid Head - Versatile & Easy to Use","E61 5mm Hybrid","PFH02MV-HY","2025-07-01","Germany","2025-07-30",1,95.18,0,0,95.18,0,95.18
"Stainless Steel Clump Crusher V2.0 (WDT espresso distribution tool)","Black","V2-PSDcrusher-Black","2025-07-01","United States","2025-07-22",2,68.7,-3.43,0,65.27,0,65.27
"Dosing Cup","58mm Dosing Cup / White","PSDdosingCup-WH","2025-07-01","Australia","2025-07-03",1,20.9,-5.22,0,15.68,1.57,17.25
"Bottomless LM/E61/NS/GA Portafilter (Hybrid)","E61 5mm / Black / Silver","PF00MV-BSL-HY","2025-07-01","United States","2025-07-12",1,112,0,0,112,0,112
"High Diffusion Espresso Shower Screen","54 - HD Shower Screen","PSD-HD-54","2025-07-01","United Kingdom","2025-07-12",2,102.56,0,0,102.56,0,102.56
"Dosing Bundle","Black","DOSING_B","2025-07-01","United States","2025-07-17",1,52.5,-5.25,0,47.25,0,47.25
"Alloy Modular Stand for Clump Crusher (WDT tool)","Default Title","PSDcrusher-Stand","2025-07-01","United States","2025-07-22",1,18,0,0,18,0,18
"Alloy Modular Stand for Clump Crusher (WDT tool)","Default Title","PSDcrusher-Stand","2025-07-01","Australia","2025-07-13",1,17.11,0,0,17.11,1.71,18.82
"High Extraction He[%] 54mm Breville Filter Basket - Dosing 18g-20g","Default Title","PSD-HE-54","2025-07-01","United States","2025-07-16",4,260,-6.5,0,253.5,0,253.5
"High Diffusion Espresso Shower Screen","MV - HD Shower Screen","PSD-HD-MV","2025-07-01","United States","2025-07-11",7,385,0,0,385,0,385
"Hybrid LM/E61/NS/GA Portafilter - Versatile Bottomless & Spouted","E61 5mm / Raya","PF02MVRaya-HY","2025-07-01","United States","2025-07-01",1,145,-21.75,0,123.25,0,123.25
"Pesado EP Filter Basket","EP-Breville54-18g","EP-BR-18g","2025-07-01","United States","2025-07-22",4,80,-8,0,72,0,72
"Depth Adjuster","Default Title","PSdepth","2025-07-01","Malaysia","2025-07-13",1,46.09,0,0,46.09,0,46.09
"Stand for (WDT) Clump Crusher 2.0","Default Title","V2-PSDcrusher-Stand","2025-07-01","United States","2025-07-04",1,18,0,0,18,0,18
"53.5 & 58.5mm Puck Diffuser Screen","53.5mm","PSD-puck-54","2025-07-01","Australia","2025-07-30",1,16.3,0,0,16.3,1.63,17.93
"Pesado 58.5 Portafilter Hybrid Head - Versatile & Easy to Use","LM/E61 & NS/BR58mm Hybrid Attachment Only","PSDHY","2025-07-01","United States","2025-07-28",1,25,-2.5,0,22.5,0,22.5
"Magnetic Espresso Dosing Ring","58mm Dosing Ring / Black","V2-PSDring-58mm","2025-07-01","Australia","2025-07-23",1,20.1,0,0,20.1,2.01,22.11
"Stainless Steel Milk Jug With Round Spout - 16.5oz / 490ml","Default Title","PSDjugWH","2025-07-01","Australia","2025-07-02",1,32.28,-6.45,0,25.83,2.58,28.41
"High Diffusion Espresso Shower Screen","LM - HD Shower Screen","PSD-HD-LM","2025-07-01","United States","2025-07-03",3,165,-5.5,0,159.5,0,159.5
"Crusher Threaded Pin Assembly for DIY WDT Tool","4 pack of WDT pins","PSD-removablepins","2025-07-01","United States","2025-07-13",2,2,-0.2,0,1.8,0,1.8
"Precision Cut Espresso & Coffee Tamper Base for Maximum Yield","54mm Base","PSDTBR54base","2025-07-01","Australia","2025-07-03",1,41.85,0,0,41.85,4.18,46.03
"High Extraction He[%] Filter Baskets for a Fuller Coffee Experience","Pesado He[%] Basket - Medium","PSD-HE-ME","2025-07-01","United States","2025-07-10",1,65,-6.5,0,58.5,0,58.5
"Magnetic Espresso Dosing Ring","58mm Dosing Ring / Black","V2-PSDring-58mm","2025-07-01","United States","2025-07-09",1,22.5,0,0,22.5,0,22.5
"High Extraction He[%] Filter Baskets for a Fuller Coffee Experience","Pesado He[%] Basket - Small","PSD-HE-SM","2025-07-01","Australia","2025-07-16",1,50.42,-7.56,0,42.86,4.29,47.15
"Modular Puck Screen Holder - Aluminum Matte Black","Default Title","PSD-PuckHolder","2025-07-01","Australia","2025-07-01",1,17.94,-1.79,0,16.15,1.61,17.76
"High Diffusion Espresso Shower Screen","54 - HD Shower Screen","PSD-HD-54","2025-07-01","Australia","2025-07-26",29,1298.04,0,0,1298.04,129.92,1427.96
"Stainless Steel Clump Crusher V2.0 (WDT espresso distribution tool)","Black","V2-PSDcrusher-Black","2025-07-01","Australia","2025-07-30",2,51.59,-5.16,0,46.43,4.64,51.07
"Pesado EP Filter Basket","EP-22g","EP-22g","2025-07-01","Australia","2025-07-18",1,17.74,0,0,17.74,1.78,19.52
"Single-Dose Coffee Tubes (Bean Cellar 4-Pack)","Default Title","PSD-beantube","2025-07-01","Australia","2025-07-11",1,23.92,0,0,23.92,2.39,26.31
"Espresso Shot Mirror","Default Title","PSDshot-mirror","2025-07-01","United States","2025-07-22",4,112,-5.6,0,106.4,0,106.4
"Pesado Single Dose Coffee Cellar Stand + 4 Pack of Bean Cellars","Default Title","PSD-Beanstand-combo","2025-07-01","Australia","2025-07-11",1,68.78,0,0,68.78,6.88,75.66
"Impact Gravity Espresso Grounds Distributor (58.4mm)","Black","V2-PSD-distributor","2025-07-01","Hong Kong","2025-07-22",1,122.43,-12.24,0,110.19,0,110.19
"53.5 & 58.5mm Puck Diffuser Screen","53.5mm","PSD-puck-54","2025-07-01","United States","2025-07-22",5,100,0,0,100,0,100
"Pesado EP Filter Basket","EP-18g","EP-18g","2025-07-01","United States","2025-07-18",2,40,0,0,40,0,40
"High Extraction He[%] Filter Baskets for a Fuller Coffee Experience","Pesado He[%] Basket - X-Large","PSD-HE-XL","2025-07-01","United States","2025-07-24",2,130,-6.5,0,123.5,0,123.5
"High Diffusion Espresso Shower Screen","MV - HD Shower Screen","PSD-HD-MV","2025-07-01","Australia","2025-07-03",9,473.32,-5.26,0,468.06,46.81,514.87
"High Extraction He[%] Filter Baskets for a Fuller Coffee Experience","Pesado He[%] Basket - X-Large","PSD-HE-XL","2025-07-01","Australia","2025-07-19",1,50.28,0,0,50.28,5.03,55.31
"Sunrise Ceramic Coffee Cup and Saucer Set (White)","Default Title","PSD-CeramicSet","2025-07-01","Australia","2025-07-22",1,8.89,0,0,8.89,0.89,9.78
"High Extraction He[%] Filter Baskets for a Fuller Coffee Experience","Pesado He[%] Basket - Large","PSD-HE-LG","2025-07-01","United States","2025-07-20",1,65,-6.5,0,58.5,0,58.5
"Magnetic Espresso Dosing Ring","58mm Dosing Ring / Black","V2-PSDring-58mm","2025-07-01","United States","2025-07-14",1,22.5,-2.25,0,20.25,0,20.25
"Stainless Steel Clump Crusher V2.0 (WDT espresso distribution tool)","Bronze","V2-PSDcrusher-Bronze","2025-07-01","United States","2025-07-28",1,34.35,-3.44,0,30.91,0,30.91
"High Diffusion Espresso Shower Screen","54 - HD Shower Screen","PSD-HD-54","2025-07-01","Australia","2025-07-29",31,1376.1,-8.88,0,1367.22,136.76,1503.98
"Hybrid LM/E61/NS/GA Portafilter - Versatile Bottomless & Spouted","E61 5mm / Black | Gold","PF02MV-BGD-HY","2025-07-01","United States","2025-07-12",1,137,0,0,137,0,137
"Portafilter with a Double Spout for Espresso Machines","La Marzocco / E61 / Black | Riga","PF02LMBK-Riga","2025-07-01","Australia","2025-07-08",1,95,-14.25,0,80.75,8.07,88.82
"High Diffusion Espresso Shower Screen","MV - HD Shower Screen","PSD-HD-MV","2025-07-01","Ireland","2025-07-30",1,56.58,0,0,56.58,0,56.58
"Pesado 58.5 Portafilter Hybrid Head - Versatile & Easy to Use","LM/E61 & NS/BR58mm Hybrid Attachment Only","PSDHY","2025-07-01","Australia","2025-07-31",1,22.5,-22.5,0,0,0,0
"Espresso Shot Mirror","Default Title","PSDshot-mirror","2025-07-01","Australia","2025-07-28",1,24.03,0,0,24.03,2.4,26.43
"High Diffusion Espresso Shower Screen","MV - HD Shower Screen","PSD-HD-MV","2025-07-01","Australia","2025-07-16",21,1095.04,-36.42,0,1058.62,105.85,1164.47
"Depth Adjuster","Default Title","PSdepth","2025-07-01","United States","2025-07-15",1,45,0,0,45,0,45
"Impact Gravity Espresso Grounds Distributor (58.4mm)","Black","V2-PSD-distributor","2025-07-01","Japan","2025-07-14",-1,0,0,-110.5,-110.5,0,-110.5
"Hybrid Breville 54/58mm Portafilter - Versatile and Easy to Use","Breville 54 / Black | Dusk","PF02BR54-BDK-HY","2025-07-01","Australia","2025-07-17",1,109.14,0,0,109.14,10.92,120.06
"53.5 & 58.5mm Puck Diffuser Screen","58.5mm","PSD-puck","2025-07-01","Australia","2025-07-10",3,49.3,-2.46,0,46.84,4.68,51.52
"Pesado EP Filter Basket","EP-Breville54-18g","EP-BR-18g","2025-07-01","Australia","2025-07-05",1,17.87,0,0,17.87,1.79,19.66
"High Diffusion Espresso Shower Screen","E61 - HD Shower Screen","PSD-HD-E61","2025-07-01","United States","2025-07-08",2,118,-11.8,0,106.2,0,106.2
"High Diffusion Espresso Shower Screen","E61 - HD Shower Screen","PSD-HD-E61","2025-07-01","Australia","2025-07-31",4,222.72,0,0,222.72,22.29,245.01
"Pesado EP Filter Basket","EP-Breville54-20g","EP-BR-20g","2025-07-01","United States","2025-07-21",1,20,-2,0,18,0,18
"Modular Portafilter Handles","White / Dusk","PSDHMODWDK","2025-07-01","United States","2025-07-15",1,55,0,0,55,0,55
"Precision 58mm Breville Bundle: 58mm Portafilter & He[%] Basket","Black","PRE-BR58-SET","2025-07-01","United States","2025-07-20",1,202,0,0,202,0,202
"Hybrid Breville 54/58mm Portafilter - Versatile and Easy to Use","Breville 54 / Black Full POM","PF02BR54-FullPOM-HY","2025-07-01","New Zealand","2025-07-20",1,100.85,0,0,100.85,0,100.85
"High Extraction He[%] 54mm Breville Filter Basket - Dosing 18g-20g","Default Title","PSD-HE-54","2025-07-01","Canada","2025-07-16",1,66.32,0,0,66.32,0,66.32
"Stand for (WDT) Clump Crusher 2.0","Default Title","V2-PSDcrusher-Stand","2025-07-01","Netherlands","2025-07-03",1,18.82,0,0,18.82,0,18.82
"Coffee Tamper: 58.5mm & 53.5mm","58.5mm / Black / Riga","PSDTMBKRiga","2025-07-01","Japan","2025-07-31",1,99.68,-11.96,0,87.72,0,87.72
"High Diffusion Espresso Shower Screen","54 - HD Shower Screen","PSD-HD-54","2025-07-01","United States","2025-07-21",27,1350,-5,0,1345,0,1345
"Pesado EP Filter Basket","EP-20g","EP-20g","2025-07-01","Australia","2025-07-31",2,35.15,-1.74,0,33.41,3.35,36.76
"Dosing Cup","54mm Dosing Cup / White","PSDdosingCup-WH-54","2025-07-01","Australia","2025-07-03",-1,0,0,-15.51,-15.51,-1.55,-17.06
"Portafilter with a Double Spout for Espresso Machines","La Marzocco / E61 / Black Full Pom","PF02LM-FullPOM","2025-07-01","Australia","2025-07-04",1,65.56,0,0,65.56,6.56,72.12
"Stainless Steel Clump Crusher V2.0 (WDT espresso distribution tool)","Silver","V2-PSDcrusher-Silver","2025-07-01","Australia","2025-07-29",1,26.1,0,0,26.1,2.61,28.71
"53.5 & 58.5mm Puck Diffuser Screen","58.5mm","PSD-puck","2025-07-01","United States","2025-07-19",5,100,-5,0,95,0,95
"Stainless Steel Clump Crusher V2.0 (WDT espresso distribution tool)","Silver","V2-PSDcrusher-Silver","2025-07-01","United States","2025-07-06",1,34.35,0,0,34.35,0,34.35
"Stand for (WDT) Clump Crusher 2.0","Default Title","V2-PSDcrusher-Stand","2025-07-01","United States","2025-07-15",2,36,-1.8,0,34.2,0,34.2
"High Diffusion Espresso Shower Screen","LM - HD Shower Screen","PSD-HD-LM","2025-07-01","United States","2025-07-16",21,1155,-330,0,825,0,825
"53.5 & 58.5mm Puck Diffuser Screen","53.5mm","PSD-puck-54","2025-07-01","Australia","2025-07-25",4,65.7,0,0,65.7,6.57,72.27
"High Extraction He[%] 54mm Breville Filter Basket - Dosing 18g-20g","Default Title","PSD-HE-54","2025-07-01","Australia","2025-07-12",1,50.84,-7.62,0,43.22,4.32,47.54
"Wooden Leva Accents","Riga","PSDleva-Riga","2025-07-01","Germany","2025-07-19",1,20.87,0,0,20.87,0,20.87
"Magnetic Espresso Dosing Ring","54mm Dosing Ring / Black","V2-PSDring-54mm","2025-07-01","United States","2025-07-27",1,22.5,-2.25,0,20.25,0,20.25
"High Diffusion Espresso Shower Screen","MV - HD Shower Screen","PSD-HD-MV","2025-07-01","United States","2025-07-08",-1,0,0,-55,-55,0,-55
"High Diffusion Espresso Shower Screen","54 - HD Shower Screen","PSD-HD-54","2025-07-01","Slovenia","2025-07-25",1,51.52,0,0,51.52,0,51.52
"High Extraction He[%] Filter Baskets for a Fuller Coffee Experience","Pesado He[%] Basket - Large","PSD-HE-LG","2025-07-01","Poland","2025-07-22",2,132.98,0,0,132.98,0,132.98
"High Diffusion Espresso Shower Screen","MV - HD Shower Screen","PSD-HD-MV","2025-07-01","United States","2025-07-20",6,330,-19.25,0,310.75,0,310.75
"High Diffusion Espresso Shower Screen","LM - HD Shower Screen","PSD-HD-LM","2025-07-01","United States","2025-07-28",1,55,0,0,55,0,55
"Stainless Steel Milk Jug With Round Spout - 16.5oz / 490ml","Default Title","PSDjugWH","2025-07-01","United States","2025-07-16",2,68.7,-13.74,0,54.96,0,54.96
"Magnetic Espresso Dosing Ring","54mm Dosing Ring / Black","V2-PSDring-54mm","2025-07-01","United States","2025-07-15",1,22.5,-2.25,0,20.25,0,20.25
"High Diffusion Espresso Shower Screen","MV - HD Shower Screen","PSD-HD-MV","2025-07-01","South Korea","2025-07-23",1,58.2,0,0,58.2,0,58.2
"Hybrid LM/E61/NS/GA Portafilter - Versatile Bottomless & Spouted","La Marzocco 6mm / Black Full Pom","PF02LM-FullPOM-HY","2025-07-01","Australia","2025-07-17",1,91.43,0,0,91.43,9.14,100.57
"Stainless Steel Clump Crusher V2.0 (WDT espresso distribution tool)","Silver","V2-PSDcrusher-Silver","2025-07-01","Australia","2025-07-17",1,25.86,0,0,25.86,2.59,28.45
"Alloy Modular Stand for Clump Crusher (WDT tool)","Default Title","PSDcrusher-Stand","2025-07-01","United States","2025-07-13",2,36,0,0,36,0,36
"Coffee Tamper: 58.5mm & 53.5mm","58.5mm / Black / Riga","PSDTMBKRiga","2025-07-01","United States","2025-07-12",1,97.5,0,0,97.5,0,97.5
"53.5 & 58.5mm Puck Diffuser Screen","58.5mm","PSD-puck","2025-07-01","United States","2025-07-07",4,80,0,0,80,0,80
"Alloy Modular Stand for Clump Crusher (WDT tool)","Default Title","PSDcrusher-Stand","2025-07-01","Australia","2025-07-22",1,16.94,0,0,16.94,1.69,18.63
"Spring-Loaded Self-Leveling Tamper – Pesado x AD Coffee","Default Title","PSD-ADcoffee-Tamper","2025-07-01","Australia","2025-07-02",1,107.38,-16.1,0,91.28,9.13,100.41
"Impact Gravity Espresso Grounds Distributor (58.4mm)","Black","V2-PSD-distributor","2025-07-01","United States","2025-07-20",1,120,0,0,120,0,120
"Pesado EP Filter Basket","EP-20g","EP-20g","2025-07-01","Australia","2025-07-11",1,17.94,0,0,17.94,1.8,19.74
"High Extraction He[%] 54mm Breville Filter Basket - Dosing 18g-20g","Default Title","PSD-HE-54","2025-07-01","United States","2025-07-23",5,325,0,0,325,0,325
"Bottomless LM/E61/NS/GA Portafilter (Hybrid)","Breville 54mm / Black / Dusk","PF00BR54-BDK-HY","2025-07-01","Australia","2025-07-21",1,88.79,-13.31,0,75.48,7.55,83.03
"Hybrid LM/E61/NS/GA Portafilter - Versatile Bottomless & Spouted","La Marzocco 6mm / Black | Riga","PF02LMBK-Riga-HY","2025-07-01","United States","2025-07-25",1,145,-17.4,0,127.6,0,127.6
"Bottomless LM/E61/NS/GA Portafilter (Hybrid)","E61 5mm / Black / Gold","PF00MV-BGD-HY","2025-07-01","United States","2025-07-13",1,112,-11.2,0,100.8,0,100.8
"Pesado EP Filter Basket","EP-18g","EP-18g","2025-07-01","Belgium","2025-07-17",1,20.82,0,0,20.82,0,20.82
"High Diffusion Espresso Shower Screen","E61 - HD Shower Screen","PSD-HD-E61","2025-07-01","Finland","2025-07-28",1,60.23,-7.22,0,53.01,0,53.01
"Wooden Clump Crusher - WDT Distribution Tool for Fluffy Espresso Puck","Iris","PSDcrusherIRIS","2025-07-01","Malaysia","2025-07-13",1,35.27,0,0,35.27,0,35.27
"Pesado EP Filter Basket","EP-Breville54-20g","EP-BR-20g","2025-07-01","Australia","2025-07-12",1,17.94,0,0,17.94,1.8,19.74
"High Extraction He[%] Filter Baskets for a Fuller Coffee Experience","Pesado He[%] Basket - Large","PSD-HE-LG","2025-07-01","Australia","2025-07-17",-1,0,0,-50.83,-50.83,-5.09,-55.92
"53.5 & 58.5mm Puck Diffuser Screen","58.5mm","PSD-puck","2025-07-01","Australia","2025-07-22",2,32.58,0,0,32.58,3.26,35.84
"Single-Dose Coffee Tubes (Bean Cellar 4-Pack)","Default Title","PSD-beantube","2025-07-01","United States","2025-07-26",1,27,0,0,27,0,27
"Pesado Portafilter Tamping Station","Default Title","PSD-TampingStation","2025-07-01","Australia","2025-07-05",1,107.23,0,0,107.23,10.72,117.95
"High Diffusion Espresso Shower Screen","E61 - HD Shower Screen","PSD-HD-E61","2025-07-01","Australia","2025-07-11",9,517.31,-76.77,0,440.54,44.05,484.59
"High Diffusion Espresso Shower Screen","E61 - HD Shower Screen","PSD-HD-E61","2025-07-01","United States","2025-07-20",2,177,0,-53.1,123.9,0,123.9
"Pesado EP Filter Basket","EP-Breville54-18g","EP-BR-18g","2025-07-01","Australia","2025-07-25",6,107.51,-10.74,0,96.77,9.66,106.43
"Coffee Tamper: 58.5mm & 53.5mm","58.5mm / Black / Silver","PSDTMBSl","2025-07-01","Australia","2025-07-21",1,71.1,-10.66,0,60.44,6.04,66.48
"Pesado Black Ripple Set","Precision Barista Jug Sharp Spout","PSDjug-BK","2025-07-01","Australia","2025-07-18",1,31.92,0,0,31.92,3.19,35.11
"High Extraction He[%] Filter Baskets for a Fuller Coffee Experience","Pesado He[%] Basket - X-Large","PSD-HE-XL","2025-07-01","United States","2025-07-15",1,65,0,0,65,0,65
"Hybrid LM/E61/NS/GA Portafilter - Versatile Bottomless & Spouted","E61 5mm / Black | Riga","PF02MVBK-Riga-HY","2025-07-01","Australia","2025-07-22",1,231.14,-99.98,-115.58,15.58,1.56,17.14
"Hybrid Breville 54/58mm Portafilter - Versatile and Easy to Use","Breville 58 / Black | Bronze","PF02BR58-BBZ-HY","2025-07-01","Australia","2025-07-23",1,110.81,0,0,110.81,11.08,121.89
"High Diffusion Espresso Shower Screen","MV - HD Shower Screen","PSD-HD-MV","2025-07-01","Australia","2025-07-28",20,1045.61,-21.97,0,1023.64,102.36,1126
"53.5 & 58.5mm Puck Diffuser Screen","53.5mm","PSD-puck-54","2025-07-01","United States","2025-07-13",1,40,0,-18,22,0,22
"High Diffusion Espresso Shower Screen","LM - HD Shower Screen","PSD-HD-LM","2025-07-01","Australia","2025-07-20",3,156.16,0,0,156.16,15.62,171.78
"Depth Adjuster","Default Title","PSdepth","2025-07-01","United States","2025-07-27",2,90,-9,0,81,0,81
"Stainless Steel Milk Jug With Round Spout - 16.5oz / 490ml","Default Title","PSDjugWH","2025-07-01","Australia","2025-07-14",2,64.38,-12.86,0,51.52,5.15,56.67
"Dosing Cup","54mm Dosing Cup / Black","PSDdosingCup-BK-54","2025-07-01","Australia","2025-07-22",2,41.49,-4.14,0,37.35,3.73,41.08
"Modular Puck Screen Holder - Aluminum Matte Black","Default Title","PSD-PuckHolder","2025-07-01","United States","2025-07-27",2,40,0,0,40,0,40
"Breville 54mm Portafilter & Basket Precision Bundle","Black","PRE-BR54-SET","2025-07-01","United States","2025-07-24",2,404,0,0,404,0,404
"High Extraction He[%] Filter Baskets for a Fuller Coffee Experience","Pesado He[%] Basket - Small","PSD-HE-SM","2025-07-01","United States","2025-07-24",1,65,0,0,65,0,65
"High Diffusion Espresso Shower Screen","54 - HD Shower Screen","PSD-HD-54","2025-07-01","Australia","2025-07-17",52,2297.43,-30.86,0,2266.57,226.7,2493.27
"Stainless Steel Clump Crusher V2.0 (WDT espresso distribution tool)","Black","V2-PSDcrusher-Black","2025-07-01","Australia","2025-07-05",1,26.21,0,0,26.21,2.62,28.83
"Hybrid Breville 54/58mm Portafilter - Versatile and Easy to Use","Breville 54 / White | Silver","PF02BR54-WSL-HY","2025-07-01","Australia","2025-07-22",1,109.65,0,0,109.65,10.97,120.62
"High Diffusion Espresso Shower Screen","54 - HD Shower Screen","PSD-HD-54","2025-07-01","Netherlands","2025-07-12",1,51.38,0,0,51.38,0,51.38
"53.5 & 58.5mm Puck Diffuser Screen","58.5mm","PSD-puck","2025-07-01","Australia","2025-07-01",1,16.44,-1.64,0,14.8,1.48,16.28
"Stainless Steel Clump Crusher V2.0 (WDT espresso distribution tool)","Bronze","V2-PSDcrusher-Bronze","2025-07-01","Australia","2025-07-23",1,26.35,0,0,26.35,2.64,28.99
"Pesado Single Dose Coffee Cellar Stand + 4 Pack of Bean Cellars","Default Title","PSD-Beanstand-combo","2025-07-01","Australia","2025-07-31",1,67.18,0,0,67.18,6.71,73.89
"High Diffusion Espresso Shower Screen","E61 - HD Shower Screen","PSD-HD-E61","2025-07-01","Singapore","2025-07-14",1,60.84,-6.08,0,54.76,0,54.76
"Pesado Black Ripple Set","Precision Barista Jug Sharp Spout","PSDjug-BK","2025-07-01","Brunei","2025-07-06",1,35.32,0,0,35.32,0,35.32
"Bottomless LM/E61/NS/GA Portafilter (Hybrid)","Breville 58mm / White / Haze","PF00BR58-WHZ-HY","2025-07-01","Australia","2025-07-12",1,89.72,0,0,89.72,8.97,98.69
"High Diffusion Espresso Shower Screen","MV - HD Shower Screen","PSD-HD-MV","2025-07-01","Australia","2025-07-23",15,843.27,-52.7,-52.05,738.52,73.85,812.37
"Hybrid LM/E61/NS/GA Portafilter - Versatile Bottomless & Spouted","E61 5mm / White Full Pom","PF02MV-WHPOM-HY","2025-07-01","Canada","2025-07-20",0,117.3,0,-117.3,0,0,0
"Pesado EP Filter Basket","EP-20g","EP-20g","2025-07-01","United States","2025-07-16",-1,0,0,-20,-20,0,-20
"Modular Puck Screen Holder - Aluminum Matte Black","Default Title","PSD-PuckHolder","2025-07-01","United States","2025-07-24",1,20,-2.4,0,17.6,0,17.6
"Stand for (WDT) Clump Crusher 2.0","Default Title","V2-PSDcrusher-Stand","2025-07-01","Australia","2025-07-17",-1,0,0,-17.11,-17.11,-1.71,-18.82
"High Diffusion Espresso Shower Screen","LM - HD Shower Screen","PSD-HD-LM","2025-07-01","Taiwan","2025-07-24",4,241.04,0,0,241.04,0,241.04
"Breville 54mm Portafilter & Basket Precision Bundle","Black","PRE-BR54-SET","2025-07-01","United States","2025-07-27",1,202,-20.2,0,181.8,0,181.8
"Pesado EP Filter Basket","EP-22g","EP-22g","2025-07-01","Australia","2025-07-30",2,35.2,0,0,35.2,3.52,38.72
"High Extraction He[%] Filter Baskets for a Fuller Coffee Experience","Pesado He[%] Basket - Small","PSD-HE-SM","2025-07-01","United States","2025-07-27",1,65,-6.5,0,58.5,0,58.5
"Bottomless LM/E61/NS/GA Portafilter (Hybrid)","Nuova Simonelli / Black / Silver","PF00NS-BSL-HY","2025-07-01","United States","2025-07-04",1,112,0,0,112,0,112
"Single-Dose Coffee Tubes (Bean Cellar 4-Pack)","Default Title","PSD-beantube","2025-07-01","United States","2025-07-22",2,54,-5.4,0,48.6,0,48.6
"Bottomless LM/E61/NS/GA Portafilter (Hybrid)","E61 5mm / White / Iris","PF00MVWH-Iris-HY","2025-07-01","United States","2025-07-31",1,120,0,0,120,0,120
"Pesado EP Filter Basket","EP-22g","EP-22g","2025-07-01","United States","2025-07-01",1,20,-2,0,18,0,18
"High Extraction He[%] Filter Baskets for a Fuller Coffee Experience","Pesado He[%] Basket - Medium","PSD-HE-ME","2025-07-01","United States","2025-07-22",6,390,-13,0,377,0,377
"Sunrise Ceramic Coffee Cup and Saucer Set (White)","Default Title","PSD-CeramicSet","2025-07-01","Australia","2025-07-13",4,35.9,0,0,35.9,3.58,39.48
"Pesado 58.5 Portafilter Hybrid Head - Versatile & Easy to Use","LM/E61 & NS/BR58mm Hybrid Attachment Only","PSDHY","2025-07-01","Germany","2025-07-27",1,25.78,-2.57,0,23.21,0,23.21
"High Diffusion Espresso Shower Screen","MV - HD Shower Screen","PSD-HD-MV","2025-07-01","United States","2025-07-31",11,825,-17.6,-213.4,594,0,594
"Hybrid Breville 54/58mm Portafilter - Versatile and Easy to Use","Breville 58 / White | Bronze","PF02BR58-WBZ-HY","2025-07-01","South Korea","2025-07-05",1,141.66,0,0,141.66,0,141.66
"High Extraction He[%] 54mm Breville Filter Basket - Dosing 18g-20g","Default Title","PSD-HE-54","2025-07-01","Australia","2025-07-19",4,201.13,-7.54,0,193.59,19.35,212.94
"High Diffusion Espresso Shower Screen","LM - HD Shower Screen","PSD-HD-LM","2025-07-01","United States","2025-07-23",2,110,0,0,110,0,110
"53.5 & 58.5mm Puck Diffuser Screen","53.5mm","PSD-puck-54","2025-07-01","Australia","2025-07-18",3,48.81,0,0,48.81,4.89,53.7
"Stand for (WDT) Clump Crusher 2.0","Default Title","V2-PSDcrusher-Stand","2025-07-01","United States","2025-07-24",1,18,0,0,18,0,18
"High Extraction He[%] 54mm Breville Filter Basket - Dosing 18g-20g","Default Title","PSD-HE-54","2025-07-01","United States","2025-07-28",3,195,0,0,195,0,195
"Bottomless LM/E61/NS/GA Portafilter (Hybrid)","Breville 54mm / White / Iris","PF00BR54WH-Iris-HY","2025-07-01","United States","2025-07-23",1,120,0,0,120,0,120
"53.5 & 58.5mm Puck Diffuser Screen","58.5mm","PSD-puck","2025-07-01","United States","2025-07-12",2,40,0,0,40,0,40
"Impact Gravity Espresso Grounds Distributor (58.4mm)","Black","V2-PSD-distributor","2025-07-01","United States","2025-07-31",1,120,0,0,120,0,120
"Pesado EP Filter Basket","EP-20g","EP-20g","2025-07-01","Australia","2025-07-08",1,17.8,-2.67,0,15.13,1.52,16.65
"Precision 58mm Breville Bundle: 58mm Portafilter & He[%] Basket","Black","PRE-BR58-SET","2025-07-01","Australia","2025-07-20",1,159.96,0,0,159.96,16,175.96
"Wooden Clump Crusher - WDT Distribution Tool for Fluffy Espresso Puck","Iris","PSDcrusherIRIS","2025-07-01","United States","2025-07-30",1,34.35,0,0,34.35,0,34.35
"Pesado EP Filter Basket","EP-Breville54-20g","EP-BR-20g","2025-07-01","United States","2025-07-14",1,20,0,0,20,0,20
"High Diffusion Espresso Shower Screen","54 - HD Shower Screen","PSD-HD-54","2025-07-01","United States","2025-07-14",7,400,-10,-45,345,0,345
"Hybrid Breville 54/58mm Portafilter - Versatile and Easy to Use","Breville 58 / Black | Dusk","PF02BR58-BDK-HY","2025-07-01","United States","2025-07-20",1,145,-21.75,0,123.25,0,123.25
"Dusk & Haze Clump Crusher (WDT tool)","Dusk","PSDcrusher-Dusk","2025-07-01","United States","2025-07-27",1,34.35,-3.43,0,30.92,0,30.92
"High Diffusion Espresso Shower Screen","MV - HD Shower Screen","PSD-HD-MV","2025-07-01","Japan","2025-07-19",1,56.46,0,0,56.46,0,56.46
"Bottomless LM/E61/NS/GA Portafilter (Hybrid)","La Marzocco 6mm / Black / Riga","PF00LMBK-Riga-HY","2025-07-01","Australia","2025-07-11",1,95.69,0,0,95.69,9.57,105.26
"High Extraction He[%] Filter Baskets for a Fuller Coffee Experience","Pesado He[%] Basket - Medium","PSD-HE-ME","2025-07-01","United States","2025-07-01",5,325,-13,0,312,0,312
"Pesado EP Filter Basket","EP-Breville54-18g","EP-BR-18g","2025-07-01","Australia","2025-07-30",6,105.71,-10.55,0,95.16,9.51,104.67
"High Diffusion Espresso Shower Screen","MV - HD Shower Screen","PSD-HD-MV","2025-07-01","Canada","2025-07-19",1,56.1,0,0,56.1,0,56.1
"High Diffusion Espresso Shower Screen","E61 - HD Shower Screen","PSD-HD-E61","2025-07-01","United States","2025-07-31",6,354,-11.8,0,342.2,0,342.2
"Pesado EP Filter Basket","EP-18g","EP-18g","2025-07-01","Thailand","2025-07-27",1,20.41,-2.04,0,18.37,0,18.37
"High Extraction He[%] Filter Baskets for a Fuller Coffee Experience","Pesado He[%] Basket - Large","PSD-HE-LG","2025-07-01","Australia","2025-07-06",1,50.63,0,0,50.63,5.07,55.7
"High Diffusion Espresso Shower Screen","54 - HD Shower Screen","PSD-HD-54","2025-07-01","Singapore","2025-07-25",1,51.5,0,0,51.5,0,51.5
"Modular Puck Screen Holder - Aluminum Matte Black","Default Title","PSD-PuckHolder","2025-07-01","Australia","2025-07-11",2,35.89,-1.79,0,34.1,3.41,37.51
"Hybrid LM/E61/NS/GA Portafilter - Versatile Bottomless & Spouted","La Marzocco 6mm / Black | Haze","PF02LM-BHZ-HY","2025-07-01","Singapore","2025-07-15",1,148.23,-14.82,0,133.41,0,133.41
"Bottomless LM/E61/NS/GA Portafilter (Hybrid)","Breville 54mm / White / Haze","PF00BR54-WHZ-HY","2025-07-01","United States","2025-07-13",1,120,-12,0,108,0,108
"High Extraction He[%] Filter Baskets for a Fuller Coffee Experience","Pesado He[%] Basket - Large","PSD-HE-LG","2025-07-01","South Korea","2025-07-05",1,67.53,0,0,67.53,0,67.53
"Wooden Clump Crusher - WDT Distribution Tool for Fluffy Espresso Puck","Iris","PSDcrusherIRIS","2025-07-01","United States","2025-07-23",1,34.35,0,0,34.35,0,34.35
"53.5 & 58.5mm Puck Diffuser Screen","58.5mm","PSD-puck","2025-07-01","Finland","2025-07-28",1,20.81,-2.49,0,18.32,0,18.32
"High Diffusion Espresso Shower Screen","E61 - HD Shower Screen","PSD-HD-E61","2025-07-01","United States","2025-07-22",3,236,0,-59,177,0,177
"Pesado EP Filter Basket","EP-Breville54-18g","EP-BR-18g","2025-07-01","Australia","2025-07-23",5,89.7,-8.97,0,80.73,8.06,88.79
"53.5 & 58.5mm Puck Diffuser Screen","58.5mm","PSD-puck","2025-07-01","Australia","2025-07-20",4,65.08,-5.68,0,59.4,5.95,65.35
"High Diffusion Espresso Shower Screen","E61 - HD Shower Screen","PSD-HD-E61","2025-07-01","Australia","2025-07-13",4,227.08,0,0,227.08,22.7,249.78
"Stainless Steel Milk Jug With Round Spout - 16.5oz / 490ml","Default Title","PSDjugWH","2025-07-01","United States","2025-07-18",2,68.7,-13.74,0,54.96,0,54.96
"High Diffusion Espresso Shower Screen","MV - HD Shower Screen","PSD-HD-MV","2025-07-01","France","2025-07-12",1,57.22,-5.72,0,51.5,0,51.5
"Crusher Threaded Pin Assembly for DIY WDT Tool","4 pack of WDT pins","PSD-removablepins","2025-07-01","United States","2025-07-20",1,1,0,0,1,0,1
"High Diffusion Espresso Shower Screen","LM - HD Shower Screen","PSD-HD-LM","2025-07-01","United States","2025-07-30",3,165,-13.2,0,151.8,0,151.8
"Precision Cut Espresso & Coffee Tamper Base for Maximum Yield","58mm Base","PSDTBase","2025-07-01","Canada","2025-07-20",0,51,0,-51,0,0,0
"High Diffusion Espresso Shower Screen","MV - HD Shower Screen","PSD-HD-MV","2025-07-01","United States","2025-07-22",3,220,-5.5,-49.5,165,0,165
"Alloy Modular Stand for Clump Crusher (WDT tool)","Default Title","PSDcrusher-Stand","2025-07-01","Australia","2025-07-20",1,16.92,0,0,16.92,1.69,18.61
"Alloy Modular Stand for Clump Crusher (WDT tool)","Default Title","PSDcrusher-Stand","2025-07-01","United States","2025-07-11",1,18,0,0,18,0,18
"Impact Gravity Espresso Grounds Distributor (58.4mm)","Black","V2-PSD-distributor","2025-07-01","United States","2025-07-22",1,120,0,0,120,0,120
"Pesado EP Filter Basket","EP-20g","EP-20g","2025-07-01","Australia","2025-07-13",1,17.94,-2.69,0,15.25,1.53,16.78
"53.5 & 58.5mm Puck Diffuser Screen","58.5mm","PSD-puck","2025-07-01","Singapore","2025-07-24",1,21.13,-2.11,0,19.02,0,19.02
"High Extraction He[%] 54mm Breville Filter Basket - Dosing 18g-20g","Default Title","PSD-HE-54","2025-07-01","United States","2025-07-25",2,130,0,0,130,0,130
"Bottomless LM/E61/NS/GA Portafilter (Hybrid)","E61 5mm / Black / Iris","PF00MVBK-Iris-HY","2025-07-01","United States","2025-07-18",1,120,0,0,120,0,120
"Portafilter with a Double Spout for Espresso Machines","La Marzocco / E61 / Black | Dusk","PF02LM-BDK","2025-07-01","United States","2025-07-23",1,120,0,0,120,0,120
"High Extraction He[%] Filter Baskets for a Fuller Coffee Experience","Pesado He[%] Basket - Medium","PSD-HE-ME","2025-07-01","Australia","2025-07-05",1,50.63,0,0,50.63,5.07,55.7
"Wooden Leva Accents","Raya","PSDleva-Raya","2025-07-01","Singapore","2025-07-05",1,21.19,-3.18,0,18.01,0,18.01
"High Diffusion Espresso Shower Screen","54 - HD Shower Screen","PSD-HD-54","2025-07-01","Australia","2025-07-15",26,1203.15,-17.76,-44.76,1140.63,114.08,1254.71
"Stainless Steel Clump Crusher V2.0 (WDT espresso distribution tool)","Black","V2-PSDcrusher-Black","2025-07-01","Hong Kong","2025-07-22",1,35.16,-3.52,0,31.64,0,31.64
"High Extraction He[%] Filter Baskets for a Fuller Coffee Experience","Pesado He[%] Basket - Medium","PSD-HE-ME","2025-07-01","United States","2025-07-31",2,130,-6.5,0,123.5,0,123.5
"High Diffusion Espresso Shower Screen","E61 - HD Shower Screen","PSD-HD-E61","2025-07-01","United States","2025-07-01",7,413,-122,0,291,0,291
"Portafilter with a Double Spout for Espresso Machines","La Marzocco / E61 / Raya","PF02LMRaya","2025-07-01","Australia","2025-07-22",-1,0,0,-94.91,-94.91,-9.5,-104.41
"High Diffusion Espresso Shower Screen","MV - HD Shower Screen","PSD-HD-MV","2025-07-01","Australia","2025-07-30",25,1295.48,-28.04,0,1267.44,126.79,1394.23
"High Diffusion Espresso Shower Screen","MV - HD Shower Screen","PSD-HD-MV","2025-07-01","United States","2025-07-01",3,220,-11,-55,154,0,154
"53.5 & 58.5mm Puck Diffuser Screen","53.5mm","PSD-puck-54","2025-07-01","United States","2025-07-11",3,60,0,0,60,0,60
"Portafilter with a Double Spout for Espresso Machines","La Marzocco / E61 / Black | Black","PF02LM-BBK","2025-07-01","Australia","2025-07-30",2,177.62,0,0,177.62,17.76,195.38
"High Diffusion Espresso Shower Screen","LM - HD Shower Screen","PSD-HD-LM","2025-07-01","Australia","2025-07-22",1,52.11,0,0,52.11,5.21,57.32
"Coffee Tamper: 58.5mm & 53.5mm","58.5mm / Black / Riga","PSDTMBKRiga","2025-07-01","United States","2025-07-15",1,97.5,0,0,97.5,0,97.5
"Breville 54mm Portafilter & Basket Precision Bundle","Black","PRE-BR54-SET","2025-07-01","United States","2025-07-26",1,202,-24.24,0,177.76,0,177.76
"Pesado EP Filter Basket","EP-20g","EP-20g","2025-07-01","United States","2025-07-05",2,40,-2,0,38,0,38
"High Extraction He[%] Filter Baskets for a Fuller Coffee Experience","Pesado He[%] Basket - Medium","PSD-HE-ME","2025-07-01","Australia","2025-07-18",5,251.94,-37.79,0,214.15,21.42,235.57
"Stainless Steel Clump Crusher V2.0 (WDT espresso distribution tool)","Black","V2-PSDcrusher-Black","2025-07-01","Australia","2025-07-16",1,26.05,-2.6,0,23.45,2.34,25.79
"Hybrid LM/E61/NS/GA Portafilter - Versatile Bottomless & Spouted","La Marzocco 6mm / White | Riga","PF02LMWH-Riga-HY","2025-07-01","United States","2025-07-17",1,145,-14.5,0,130.5,0,130.5
"Coffee Tamper: 58.5mm & 53.5mm","58.5mm / Black / Black","PSDTMBBk","2025-07-01","United States","2025-07-15",1,90,0,0,90,0,90
"High Extraction He[%] Filter Baskets for a Fuller Coffee Experience","Pesado He[%] Basket - Large","PSD-HE-LG","2025-07-01","United States","2025-07-13",1,65,-6.5,0,58.5,0,58.5
"Pesado 58.5 Portafilter Hybrid Head - Versatile & Easy to Use","Breville 54mm Hybrid","PFH02BR54-HY","2025-07-01","Australia","2025-07-26",1,71.62,0,0,71.62,7.16,78.78
"High Extraction He[%] Filter Baskets for a Fuller Coffee Experience","Pesado He[%] Basket - Medium","PSD-HE-ME","2025-07-01","United States","2025-07-20",1,65,0,0,65,0,65
"Sunrise Ceramic Coffee Cup and Saucer Set (White)","Default Title","PSD-CeramicSet","2025-07-01","Australia","2025-07-11",4,35.89,0,0,35.89,3.58,39.47
"Naked/Bottomless Portafilter - Head Only (HYBRID)","Breville 54mm","PFH00BR54-HY","2025-07-01","United States","2025-07-25",1,67.5,-8.1,0,59.4,0,59.4
"High Diffusion Espresso Shower Screen","MV - HD Shower Screen","PSD-HD-MV","2025-07-01","Australia","2025-07-25",14,735.65,-16.8,0,718.85,71.88,790.73
"High Extraction He[%] 54mm Breville Filter Basket - Dosing 18g-20g","Default Title","PSD-HE-54","2025-07-01","Australia","2025-07-02",1,50.87,-5.08,0,45.79,4.57,50.36
"Pesado EP Filter Basket","EP-18g","EP-18g","2025-07-01","Singapore","2025-07-14",1,21.06,-2.11,0,18.95,0,18.95
"Hybrid Breville 54/58mm Portafilter - Versatile and Easy to Use","Breville 54 / Raya","PF02BR54-Raya-HY","2025-07-01","Australia","2025-07-11",1,116.63,0,0,116.63,11.67,128.3
"Modular Puck Screen Holder - Aluminum Matte Black","Default Title","PSD-PuckHolder","2025-07-01","United States","2025-07-26",1,20,0,0,20,0,20
"High Extraction He[%] 54mm Breville Filter Basket - Dosing 18g-20g","Default Title","PSD-HE-54","2025-07-01","New Zealand","2025-07-20",1,55.31,0,0,55.31,0,55.31
"High Diffusion Espresso Shower Screen","MV - HD Shower Screen","PSD-HD-MV","2025-07-01","Germany","2025-07-07",1,56.22,0,0,56.22,0,56.22
"Dosing Cup","54mm Dosing Cup / White","PSDdosingCup-WH-54","2025-07-01","United States","2025-07-22",1,26.25,-2.62,0,23.63,0,23.63
"High Diffusion Espresso Shower Screen","E61 - HD Shower Screen","PSD-HD-E61","2025-07-01","Switzerland","2025-07-03",1,60.62,-9.09,0,51.53,0,51.53
"High Diffusion Espresso Shower Screen","54 - HD Shower Screen","PSD-HD-54","2025-07-01","United States","2025-07-12",14,700,-15,0,685,0,685
"Full Moon Wave - Convex Tamper","Black | Black","PSDT-WAVE-BBK","2025-07-01","Australia","2025-07-20",1,85.77,-8.57,0,77.2,7.72,84.92
"Portafilter with a Double Spout for Espresso Machines","Breville 54 / White Full Pom","PF02BR54-WHPOM","2025-07-01","Australia","2025-07-15",1,65.71,-9.85,0,55.86,5.59,61.45
"Coffee Tamper: 58.5mm & 53.5mm","53.5mm / White / Silver","PSDT-53.5-WSL","2025-07-01","Australia","2025-07-15",1,71.69,-10.75,0,60.94,6.09,67.03
"High Diffusion Espresso Shower Screen","54 - HD Shower Screen","PSD-HD-54","2025-07-01","South Korea","2025-07-15",1,54.03,-5.4,0,48.63,0,48.63
"Precision 58mm Breville Bundle: 58mm Portafilter & He[%] Basket","Black","PRE-BR58-SET","2025-07-01","United States","2025-07-13",-1,0,0,-171.7,-171.7,0,-171.7
"Spring-Loaded Self-Leveling Tamper – Pesado x AD Coffee","Default Title","PSD-ADcoffee-Tamper","2025-07-01","United States","2025-07-01",1,120,0,0,120,0,120
"High Extraction He[%] Filter Baskets for a Fuller Coffee Experience","Pesado He[%] Basket - Large","PSD-HE-LG","2025-07-01","Australia","2025-07-04",1,50.66,-5.06,0,45.6,4.56,50.16
"Gravity Coffee Distributor 53.5mm","54 mm","PSD-distributor-54m","2025-07-01","United States","2025-07-13",1,110,0,0,110,0,110
"High Diffusion Espresso Shower Screen","E61 - HD Shower Screen","PSD-HD-E61","2025-07-01","Australia","2025-07-10",6,340.55,0,0,340.55,34.07,374.62
"Pesado Black Ripple Set","Precision Barista Jug Sharp Spout","PSDjug-BK","2025-07-01","United States","2025-07-18",1,34.35,-3.43,0,30.92,0,30.92
"Pesado EP Filter Basket","EP-Breville54-18g","EP-BR-18g","2025-07-01","Australia","2025-07-28",2,35.57,-3.56,0,32.01,3.2,35.21
"53.5 & 58.5mm Puck Diffuser Screen","58.5mm","PSD-puck","2025-07-01","Australia","2025-07-31",3,48.3,0,0,48.3,4.84,53.14
"High Extraction He[%] Filter Baskets for a Fuller Coffee Experience","Pesado He[%] Basket - Large","PSD-HE-LG","2025-07-01","United States","2025-07-01",1,65,-9.75,0,55.25,0,55.25
"Gravity Coffee Distributor 53.5mm","54 mm","PSD-distributor-54m","2025-07-01","United States","2025-07-22",2,220,-22,0,198,0,198
"Dusk & Haze Clump Crusher (WDT tool)","Dusk","PSDcrusher-Dusk","2025-07-01","United States","2025-07-06",1,34.35,0,0,34.35,0,34.35
"Pesado Portafilter Tamping Station","Default Title","PSD-TampingStation","2025-07-01","Australia","2025-07-23",1,107.66,0,0,107.66,10.76,118.42
"53.5 & 58.5mm Puck Diffuser Screen","58.5mm","PSD-puck","2025-07-01","Australia","2025-07-08",2,32.68,0,0,32.68,3.27,35.95
"High Diffusion Espresso Shower Screen","E61 - HD Shower Screen","PSD-HD-E61","2025-07-01","United States","2025-07-10",2,118,0,0,118,0,118
"Bottomless LM/E61/NS/GA Portafilter (Hybrid)","E61 5mm / Black / Silver","PF00MV-BSL-HY","2025-07-01","Australia","2025-07-02",1,89.67,0,0,89.67,8.97,98.64
"High Extraction He[%] Filter Baskets for a Fuller Coffee Experience","Pesado He[%] Basket - Large","PSD-HE-LG","2025-07-01","Finland","2025-07-28",1,67.18,-8.06,0,59.12,0,59.12
"High Diffusion Espresso Shower Screen","54 - HD Shower Screen","PSD-HD-54","2025-07-01","United States","2025-07-19",32,1600,-12.5,0,1587.5,0,1587.5
"Modular Puck Screen Holder - Aluminum Matte Black","Default Title","PSD-PuckHolder","2025-07-01","Australia","2025-07-31",2,35.06,0,0,35.06,3.5,38.56
"Pesado EP Filter Basket","EP-Breville54-20g","EP-BR-20g","2025-07-01","United States","2025-07-19",1,20,-3,0,17,0,17
"Wooden Clump Crusher - WDT Distribution Tool for Fluffy Espresso Puck","Riga","PSDcrusherRIGA","2025-07-01","United States","2025-07-09",1,34.35,0,0,34.35,0,34.35
"Alloy Modular Stand for Clump Crusher (WDT tool)","Default Title","PSDcrusher-Stand","2025-07-01","Australia","2025-07-11",1,17.1,0,0,17.1,1.71,18.81
"Pesado EP Filter Basket","EP-Breville54-20g","EP-BR-20g","2025-07-01","Israel","2025-07-12",1,20.41,0,0,20.41,0,20.41
"High Extraction He[%] 54mm Breville Filter Basket - Dosing 18g-20g","Default Title","PSD-HE-54","2025-07-01","United States","2025-07-18",3,189.54,0,0,189.54,5.46,195
"High Extraction He[%] Filter Baskets for a Fuller Coffee Experience","Pesado He[%] Basket - Medium","PSD-HE-ME","2025-07-01","Taiwan","2025-07-23",1,68.44,0,0,68.44,0,68.44
"Wooden Clump Crusher - WDT Distribution Tool for Fluffy Espresso Puck","Riga","PSDcrusherRIGA","2025-07-01","Australia","2025-07-08",1,26.12,-3.91,0,22.21,2.22,24.43
"High Diffusion Espresso Shower Screen","MV - HD Shower Screen","PSD-HD-MV","2025-07-01","South Korea","2025-07-18",1,58.15,0,0,58.15,0,58.15
"High Diffusion Espresso Shower Screen","LM - HD Shower Screen","PSD-HD-LM","2025-07-01","United States","2025-07-05",1,55,0,0,55,0,55
"53.5 & 58.5mm Puck Diffuser Screen","53.5mm","PSD-puck-54","2025-07-01","Australia","2025-07-28",2,32.63,0,0,32.63,3.26,35.89
"Coffee Tamper: 58.5mm & 53.5mm","58.5mm With Black Base / Black / Black","PSDT-BKBase-BBK","2025-07-01","United States","2025-07-19",1,90,0,0,90,0,90
"Pesado EP Filter Basket","EP-18g","EP-18g","2025-07-01","Australia","2025-07-08",1,17.83,0,0,17.83,1.79,19.62
"High Diffusion Espresso Shower Screen","MV - HD Shower Screen","PSD-HD-MV","2025-07-01","United States","2025-07-13",4,275,-8.25,-55,211.75,0,211.75
"Hybrid LM/E61/NS/GA Portafilter - Versatile Bottomless & Spouted","E61 5mm / Black | Silver","PF02MV-BSL-HY","2025-07-01","Australia","2025-07-11",1,110.6,-16.59,0,94.01,9.4,103.41
"High Extraction He[%] Filter Baskets for a Fuller Coffee Experience","Pesado He[%] Basket - Large","PSD-HE-LG","2025-07-01","Australia","2025-07-24",3,153.14,-6.13,0,147.01,14.71,161.72
"53.5 & 58.5mm Puck Diffuser Screen","58.5mm","PSD-puck","2025-07-01","Australia","2025-07-11",5,82.24,-6.57,0,75.67,7.57,83.24
"High Diffusion Espresso Shower Screen","E61 - HD Shower Screen","PSD-HD-E61","2025-07-01","United States","2025-07-13",4,236,-5.9,0,230.1,0,230.1
"Dusk & Haze Clump Crusher (WDT tool)","Dusk","PSDcrusher-Dusk","2025-07-01","United States","2025-07-17",1,34.35,0,0,34.35,0,34.35
"High Diffusion Espresso Shower Screen","E61 - HD Shower Screen","PSD-HD-E61","2025-07-01","Australia","2025-07-22",1,56.31,0,0,56.31,5.63,61.94
"Pesado EP Filter Basket","EP-22g","EP-22g","2025-07-01","United States","2025-07-08",1,20,-2,0,18,0,18
"Pesado EP Filter Basket","EP-18g","EP-18g","2025-07-01","Poland","2025-07-29",1,20.51,-2.46,0,18.05,0,18.05
"Pesado EP Filter Basket","EP-Breville54-20g","EP-BR-20g","2025-07-01","Australia","2025-07-21",5,88.84,-7.1,0,81.74,8.17,89.91
"Pesado Portafilter Tamping Station","Default Title","PSD-TampingStation","2025-07-01","United States","2025-07-09",1,119.99,-12,0,107.99,0,107.99
"Stainless Steel Clump Crusher V2.0 (WDT espresso distribution tool)","Black","V2-PSDcrusher-Black","2025-07-01","United States","2025-07-20",1,34.35,0,0,34.35,0,34.35
"Modular Puck Screen Holder - Aluminum Matte Black","Default Title","PSD-PuckHolder","2025-07-01","United States","2025-07-06",1,20,-3,0,17,0,17
"Modular Puck Screen Holder - Aluminum Matte Black","Default Title","PSD-PuckHolder","2025-07-01","Netherlands","2025-07-08",1,21.05,0,0,21.05,0,21.05
"High Diffusion Espresso Shower Screen","MV - HD Shower Screen","PSD-HD-MV","2025-07-01","Czech Republic","2025-07-16",1,56.13,-5.61,0,50.52,0,50.52
"Breville 54mm Portafilter & Basket Precision Bundle","Black","PRE-BR54-SET","2025-07-01","United States","2025-07-17",1,202,0,0,202,0,202
"Bottomless LM/E61/NS/GA Portafilter (Hybrid)","Breville 54mm / Black / Silver","PF00BR54-BSL-HY","2025-07-01","Hong Kong","2025-07-08",1,114.29,0,0,114.29,0,114.29
"53.5 & 58.5mm Puck Diffuser Screen","58.5mm","PSD-puck","2025-07-01","Hong Kong","2025-07-12",1,20.51,-2.05,0,18.46,0,18.46
"High Extraction He[%] Filter Baskets for a Fuller Coffee Experience","Pesado He[%] Basket - Medium","PSD-HE-ME","2025-07-01","United Kingdom","2025-07-29",1,66.66,-13.33,0,53.33,0,53.33
"High Diffusion Espresso Shower Screen","LM - HD Shower Screen","PSD-HD-LM","2025-07-01","Australia","2025-07-13",4,210.58,0,0,210.58,21.06,231.64
"Bottomless LM/E61/NS/GA Portafilter (Hybrid)","Breville 54mm / Black Full POM","PF00BR54-FullPOM-HY","2025-07-01","Australia","2025-07-19",1,65.06,0,0,65.06,6.51,71.57
"53.5 & 58.5mm Puck Diffuser Screen","53.5mm","PSD-puck-54","2025-07-01","United States","2025-07-20",2,40,-3,0,37,0,37
"High Diffusion Espresso Shower Screen","E61 - HD Shower Screen","PSD-HD-E61","2025-07-01","Saudi Arabia","2025-07-07",1,60.26,-6.03,0,54.23,0,54.23
"High Extraction He[%] Filter Baskets for a Fuller Coffee Experience","Pesado He[%] Basket - X-Large","PSD-HE-XL","2025-07-01","United States","2025-07-26",2,130,-7.8,0,122.2,0,122.2
"Stainless Steel Milk Jug With Round Spout - 16.5oz / 490ml","Default Title","PSDjugWH","2025-07-01","Australia","2025-07-19",1,31.95,0,0,31.95,3.19,35.14
"High Diffusion Espresso Shower Screen","MV - HD Shower Screen","PSD-HD-MV","2025-07-01","Australia","2025-07-05",6,314.58,0,0,314.58,31.44,346.02
"High Extraction He[%] Filter Baskets for a Fuller Coffee Experience","Pesado He[%] Basket - Medium","PSD-HE-ME","2025-07-01","United States","2025-07-08",3,195,-6.5,0,188.5,0,188.5
"Bottomless LM/E61/NS/GA Portafilter (Hybrid)","Breville 54mm / Raya","PF00BR54-Raya-HY","2025-07-01","United States","2025-07-15",1,120,0,0,120,0,120
"Sunrise Ceramic Coffee Cup and Saucer Set (White)","Default Title","PSD-CeramicSet","2025-07-01","Australia","2025-07-31",1,8.79,0,0,8.79,0.88,9.67
"High Diffusion Espresso Shower Screen","E61 - HD Shower Screen","PSD-HD-E61","2025-07-01","Australia","2025-07-01",1,56.86,0,0,56.86,5.69,62.55
"Pesado EP Filter Basket","EP-Breville54-20g","EP-BR-20g","2025-07-01","Australia","2025-07-02",1,17.96,-1.79,0,16.17,1.61,17.78
"High Extraction He[%] Filter Baskets for a Fuller Coffee Experience","Pesado He[%] Basket - Medium","PSD-HE-ME","2025-07-01","Australia","2025-07-30",2,100.54,-5.02,0,95.52,9.55,105.07
"High Diffusion Espresso Shower Screen","54 - HD Shower Screen","PSD-HD-54","2025-07-01","Australia","2025-07-24",35,1575.76,-24.29,0,1551.47,155.22,1706.69
"Modular Puck Screen Holder - Aluminum Matte Black","Default Title","PSD-PuckHolder","2025-07-01","United States","2025-07-17",3,60,0,0,60,0,60
"53.5 & 58.5mm Puck Diffuser Screen","58.5mm","PSD-puck","2025-07-01","United States","2025-07-02",1,20,0,0,20,0,20
"Espresso Shot Mirror","Default Title","PSDshot-mirror","2025-07-01","United States","2025-07-31",1,28,0,0,28,0,28
"High Diffusion Espresso Shower Screen","E61 - HD Shower Screen","PSD-HD-E61","2025-07-01","Singapore","2025-07-19",1,60.7,0,0,60.7,0,60.7
"53.5 & 58.5mm Puck Diffuser Screen","53.5mm","PSD-puck-54","2025-07-01","United States","2025-07-31",1,20,-2,0,18,0,18
"Impact Gravity Espresso Grounds Distributor (58.4mm)","Black","V2-PSD-distributor","2025-07-01","Japan","2025-07-12",1,122.78,-12.28,0,110.5,0,110.5
"Stainless Steel Clump Crusher V2.0 (WDT espresso distribution tool)","Bronze","V2-PSDcrusher-Bronze","2025-07-01","Hong Kong","2025-07-23",1,35.16,-3.52,0,31.64,0,31.64
"High Extraction He[%] Filter Baskets for a Fuller Coffee Experience","Pesado He[%] Basket - Small","PSD-HE-SM","2025-07-01","Hong Kong","2025-07-12",1,66.37,-6.64,0,59.73,0,59.73
"High Diffusion Espresso Shower Screen","MV - HD Shower Screen","PSD-HD-MV","2025-07-01","Australia","2025-07-18",16,942.02,-62.47,-104.34,775.21,77.57,852.78
"Magnetic Espresso Dosing Ring","54mm Dosing Ring / White","WH-V2-PSDring-54mm","2025-07-01","United States","2025-07-22",1,22.5,-2.26,0,20.24,0,20.24
"High Diffusion Espresso Shower Screen","E61 - HD Shower Screen","PSD-HD-E61","2025-07-01","Reunion","2025-07-22",1,60.89,0,0,60.89,0,60.89
"High Extraction He[%] Filter Baskets for a Fuller Coffee Experience","Pesado He[%] Basket - Large","PSD-HE-LG","2025-07-01","United States","2025-07-22",5,325,-26,0,299,0,299
"High Extraction He[%] Filter Baskets for a Fuller Coffee Experience","Pesado He[%] Basket - Medium","PSD-HE-ME","2025-07-01","United States","2025-07-11",1,65,0,0,65,0,65
"Sunrise Ceramic Coffee Cup and Saucer Set (White)","Default Title","PSD-CeramicSet","2025-07-01","Australia","2025-07-20",3,26.63,-0.89,0,25.74,2.56,28.3
"High Extraction He[%] Filter Baskets for a Fuller Coffee Experience","Pesado He[%] Basket - X-Large","PSD-HE-XL","2025-07-01","Australia","2025-07-21",4,201.38,-5.02,0,196.36,19.63,215.99
"Magnetic Espresso Dosing Ring","54mm Dosing Ring / Black","V2-PSDring-54mm","2025-07-01","Australia","2025-07-11",1,20.05,0,0,20.05,2.01,22.06
"Bottomless LM/E61/NS/GA Portafilter (Hybrid)","E61 5mm / Black / Black","PF00MV-BBK-HY","2025-07-01","United States","2025-07-27",1,112,-11.2,0,100.8,0,100.8
"High Diffusion Espresso Shower Screen","54 - HD Shower Screen","PSD-HD-54","2025-07-01","Australia","2025-07-27",40,1791.68,-14.34,0,1777.34,177.84,1955.18
"High Extraction He[%] 54mm Breville Filter Basket - Dosing 18g-20g","Default Title","PSD-HE-54","2025-07-01","United States","2025-07-05",1,65,0,0,65,0,65
"Bottomless LM/E61/NS/GA Portafilter (Hybrid)","E61 5mm / Black / Silver","PF00MV-BSL-HY","2025-07-01","United States","2025-07-09",2,224,-16.8,0,207.2,0,207.2
"Impact Gravity Espresso Grounds Distributor (58.4mm)","Black","V2-PSD-distributor","2025-07-01","United States","2025-07-10",1,120,0,0,120,0,120
"Precision 58mm Breville Bundle: 58mm Portafilter & He[%] Basket","Black","PRE-BR58-SET","2025-07-01","Australia","2025-07-13",1,161.5,0,0,161.5,16.15,177.65
"53.5 & 58.5mm Puck Diffuser Screen","58.5mm","PSD-puck","2025-07-01","United States","2025-07-21",1,20,0,0,20,0,20
"High Extraction He[%] 54mm Breville Filter Basket - Dosing 18g-20g","Default Title","PSD-HE-54","2025-07-01","Australia","2025-07-14",2,101.31,0,0,101.31,10.14,111.45
"Bottomless LM/E61/NS/GA Portafilter (Hybrid)","E61 5mm / Black Full POM","PF00MV-FullPOM-HY","2025-07-01","Australia","2025-07-03",1,65.77,0,0,65.77,6.58,72.35
"Stand for (WDT) Clump Crusher 2.0","Default Title","V2-PSDcrusher-Stand","2025-07-01","United States","2025-07-17",3,54,0,0,54,0,54
"Wooden Clump Crusher - WDT Distribution Tool for Fluffy Espresso Puck","Riga","PSDcrusherRIGA","2025-07-01","Australia","2025-07-11",1,26.31,0,0,26.31,2.63,28.94
"Pesado EP Filter Basket","EP-Breville54-18g","EP-BR-18g","2025-07-01","United States","2025-07-31",4,80,-6,0,74,0,74
"High Diffusion Espresso Shower Screen","LM - HD Shower Screen","PSD-HD-LM","2025-07-01","United States","2025-07-18",2,110,0,0,110,0,110
"Magnetic Espresso Dosing Ring","58mm Dosing Ring / Black","V2-PSDring-58mm","2025-07-01","Hong Kong","2025-07-22",1,23.06,-2.31,0,20.75,0,20.75
"53.5 & 58.5mm Puck Diffuser Screen","53.5mm","PSD-puck-54","2025-07-01","Australia","2025-07-23",3,49.3,-1.63,0,47.67,4.76,52.43
"High Diffusion Espresso Shower Screen","MV - HD Shower Screen","PSD-HD-MV","2025-07-01","United States","2025-07-10",1,165,-8.25,-110,46.75,0,46.75
"Coffee Tamper: 58.5mm & 53.5mm","58.5mm / Black / Black","PSDTMBBk","2025-07-01","Australia","2025-07-10",1,71.84,0,0,71.84,7.18,79.02
"High Diffusion Espresso Shower Screen","E61 - HD Shower Screen","PSD-HD-E61","2025-07-01","Indonesia","2025-07-04",1,60.22,0,0,60.22,0,60.22
"53.5 & 58.5mm Puck Diffuser Screen","53.5mm","PSD-puck-54","2025-07-01","Australia","2025-07-16",3,48.84,-1.62,0,47.22,4.72,51.94
"High Extraction He[%] Filter Baskets for a Fuller Coffee Experience","Pesado He[%] Basket - Large","PSD-HE-LG","2025-07-01","France","2025-07-30",1,66.87,0,0,66.87,0,66.87
"Magnetic Espresso Dosing Ring","54mm Dosing Ring / Black","V2-PSDring-54mm","2025-07-01","United States","2025-07-06",1,22.5,-2.25,0,20.25,0,20.25
"Hybrid Breville 54/58mm Portafilter - Versatile and Easy to Use","Breville 54 / Black | Haze","PF02BR54-BHZ-HY","2025-07-01","Singapore","2025-07-11",1,148.39,-22.26,0,126.13,0,126.13
"High Diffusion Espresso Shower Screen","LM - HD Shower Screen","PSD-HD-LM","2025-07-01","United States","2025-07-25",2,110,0,0,110,0,110
"High Extraction He[%] 54mm Breville Filter Basket - Dosing 18g-20g","Default Title","PSD-HE-54","2025-07-01","Australia","2025-07-21",3,150.99,-7.54,0,143.45,14.35,157.8
"53.5 & 58.5mm Puck Diffuser Screen","58.5mm","PSD-puck","2025-07-01","United States","2025-07-14",2,40,0,0,40,0,40
"Hybrid Breville 54/58mm Portafilter - Versatile and Easy to Use","Breville 58 / Black | Riga","PF02BR58BK-Riga-HY","2025-07-01","United States","2025-07-06",1,145,-21.75,0,123.25,0,123.25
"Dosing Cup","54mm Dosing Cup / White","PSDdosingCup-WH-54","2025-07-01","United States","2025-07-01",1,26.25,-6.56,0,19.69,0,19.69
"High Extraction He[%] 54mm Breville Filter Basket - Dosing 18g-20g","Default Title","PSD-HE-54","2025-07-01","United States","2025-07-30",4,260,0,0,260,0,260
"Precision 58mm Breville Bundle: 58mm Portafilter & He[%] Basket","Black","PRE-BR58-SET","2025-07-01","Australia","2025-07-22",2,320.81,0,0,320.81,32.09,352.9
"Magnetic Espresso Dosing Ring","58mm Dosing Ring / Black","V2-PSDring-58mm","2025-07-01","Australia","2025-07-26",2,39.98,0,0,39.98,4,43.98
"High Diffusion Espresso Shower Screen","MV - HD Shower Screen","PSD-HD-MV","2025-07-01","United States","2025-07-14",5,330,-5.5,-49.5,275,0,275
"Magnetic Espresso Dosing Ring","54mm Dosing Ring / Black","V2-PSDring-54mm","2025-07-01","United States","2025-07-25",1,22.5,-2.7,0,19.8,0,19.8
"Pesado EP Filter Basket","EP-18g","EP-18g","2025-07-01","Australia","2025-07-07",1,17.74,0,0,17.74,1.78,19.52
"High Diffusion Espresso Shower Screen","LM - HD Shower Screen","PSD-HD-LM","2025-07-01","United States","2025-07-06",5,275,0,0,275,0,275
"Stand for (WDT) Clump Crusher 2.0","Default Title","V2-PSDcrusher-Stand","2025-07-01","United States","2025-07-05",1,18,-1.8,0,16.2,0,16.2
"53.5 & 58.5mm Puck Diffuser Screen","53.5mm","PSD-puck-54","2025-07-01","Australia","2025-07-27",2,32.83,-1.64,0,31.19,3.12,34.31
"Pesado Portafilter Tamping Station","Default Title","PSD-TampingStation","2025-07-01","Hong Kong","2025-07-22",1,122.43,-12.24,0,110.19,0,110.19
"Impact Gravity Espresso Grounds Distributor (58.4mm)","Black","V2-PSD-distributor","2025-07-01","United States","2025-07-14",1,120,0,0,120,0,120
"High Extraction He[%] 54mm Breville Filter Basket - Dosing 18g-20g","Default Title","PSD-HE-54","2025-07-01","United States","2025-07-17",3,195,-9.75,0,185.25,0,185.25
"Dosing Bundle","Black","DOSING_B","2025-07-01","United States","2025-07-16",1,52.5,0,0,52.5,0,52.5
"Pesado EP Filter Basket","EP-Breville54-20g","EP-BR-20g","2025-07-01","Australia","2025-07-22",6,107.05,-10.72,0,96.33,9.64,105.97
"High Diffusion Espresso Shower Screen","54 - HD Shower Screen","PSD-HD-54","2025-07-01","United States","2025-07-31",30,1493.1,-4.59,0,1488.51,6.49,1495
"Pesado EP Filter Basket","EP-Breville54-20g","EP-BR-20g","2025-07-01","United States","2025-07-31",1,20,-2,0,18,0,18
"Modular Puck Screen Holder - Aluminum Matte Black","Default Title","PSD-PuckHolder","2025-07-01","Australia","2025-07-19",1,17.74,0,0,17.74,1.78,19.52
"High Diffusion Espresso Shower Screen","E61 - HD Shower Screen","PSD-HD-E61","2025-07-01","Taiwan","2025-07-15",1,64.04,-6.4,0,57.64,0,57.64
"High Diffusion Espresso Shower Screen","E61 - HD Shower Screen","PSD-HD-E61","2025-07-01","United Arab Emirates","2025-07-19",1,60.44,0,0,60.44,0,60.44
"Pesado EP Filter Basket","EP-22g","EP-22g","2025-07-01","United States","2025-07-07",1,20,0,0,20,0,20
"High Diffusion Espresso Shower Screen","54 - HD Shower Screen","PSD-HD-54","2025-07-01","South Korea","2025-07-28",1,54.11,-6.49,0,47.62,0,47.62
"High Diffusion Espresso Shower Screen","MV - HD Shower Screen","PSD-HD-MV","2025-07-01","Denmark","2025-07-12",1,56.24,0,0,56.24,0,56.24
"High Diffusion Espresso Shower Screen","E61 - HD Shower Screen","PSD-HD-E61","2025-07-01","Australia","2025-07-21",2,112.47,0,0,112.47,11.25,123.72
"53.5 & 58.5mm Puck Diffuser Screen","58.5mm","PSD-puck","2025-07-01","Australia","2025-07-12",1,16.45,0,0,16.45,1.64,18.09
"Pesado EP Filter Basket","EP-Breville54-18g","EP-BR-18g","2025-07-01","Australia","2025-07-15",1,17.92,-2.69,0,15.23,1.52,16.75
"High Diffusion Espresso Shower Screen","E61 - HD Shower Screen","PSD-HD-E61","2025-07-01","United States","2025-07-14",4,236,0,0,236,0,236
"High Extraction He[%] Filter Baskets for a Fuller Coffee Experience","Pesado He[%] Basket - Large","PSD-HE-LG","2025-07-01","Australia","2025-07-23",4,204.04,-5.1,0,198.94,19.89,218.83
"High Diffusion Espresso Shower Screen","MV - HD Shower Screen","PSD-HD-MV","2025-07-01","Australia","2025-07-06",3,157.29,0,0,157.29,15.72,173.01
"High Diffusion Espresso Shower Screen","LM - HD Shower Screen","PSD-HD-LM","2025-07-01","Australia","2025-07-14",2,104.84,-7.84,0,97,9.7,106.7
"Depth Adjuster","Default Title","PSdepth","2025-07-01","United States","2025-07-05",1,45,-4.5,0,40.5,0,40.5
"Stainless Steel Milk Jug With Round Spout - 16.5oz / 490ml","Default Title","PSDjugWH","2025-07-01","Australia","2025-07-20",1,31.93,-6.38,0,25.55,2.56,28.11
"53.5 & 58.5mm Puck Diffuser Screen","53.5mm","PSD-puck-54","2025-07-01","United States","2025-07-19",2,40,0,0,40,0,40
"High Extraction He[%] Filter Baskets for a Fuller Coffee Experience","Pesado He[%] Basket - X-Large","PSD-HE-XL","2025-07-01","United States","2025-07-25",2,130,-6.5,0,123.5,0,123.5
"Breville 54mm Portafilter & Basket Precision Bundle","Black","PRE-BR54-SET","2025-07-01","United States","2025-07-18",3,606,-30.3,0,575.7,0,575.7
"Modular Puck Screen Holder - Aluminum Matte Black","Default Title","PSD-PuckHolder","2025-07-01","United States","2025-07-05",1,20,-2,0,18,0,18
"53.5 & 58.5mm Puck Diffuser Screen","58.5mm","PSD-puck","2025-07-01","Portugal","2025-07-13",1,20.99,0,0,20.99,0,20.99
"Hybrid LM/E61/NS/GA Portafilter - Versatile Bottomless & Spouted","E61 5mm / White | Haze","PF02MV-WHZ-HY","2025-07-01","United States","2025-07-06",1,145,0,0,145,0,145
"Dosing Cup","54mm Dosing Cup / Black","PSDdosingCup-BK-54","2025-07-01","Australia","2025-07-12",1,20.94,0,0,20.94,2.09,23.03
"High Diffusion Espresso Shower Screen","MV - HD Shower Screen","PSD-HD-MV","2025-07-01","Czech Republic","2025-07-15",1,56.13,-5.61,0,50.52,0,50.52
"High Diffusion Espresso Shower Screen","54 - HD Shower Screen","PSD-HD-54","2025-07-01","Malaysia","2025-07-18",1,51.12,0,0,51.12,0,51.12
"High Diffusion Espresso Shower Screen","54 - HD Shower Screen","PSD-HD-54","2025-07-01","Australia","2025-07-23",47,2111.47,-9.86,0,2101.61,210.18,2311.79
"High Extraction He[%] Filter Baskets for a Fuller Coffee Experience","Pesado He[%] Basket - Medium","PSD-HE-ME","2025-07-01","Australia","2025-07-29",2,100.67,-11.07,0,89.6,8.96,98.56
"Pesado Single Dose Coffee Cellar Stand + 4 Pack of Bean Cellars","Default Title","PSD-Beanstand-combo","2025-07-01","United States","2025-07-18",1,75,0,0,75,0,75
"High Diffusion Espresso Shower Screen","E61 - HD Shower Screen","PSD-HD-E61","2025-07-01","Australia","2025-07-02",1,113.62,-5.68,-56.15,51.79,5.17,56.96
"High Extraction He[%] Filter Baskets for a Fuller Coffee Experience","Pesado He[%] Basket - Medium","PSD-HE-ME","2025-07-01","United States","2025-07-07",3,195,-22.75,0,172.25,0,172.25
"High Diffusion Espresso Shower Screen","MV - HD Shower Screen","PSD-HD-MV","2025-07-01","Australia","2025-07-17",19,985.19,0,0,985.19,98.52,1083.71
"Hybrid Breville 54/58mm Portafilter - Versatile and Easy to Use","Breville 54 / Black Full POM","PF02BR54-FullPOM-HY","2025-07-01","Malaysia","2025-07-10",1,117.33,-23.47,0,93.86,0,93.86
"Pesado Single Dose Coffee Cellar Stand + 4 Pack of Bean Cellars","Default Title","PSD-Beanstand-combo","2025-07-01","Australia","2025-07-09",1,68.19,0,0,68.19,6.82,75.01
"Hybrid Breville 54/58mm Portafilter - Versatile and Easy to Use","Breville 54 / Black | Riga","PF02BR54BK-Riga-HY","2025-07-01","Netherlands","2025-07-18",1,149.04,0,0,149.04,0,149.04
"Spring-Loaded Self-Leveling Tamper – Pesado x AD Coffee","Default Title","PSD-ADcoffee-Tamper","2025-07-01","Australia","2025-07-08",1,106.87,-16.03,0,90.84,9.09,99.93
"Modular Puck Screen Holder - Aluminum Matte Black","Default Title","PSD-PuckHolder","2025-07-01","United States","2025-07-18",1,20,-3,0,17,0,17
"Dusk & Haze Clump Crusher (WDT tool)","Dusk","PSDcrusher-Dusk","2025-07-01","Australia","2025-07-29",1,26.09,-3.13,0,22.96,2.3,25.26
"53.5 & 58.5mm Puck Diffuser Screen","58.5mm","PSD-puck","2025-07-01","United States","2025-07-01",3,60,0,0,60,0,60
"High Extraction He[%] Filter Baskets for a Fuller Coffee Experience","Pesado He[%] Basket - Medium","PSD-HE-ME","2025-07-01","United Kingdom","2025-07-25",1,67.31,0,0,67.31,0,67.31
"High Diffusion Espresso Shower Screen","54 - HD Shower Screen","PSD-HD-54","2025-07-01","Canada","2025-07-16",1,51.02,0,0,51.02,0,51.02
"Hybrid Breville 54/58mm Portafilter - Versatile and Easy to Use","Breville 58 / White Full POM","PF02BR58-WHPOM-HY","2025-07-01","Australia","2025-07-01",-1,0,0,-77.84,-77.84,-7.79,-85.63
"High Diffusion Espresso Shower Screen","54 - HD Shower Screen","PSD-HD-54","2025-07-01","Australia","2025-07-28",18,845.75,-9.77,-44.76,791.22,79.16,870.38
"High Extraction He[%] Filter Baskets for a Fuller Coffee Experience","Pesado He[%] Basket - Medium","PSD-HE-ME","2025-07-01","Australia","2025-07-26",1,50.74,-5.07,0,45.67,4.56,50.23
"Magnetic Espresso Dosing Ring","58mm Dosing Ring / Black","V2-PSDring-58mm","2025-07-01","United States","2025-07-11",2,45,0,0,45,0,45
"Bottomless LM/E61/NS/GA Portafilter (Hybrid)","Breville 58mm / White / Bronze","PF00BR58-WBZ-HY","2025-07-01","Australia","2025-07-22",1,88.91,0,0,88.91,8.89,97.8
"High Extraction He[%] Filter Baskets for a Fuller Coffee Experience","Pesado He[%] Basket - X-Large","PSD-HE-XL","2025-07-01","Australia","2025-07-22",1,50.38,-5.03,0,45.35,4.53,49.88
"High Extraction He[%] Filter Baskets for a Fuller Coffee Experience","Pesado He[%] Basket - Medium","PSD-HE-ME","2025-07-01","United States","2025-07-12",4,260,0,0,260,0,260
"Bottomless LM/E61/NS/GA Portafilter (Hybrid)","E61 5mm / Black / Silver","PF00MV-BSL-HY","2025-07-01","Spain","2025-07-06",1,115.36,0,0,115.36,0,115.36
"High Extraction He[%] 54mm Breville Filter Basket - Dosing 18g-20g","Default Title","PSD-HE-54","2025-07-01","Australia","2025-07-13",2,101.56,0,0,101.56,10.16,111.72
"Hybrid Breville 54/58mm Portafilter - Versatile and Easy to Use","Breville 58 / White | Silver","PF02BR58-WSL-HY","2025-07-01","United States","2025-07-20",1,137,-13.7,0,123.3,0,123.3
"Magnetic Espresso Dosing Ring","54mm Dosing Ring / Black","V2-PSDring-54mm","2025-07-01","United States","2025-07-30",1,22.5,0,0,22.5,0,22.5
"High Diffusion Espresso Shower Screen","MV - HD Shower Screen","PSD-HD-MV","2025-07-01","United States","2025-07-09",1,55,0,0,55,0,55
"High Diffusion Espresso Shower Screen","LM - HD Shower Screen","PSD-HD-LM","2025-07-01","United States","2025-07-17",6,330,-41.25,0,288.75,0,288.75
"Wooden Leva Accents","Iris","PSDleva-Iris","2025-07-01","Singapore","2025-07-05",2,42.38,-6.36,0,36.02,0,36.02
"High Diffusion Espresso Shower Screen","LM - HD Shower Screen","PSD-HD-LM","2025-07-01","South Korea","2025-07-14",2,117.7,0,0,117.7,0,117.7
"53.5 & 58.5mm Puck Diffuser Screen","53.5mm","PSD-puck-54","2025-07-01","Australia","2025-07-24",6,99.19,-5.27,0,93.92,9.38,103.3
"High Diffusion Espresso Shower Screen","E61 - HD Shower Screen","PSD-HD-E61","2025-07-01","Hong Kong","2025-07-12",1,60.26,-6.03,0,54.23,0,54.23
"Bottomless LM/E61/NS/GA Portafilter (Hybrid)","Breville 58mm / Black / Silver","PF00BR58-BSL-HY","2025-07-01","United States","2025-07-22",1,112,-11.21,0,100.79,0,100.79
"Magnetic Espresso Dosing Ring","58mm Dosing Ring / Black","V2-PSDring-58mm","2025-07-01","Australia","2025-07-29",1,19.87,-2.38,0,17.49,1.75,19.24
"Dosing Cup","54mm Dosing Cup / Black","PSDdosingCup-BK-54","2025-07-01","United States","2025-07-15",1,26.25,-2.62,0,23.63,0,23.63
"El Rocio Manus S Espresso Machine","Black","MANUSBK","2025-07-01","Australia","2025-07-14",1,1407.21,-140.72,0,1266.49,0,1266.49
"Coffee Tamper: 58.5mm & 53.5mm","58.5mm With Black Base / Black / Bronze","PSDT-BKBase-BBZ","2025-07-01","Australia","2025-07-23",1,71.87,0,0,71.87,7.19,79.06
"53.5 & 58.5mm Puck Diffuser Screen","58.5mm","PSD-puck","2025-07-01","United States","2025-07-22",1,20,0,0,20,0,20
"High Extraction He[%] 54mm Breville Filter Basket - Dosing 18g-20g","Default Title","PSD-HE-54","2025-07-01","United States","2025-07-06",1,65,-6.5,0,58.5,0,58.5
"Precision Espresso Portafilter & Basket Bundle - LM & E61","La Marzocco 6mm / Black","PRE_SET","2025-07-01","United States","2025-07-23",1,202,0,0,202,0,202
"Bottomless LM/E61/NS/GA Portafilter (Hybrid)","E61 5mm / Black / Iris","PF00MVBK-Iris-HY","2025-07-01","United States","2025-07-29",1,120,0,0,120,0,120
"53.5 & 58.5mm Puck Diffuser Screen","58.5mm","PSD-puck","2025-07-01","South Korea","2025-07-04",2,42.56,0,0,42.56,0,42.56
"Crusher Threaded Pin Assembly for DIY WDT Tool","4 pack of WDT pins","PSD-removablepins","2025-07-01","Australia","2025-07-19",1,0.59,0,0,0.59,0.06,0.65
"Hybrid LM/E61/NS/GA Portafilter - Versatile Bottomless & Spouted","E61 5mm / Black | Silver","PF02MV-BSL-HY","2025-07-01","Austria","2025-07-01",1,140.18,0,0,140.18,0,140.18
"High Diffusion Espresso Shower Screen","54 - HD Shower Screen","PSD-HD-54","2025-07-01","United States","2025-07-20",26,1300,-17.5,0,1282.5,0,1282.5
"Breville 54mm Portafilter & Basket Precision Bundle","Black","PRE-BR54-SET","2025-07-01","Australia","2025-07-19",1,159.71,0,0,159.71,15.97,175.68
"High Extraction He[%] Filter Baskets for a Fuller Coffee Experience","Pesado He[%] Basket - Medium","PSD-HE-ME","2025-07-01","Ireland","2025-07-30",1,66.98,-6.69,0,60.29,0,60.29
"Coffee Tamper: 58.5mm & 53.5mm","58.5mm / Black / Riga","PSDTMBKRiga","2025-07-01","Australia","2025-07-24",1,77.92,0,0,77.92,7.79,85.71
"High Extraction He[%] Filter Baskets for a Fuller Coffee Experience","Pesado He[%] Basket - Large","PSD-HE-LG","2025-07-01","Australia","2025-07-28",1,50.39,0,0,50.39,5.04,55.43
"High Diffusion Espresso Shower Screen","54 - HD Shower Screen","PSD-HD-54","2025-07-01","Romania","2025-07-14",1,51.07,0,0,51.07,0,51.07
"Portafilter with a Double Spout for Espresso Machines","La Marzocco / E61 / Black | Silver","PF02LM-BSL","2025-07-01","United States","2025-07-19",1,112,-11.2,0,100.8,0,100.8
"High Diffusion Espresso Shower Screen","E61 - HD Shower Screen","PSD-HD-E61","2025-07-01","United States","2025-07-09",1,236,-5.9,-177,53.1,0,53.1
"Dosing Cup","58mm Dosing Cup / White","PSDdosingCup-WH","2025-07-01","Japan","2025-07-12",1,27.13,-2.71,0,24.42,0,24.42
"High Diffusion Espresso Shower Screen","E61 - HD Shower Screen","PSD-HD-E61","2025-07-01","Australia","2025-07-14",1,56.72,0,0,56.72,5.68,62.4
"Impact Gravity Espresso Grounds Distributor (58.4mm)","White","WH-V2-PSD-distributor","2025-07-01","United States","2025-07-31",1,120,-14.4,0,105.6,0,105.6
"High Diffusion Espresso Shower Screen","E61 - HD Shower Screen","PSD-HD-E61","2025-07-01","United States","2025-07-21",3,177,0,0,177,0,177
"Pesado EP Filter Basket","EP-Breville54-18g","EP-BR-18g","2025-07-01","Australia","2025-07-24",8,144.02,-12.93,0,131.09,13.1,144.19
"53.5 & 58.5mm Puck Diffuser Screen","58.5mm","PSD-puck","2025-07-01","Australia","2025-07-19",4,65.04,-1.62,0,63.42,6.35,69.77
"Gravity Coffee Distributor 53.5mm","54 mm","PSD-distributor-54m","2025-07-01","United States","2025-07-09",1,110,-11,0,99,0,99
"High Extraction He[%] Filter Baskets for a Fuller Coffee Experience","Pesado He[%] Basket - X-Large","PSD-HE-XL","2025-07-01","Japan","2025-07-02",1,66.75,-10.01,0,56.74,0,56.74
"High Extraction He[%] Filter Baskets for a Fuller Coffee Experience","Pesado He[%] Basket - Large","PSD-HE-LG","2025-07-01","Australia","2025-07-16",1,50.42,-7.56,0,42.86,4.29,47.15
"Bottomless LM/E61/NS/GA Portafilter (Hybrid)","E61 5mm / Black / Silver","PF00MV-BSL-HY","2025-07-01","United Kingdom","2025-07-14",-1,0,0,-103.16,-103.16,0,-103.16
"Pesado EP Filter Basket","EP-Breville54-20g","EP-BR-20g","2025-07-01","Australia","2025-07-13",1,17.94,0,0,17.94,1.8,19.74
"High Diffusion Espresso Shower Screen","LM - HD Shower Screen","PSD-HD-LM","2025-07-01","Chile","2025-07-22",1,55,0,0,55,0,55
"Spouted Portafilter - Head Only","LM/E61","PFHLM","2025-07-01","Netherlands","2025-07-20",1,69.75,0,0,69.75,0,69.75
"Bottomless LM/E61/NS/GA Portafilter (Hybrid)","E61 5mm / White / Riga","PF00MVWH-Riga-HY","2025-07-01","Australia","2025-07-31",1,93.8,-9.38,0,84.42,8.44,92.86
"Dosing Cup","54mm Dosing Cup / Black","PSDdosingCup-BK-54","2025-07-01","United States","2025-07-27",1,26.25,-2.62,0,23.63,0,23.63
"High Diffusion Espresso Shower Screen","E61 - HD Shower Screen","PSD-HD-E61","2025-07-01","South Korea","2025-07-14",1,63.06,0,0,63.06,0,63.06
"High Extraction He[%] 54mm Breville Filter Basket - Dosing 18g-20g","Default Title","PSD-HE-54","2025-07-01","United States","2025-07-26",2,130,0,0,130,0,130
"53.5 & 58.5mm Puck Diffuser Screen","58.5mm","PSD-puck","2025-07-01","United States","2025-07-10",2,40,0,0,40,0,40
"Hybrid LM/E61/NS/GA Portafilter - Versatile Bottomless & Spouted","E61 5mm / Black Full Pom","PF02MV-FullPOM-HY","2025-07-01","Netherlands","2025-07-23",1,117.36,-11.73,0,105.63,0,105.63
"High Diffusion Espresso Shower Screen","E61 - HD Shower Screen","PSD-HD-E61","2025-07-01","France","2025-07-17",1,60.34,-6.04,0,54.3,0,54.3
"High Diffusion Espresso Shower Screen","LM - HD Shower Screen","PSD-HD-LM","2025-07-01","Australia","2025-07-02",1,52.65,0,0,52.65,5.27,57.92
"Stainless Steel Milk Jug With Round Spout - 16.5oz / 490ml","Default Title","PSDjugWH","2025-07-01","United States","2025-07-17",1,34.35,-6.87,0,27.48,0,27.48
"Pesado Single Dose Coffee Cellar Stand + 4 Pack of Bean Cellars","Default Title","PSD-Beanstand-combo","2025-07-01","Australia","2025-07-02",1,68.61,-10.29,0,58.32,5.83,64.15
"Magnetic Espresso Dosing Ring","58mm Dosing Ring / Black","V2-PSDring-58mm","2025-07-01","Australia","2025-07-17",1,19.86,0,0,19.86,1.99,21.85
"High Diffusion Espresso Shower Screen","MV - HD Shower Screen","PSD-HD-MV","2025-07-01","United States","2025-07-21",7,385,0,0,385,0,385
"Hybrid Breville 54/58mm Portafilter - Versatile and Easy to Use","Breville 54 / Black Full POM","PF02BR54-FullPOM-HY","2025-07-01","Australia","2025-07-24",1,93.11,-11.17,0,81.94,8.19,90.13
"High Diffusion Espresso Shower Screen","LM - HD Shower Screen","PSD-HD-LM","2025-07-01","United States","2025-07-29",0,55,0,-55,0,0,0
"Pesado Black Ripple Set","Black Ripple Set","PSDBlackRippleSet","2025-07-01","United States","2025-07-21",1,60.6,0,0,60.6,0,60.6
"High Extraction He[%] Filter Baskets for a Fuller Coffee Experience","Pesado He[%] Basket - Small","PSD-HE-SM","2025-07-01","Australia","2025-07-26",1,50.73,0,0,50.73,5.07,55.8
"High Diffusion Espresso Shower Screen","54 - HD Shower Screen","PSD-HD-54","2025-07-01","Israel","2025-07-12",1,51.02,0,0,51.02,0,51.02
"High Extraction He[%] Filter Baskets for a Fuller Coffee Experience","Pesado He[%] Basket - Large","PSD-HE-LG","2025-07-01","United States","2025-07-09",3,195,-16.25,0,178.75,0,178.75
"High Diffusion Espresso Shower Screen","E61 - HD Shower Screen","PSD-HD-E61","2025-07-01","United States","2025-07-02",5,290.75,0,0,290.75,4.25,295
"High Extraction He[%] Filter Baskets for a Fuller Coffee Experience","Pesado He[%] Basket - X-Large","PSD-HE-XL","2025-07-01","Australia","2025-07-10",1,50.69,0,0,50.69,5.07,55.76
"Pesado EP Filter Basket","EP-18g","EP-18g","2025-07-01","Japan","2025-07-31",1,20.6,-2.47,0,18.13,0,18.13
"Hybrid LM/E61/NS/GA Portafilter - Versatile Bottomless & Spouted","La Marzocco 6mm / White | Iris","PF02LMWH-Iris-HY","2025-07-01","United States","2025-07-22",1,145,-14.5,0,130.5,0,130.5
"High Extraction He[%] Filter Baskets for a Fuller Coffee Experience","Pesado He[%] Basket - Medium","PSD-HE-ME","2025-07-01","Australia","2025-07-06",7,353.22,-5.06,0,348.16,34.82,382.98
"Bottomless LM/E61/NS/GA Portafilter (Hybrid)","E61 5mm / Black / Silver","PF00MV-BSL-HY","2025-07-01","Australia","2025-07-10",1,89.52,0,0,89.52,8.95,98.47
"Pesado EP Filter Basket","EP-22g","EP-22g","2025-07-01","Australia","2025-07-24",1,17.98,0,0,17.98,1.8,19.78
"High Diffusion Espresso Shower Screen","54 - HD Shower Screen","PSD-HD-54","2025-07-01","Australia","2025-07-16",39,1733.4,-31.07,0,1702.33,170.31,1872.64
"Modular Puck Screen Holder - Aluminum Matte Black","Default Title","PSD-PuckHolder","2025-07-01","United States","2025-07-30",1,20,0,0,20,0,20
"Spring-Loaded Self-Leveling Tamper – Pesado x AD Coffee","Default Title","PSD-ADcoffee-Tamper","2025-07-01","Australia","2025-07-20",1,106.47,0,0,106.47,10.65,117.12
"Pesado EP Filter Basket","EP-20g","EP-20g","2025-07-01","United States","2025-07-06",1,20,0,0,20,0,20
"Naked/Bottomless Portafilter - Head Only (HYBRID)","E61 5mm","PFH00MV-HY","2025-07-01","Australia","2025-07-30",1,55.66,0,0,55.66,5.57,61.23
"Hybrid LM/E61/NS/GA Portafilter - Versatile Bottomless & Spouted","Nuova Simonelli / Black | Riga","PF02NSBK-Riga-HY","2025-07-01","United States","2025-07-10",1,145,0,0,145,0,145
"High Extraction He[%] Filter Baskets for a Fuller Coffee Experience","Pesado He[%] Basket - Medium","PSD-HE-ME","2025-07-01","United Kingdom","2025-07-05",2,133.72,-6.69,0,127.03,0,127.03
"High Extraction He[%] Filter Baskets for a Fuller Coffee Experience","Pesado He[%] Basket - Large","PSD-HE-LG","2025-07-01","Portugal","2025-07-13",1,66.58,0,0,66.58,0,66.58
"Impact Gravity Espresso Grounds Distributor (58.4mm)","Black","V2-PSD-distributor","2025-07-01","Australia","2025-07-29",2,218.79,-13.1,0,205.69,20.56,226.25
"Full Moon Wave - Convex Tamper","Black | Bronze","PSDT-WAVE-BBZ","2025-07-01","Australia","2025-07-29",1,85.66,0,0,85.66,8.57,94.23
"Stainless Steel Milk Jug With Round Spout - 16.5oz / 490ml","Default Title","PSDjugWH","2025-07-01","Australia","2025-07-11",2,64.59,-4.84,0,59.75,5.97,65.72
"53.5 & 58.5mm Puck Diffuser Screen","53.5mm","PSD-puck-54","2025-07-01","United States","2025-07-12",3,60,-4,0,56,0,56
"Bottomless LM/E61/NS/GA Portafilter (Hybrid)","Breville 58mm / Black Full POM","PF00BR58-FullPOM-HY","2025-07-01","Australia","2025-07-05",1,65.53,0,0,65.53,6.55,72.08
"High Diffusion Espresso Shower Screen","MV - HD Shower Screen","PSD-HD-MV","2025-07-01","United States","2025-07-02",-3,0,0,-165,-165,0,-165
"Impact Gravity Espresso Grounds Distributor (58.4mm)","Black","V2-PSD-distributor","2025-07-01","Japan","2025-07-31",1,122.94,-14.75,0,108.19,0,108.19
"High Diffusion Espresso Shower Screen","MV - HD Shower Screen","PSD-HD-MV","2025-07-01","Australia","2025-07-29",16,833.58,-6.24,0,827.34,82.71,910.05
"Bottomless LM/E61/NS/GA Portafilter (Hybrid)","Breville 54mm / Black Full POM","PF00BR54-FullPOM-HY","2025-07-01","United States","2025-07-20",1,90,0,0,90,0,90
"Pesado Single Dose Coffee Cellar Stand + 4 Pack of Bean Cellars","Default Title","PSD-Beanstand-combo","2025-07-01","United States","2025-07-30",1,75,0,0,75,0,75
"High Extraction He[%] Filter Baskets for a Fuller Coffee Experience","Pesado He[%] Basket - Large","PSD-HE-LG","2025-07-01","United States","2025-07-14",-1,0,0,-58.5,-58.5,0,-58.5
"Sunrise Ceramic Coffee Cup and Saucer Set (White)","Default Title","PSD-CeramicSet","2025-07-01","Australia","2025-07-12",1,8.98,0,0,8.98,0.89,9.87
"High Extraction He[%] Filter Baskets for a Fuller Coffee Experience","Pesado He[%] Basket - Medium","PSD-HE-ME","2025-07-01","United States","2025-07-19",1,65,-6.5,0,58.5,0,58.5
"Impact Gravity Espresso Grounds Distributor (58.4mm)","Black","V2-PSD-distributor","2025-07-01","France","2025-07-10",1,122.68,0,0,122.68,0,122.68
"Hybrid Breville 54/58mm Portafilter - Versatile and Easy to Use","Breville 58 / Black | Bronze","PF02BR58-BBZ-HY","2025-07-01","Australia","2025-07-15",1,110.51,-11.05,0,99.46,9.95,109.41
"High Extraction He[%] Filter Baskets for a Fuller Coffee Experience","Pesado He[%] Basket - Medium","PSD-HE-ME","2025-07-01","Australia","2025-07-17",2,100.53,-5.03,0,95.5,9.55,105.05
"Bottomless LM/E61/NS/GA Portafilter (Hybrid)","La Marzocco 6mm / Black Full POM","PF00LM-FullPOM-HY","2025-07-01","United States","2025-07-30",2,180,-18,0,162,0,162
"Bottomless LM/E61/NS/GA Portafilter (Hybrid)","E61 5mm / White / Haze","PF00MV-WHZ-HY","2025-07-01","Netherlands","2025-07-08",1,123.09,0,0,123.09,0,123.09
"Bottomless LM/E61/NS/GA Portafilter (Hybrid)","Breville 58mm / Black / Black","PF00BR58-BBK-HY","2025-07-01","United States","2025-07-30",1,112,0,0,112,0,112
"Pesado EP Filter Basket","EP-18g","EP-18g","2025-07-01","Canada","2025-07-20",0,20.4,0,-20.4,0,0,0
"Stainless Steel Clump Crusher V2.0 (WDT espresso distribution tool)","Black","V2-PSDcrusher-Black","2025-07-01","Australia","2025-07-15",2,52.31,0,0,52.31,5.24,57.55
"Modular Puck Screen Holder - Aluminum Matte Black","Default Title","PSD-PuckHolder","2025-07-01","United States","2025-07-25",2,40,-4.4,0,35.6,0,35.6
"Breville 54mm Portafilter & Basket Precision Bundle","Black","PRE-BR54-SET","2025-07-01","United States","2025-07-30",1,202,0,0,202,0,202
"Stand for (WDT) Clump Crusher 2.0","Default Title","V2-PSDcrusher-Stand","2025-07-01","Australia","2025-07-16",1,16.95,0,0,16.95,1.7,18.65
"Espresso Shot Mirror","Default Title","PSDshot-mirror","2025-07-01","United States","2025-07-07",1,28,0,0,28,0,28
"High Diffusion Espresso Shower Screen","MV - HD Shower Screen","PSD-HD-MV","2025-07-01","Australia","2025-07-26",25,1313.01,-22.05,0,1290.96,129.05,1420.01
"Bottomless LM/E61/NS/GA Portafilter (Hybrid)","Breville 54mm / White Full POM","PF00BR54-WHPOM-HY","2025-07-01","United States","2025-07-13",1,90,0,0,90,0,90
"53.5 & 58.5mm Puck Diffuser Screen","53.5mm","PSD-puck-54","2025-07-01","Singapore","2025-07-25",1,21.07,0,0,21.07,0,21.07
"Pesado EP Filter Basket","EP-18g","EP-18g","2025-07-01","United States","2025-07-27",1,20,0,0,20,0,20
"Magnetic Espresso Dosing Ring","54mm Dosing Ring / White","WH-V2-PSDring-54mm","2025-07-01","Australia","2025-07-29",1,19.82,0,0,19.82,1.99,21.81
"High Diffusion Espresso Shower Screen","E61 - HD Shower Screen","PSD-HD-E61","2025-07-01","Australia","2025-07-09",1,56.45,0,0,56.45,5.65,62.1
"Pesado 58.5 Portafilter Hybrid Head - Versatile & Easy to Use","Breville 58mm Hybrid","PFH02BR58-HY","2025-07-01","Australia","2025-07-26",1,71.62,0,0,71.62,7.16,78.78
"Coffee Tamper: 58.5mm & 53.5mm","58.5mm / Black / Silver","PSDTMBSl","2025-07-01","United States","2025-07-08",1,90,0,0,90,0,90
"High Extraction He[%] Filter Baskets for a Fuller Coffee Experience","Pesado He[%] Basket - Large","PSD-HE-LG","2025-07-01","Australia","2025-07-03",1,50.84,0,0,50.84,5.09,55.93
"Pesado Portafilter Tamping Station","Default Title","PSD-TampingStation","2025-07-01","Australia","2025-07-15",1,107.49,0,0,107.49,10.75,118.24
"High Diffusion Espresso Shower Screen","E61 - HD Shower Screen","PSD-HD-E61","2025-07-01","United Kingdom","2025-07-07",1,61.28,-61.28,0,0,0,0
"Bottomless LM/E61/NS/GA Portafilter (Hybrid)","La Marzocco 6mm / Black / Silver","PF00LM-BSL-HY","2025-07-01","Hong Kong","2025-07-23",1,114.27,-11.43,0,102.84,0,102.84
"Pesado EP Filter Basket","EP-Breville54-18g","EP-BR-18g","2025-07-01","Australia","2025-07-27",5,89.63,-8.95,0,80.68,8.05,88.73
"High Diffusion Espresso Shower Screen","54 - HD Shower Screen","PSD-HD-54","2025-07-01","United States","2025-07-11",27,1350,-17.5,0,1332.5,0,1332.5
"Modular Puck Screen Holder - Aluminum Matte Black","Default Title","PSD-PuckHolder","2025-07-01","Hong Kong","2025-07-15",1,20.51,0,0,20.51,0,20.51
"Pesado EP Filter Basket","EP-Breville54-20g","EP-BR-20g","2025-07-01","United States","2025-07-11",1,20,0,0,20,0,20
"Pesado Portafilter Tamping Station","Default Title","PSD-TampingStation","2025-07-01","United States","2025-07-22",1,119.99,-12,0,107.99,0,107.99
"High Diffusion Espresso Shower Screen","E61 - HD Shower Screen","PSD-HD-E61","2025-07-01","United Arab Emirates","2025-07-07",1,60.44,0,0,60.44,0,60.44
"Crusher Threaded Pin Assembly for DIY WDT Tool","4 pack of WDT pins","PSD-removablepins","2025-07-01","Australia","2025-07-12",1,0.6,0,0,0.6,0.06,0.66
"Hybrid Breville 54/58mm Portafilter - Versatile and Easy to Use","Breville 54 / Black | Riga","PF02BR54BK-Riga-HY","2025-07-01","United States","2025-07-28",1,145,0,0,145,0,145
"Single-Dose Coffee Tubes (Bean Cellar 4-Pack)","Default Title","PSD-beantube","2025-07-01","United States","2025-07-18",2,54,0,0,54,0,54
"Precision 58mm Breville Bundle: 58mm Portafilter & He[%] Basket","Black","PRE-BR58-SET","2025-07-01","Australia","2025-07-21",1,159.97,-23.99,0,135.98,13.6,149.58
"High Extraction He[%] 54mm Breville Filter Basket - Dosing 18g-20g","Default Title","PSD-HE-54","2025-07-01","United States","2025-07-29",2,126.17,-7.34,0,118.83,3.37,122.2
"Pesado Black Ripple Set","58mm Dosing Cup","PSDdosingCup-BK","2025-07-01","Australia","2025-07-24",1,21.06,-2.1,0,18.96,1.89,20.85
"53.5 & 58.5mm Puck Diffuser Screen","58.5mm","PSD-puck","2025-07-01","United States","2025-07-13",2,40,-2,0,38,0,38
"53.5 & 58.5mm Puck Diffuser Screen","53.5mm","PSD-puck-54","2025-07-01","Australia","2025-07-15",4,81.92,0,-16.41,65.51,6.56,72.07
"High Extraction He[%] 54mm Breville Filter Basket - Dosing 18g-20g","Default Title","PSD-HE-54","2025-07-01","Australia","2025-07-22",4,201.96,0,0,201.96,20.2,222.16
"High Diffusion Espresso Shower Screen","LM - HD Shower Screen","PSD-HD-LM","2025-07-01","United States","2025-07-26",1,55,0,0,55,0,55
,"",,"2025-07-01","Australia","2025-07-14",-1,0,0,-56.25,-56.25,-5.62,-61.87
"Pesado EP Filter Basket","EP-18g","EP-18g","2025-07-01","United States","2025-07-11",1,20,0,0,20,0,20
"High Diffusion Espresso Shower Screen","MV - HD Shower Screen","PSD-HD-MV","2025-07-01","Australia","2025-07-10",12,629.91,-7.88,0,622.03,62.21,684.24
"Magnetic Espresso Dosing Ring","54mm Dosing Ring / White","WH-V2-PSDring-54mm","2025-07-01","United States","2025-07-30",1,22.5,-2.25,0,20.25,0,20.25
"53.5 & 58.5mm Puck Diffuser Screen","53.5mm","PSD-puck-54","2025-07-01","United States","2025-07-23",1,20,0,0,20,0,20
"Stainless Steel Milk Jug With Round Spout - 16.5oz / 490ml","Default Title","PSDjugWH","2025-07-01","Australia","2025-07-24",1,32.44,0,0,32.44,3.24,35.68
"Dosing Cup","54mm Dosing Cup / Black","PSDdosingCup-BK-54","2025-07-01","Australia","2025-07-16",1,20.61,0,0,20.61,2.06,22.67
"Dusk & Haze Clump Crusher (WDT tool)","Dusk","PSDcrusher-Dusk","2025-07-01","Australia","2025-07-22",2,52.12,0,0,52.12,5.22,57.34
"Modular Puck Screen Holder - Aluminum Matte Black","Default Title","PSD-PuckHolder","2025-07-01","United States","2025-07-09",1,20,0,0,20,0,20
"High Diffusion Espresso Shower Screen","54 - HD Shower Screen","PSD-HD-54","2025-07-01","Australia","2025-07-19",30,1330.8,-6.65,0,1324.15,132.53,1456.68
"Coffee Tamper: 58.5mm & 53.5mm","53.5mm / Black / Silver","PSDT-53.5-BSL","2025-07-01","United States","2025-07-06",1,90,-9,0,81,0,81
"Sunrise Ceramic Coffee Cup and Saucer Set (White)","Default Title","PSD-CeramicSet","2025-07-01","Australia","2025-07-28",1,8.89,0,0,8.89,0.89,9.78
"High Extraction He[%] Filter Baskets for a Fuller Coffee Experience","Pesado He[%] Basket - X-Large","PSD-HE-XL","2025-07-01","Australia","2025-07-29",2,100.74,-5.04,0,95.7,9.56,105.26
"Stainless Steel Clump Crusher V2.0 (WDT espresso distribution tool)","Bronze","V2-PSDcrusher-Bronze","2025-07-01","Australia","2025-07-13",1,26.31,-3.94,0,22.37,2.24,24.61
"Hybrid LM/E61/NS/GA Portafilter - Versatile Bottomless & Spouted","La Marzocco 6mm / Black | Silver","PF02LM-BSL-HY","2025-07-01","Ireland","2025-07-01",2,285.06,-57.01,0,228.05,0,228.05
"High Diffusion Espresso Shower Screen","MV - HD Shower Screen","PSD-HD-MV","2025-07-01","Thailand","2025-07-11",1,56.11,0,0,56.11,0,56.11
"High Extraction He[%] Filter Baskets for a Fuller Coffee Experience","Pesado He[%] Basket - Medium","PSD-HE-ME","2025-07-01","United States","2025-07-03",3,195,-6.5,0,188.5,0,188.5
"High Diffusion Espresso Shower Screen","LM - HD Shower Screen","PSD-HD-LM","2025-07-01","Spain","2025-07-24",1,56.45,0,0,56.45,0,56.45
"Magnetic Espresso Dosing Ring","58mm Dosing Ring / Black","V2-PSDring-58mm","2025-07-01","United States","2025-07-04",1,22.5,0,0,22.5,0,22.5
"High Diffusion Espresso Shower Screen","LM - HD Shower Screen","PSD-HD-LM","2025-07-01","United States","2025-07-10",9,490.63,-10.56,0,480.07,3.93,484
"Dosing Bundle","Black","DOSING_B","2025-07-01","Australia","2025-07-25",1,40.89,0,0,40.89,4.09,44.98
"High Extraction He[%] Filter Baskets for a Fuller Coffee Experience","Pesado He[%] Basket - X-Large","PSD-HE-XL","2025-07-01","United States","2025-07-02",1,65,0,0,65,0,65
"Stainless Steel Milk Jug With Round Spout - 16.5oz / 490ml","Default Title","PSDjugWH","2025-07-01","United States","2025-07-22",1,34.35,-3.43,0,30.92,0,30.92
"Magnetic Espresso Dosing Ring","58mm Dosing Ring / Black","V2-PSDring-58mm","2025-07-01","Australia","2025-07-22",2,39.8,0,0,39.8,3.99,43.79
"Pesado Portafilter Tamping Station","Default Title","PSD-TampingStation","2025-07-01","Netherlands","2025-07-18",1,123.32,0,0,123.32,0,123.32
"High Diffusion Espresso Shower Screen","MV - HD Shower Screen","PSD-HD-MV","2025-07-01","United States","2025-07-18",7,385,-5.5,0,379.5,0,379.5
"Pesado EP Filter Basket","EP-Breville54-18g","EP-BR-18g","2025-07-01","United States","2025-07-23",1,20,-2,0,18,0,18
"Stand for (WDT) Clump Crusher 2.0","Default Title","V2-PSDcrusher-Stand","2025-07-01","United States","2025-07-09",1,18,0,0,18,0,18
"53.5 & 58.5mm Puck Diffuser Screen","53.5mm","PSD-puck-54","2025-07-01","Australia","2025-07-31",1,16.16,0,0,16.16,1.62,17.78
"Pesado 58.5 Portafilter Hybrid Head - Versatile & Easy to Use","LM/E61 & NS/BR58mm Hybrid Attachment Only","PSDHY","2025-07-01","Singapore","2025-07-15",1,25.74,-3.86,0,21.88,0,21.88
"53.5 & 58.5mm Puck Diffuser Screen","58.5mm","PSD-puck","2025-07-01","United States","2025-07-29",1,20,0,0,20,0,20
"Impact Gravity Espresso Grounds Distributor (58.4mm)","Black","V2-PSD-distributor","2025-07-01","United States","2025-07-18",1,120,0,0,120,0,120
"Bottomless LM/E61/NS/GA Portafilter (Hybrid)","Nuova Simonelli / White / Black","PF00NS-WBK-HY","2025-07-01","Poland","2025-07-29",2,228.58,0,0,228.58,0,228.58
"Pesado EP Filter Basket","EP-20g","EP-20g","2025-07-01","Australia","2025-07-25",1,17.9,-2.14,0,15.76,1.58,17.34
"High Extraction He[%] 54mm Breville Filter Basket - Dosing 18g-20g","Default Title","PSD-HE-54","2025-07-01","United States","2025-07-13",4,325,-6.5,-58.5,260,0,260
"Precision 58mm Breville Bundle: 58mm Portafilter & He[%] Basket","Black","PRE-BR58-SET","2025-07-01","Australia","2025-07-05",1,160.84,0,0,160.84,16.09,176.93
"Pesado EP Filter Basket","EP-Breville54-20g","EP-BR-20g","2025-07-01","Australia","2025-07-26",2,35.82,-3.58,0,32.24,3.22,35.46
"High Diffusion Espresso Shower Screen","54 - HD Shower Screen","PSD-HD-54","2025-07-01","United States","2025-07-27",24,1289.01,-72,-95,1122.01,10.99,1133
"Pesado EP Filter Basket","EP-Breville54-20g","EP-BR-20g","2025-07-01","United States","2025-07-27",4,80,-8,0,72,0,72
"Wooden Clump Crusher - WDT Distribution Tool for Fluffy Espresso Puck","Riga","PSDcrusherRIGA","2025-07-01","United States","2025-07-17",1,34.35,0,0,34.35,0,34.35
"Pesado Portafilter Tamping Station","Default Title","PSD-TampingStation","2025-07-01","United States","2025-07-06",1,119.99,-11.99,0,108,0,108
"Precision 58mm Breville Bundle: 58mm Portafilter & He[%] Basket","Black","PRE-BR58-SET","2025-07-01","United States","2025-07-30",1,202,0,0,202,0,202
"Pesado EP Filter Basket","EP-22g","EP-22g","2025-07-01","United States","2025-07-03",1,20,-20,0,0,0,0
"High Extraction He[%] Filter Baskets for a Fuller Coffee Experience","Pesado He[%] Basket - Medium","PSD-HE-ME","2025-07-01","Greece","2025-07-30",1,66.95,-6.69,0,60.26,0,60.26
"High Diffusion Espresso Shower Screen","E61 - HD Shower Screen","PSD-HD-E61","2025-07-01","Australia","2025-07-25",1,56.69,0,0,56.69,5.67,62.36
"Full Moon Wave - Convex Tamper","Black | Haze","PSDT-WAVE-BHz","2025-07-01","Singapore","2025-07-15",1,117.02,-11.7,0,105.32,0,105.32
"53.5 & 58.5mm Puck Diffuser Screen","58.5mm","PSD-puck","2025-07-01","Australia","2025-07-16",2,32.63,0,0,32.63,3.26,35.89
"High Diffusion Espresso Shower Screen","E61 - HD Shower Screen","PSD-HD-E61","2025-07-01","United States","2025-07-18",7,413,-20.65,0,392.35,0,392.35
"Pesado EP Filter Basket","EP-Breville54-18g","EP-BR-18g","2025-07-01","Australia","2025-07-11",1,17.94,-2.69,0,15.25,1.53,16.78
"High Extraction He[%] 54mm Breville Filter Basket - Dosing 18g-20g","Default Title","PSD-HE-54","2025-07-01","Australia","2025-07-17",9,450.85,-5.02,0,445.83,44.57,490.4
"Pesado EP Filter Basket","EP-18g","EP-18g","2025-07-01","Australia","2025-07-16",1,17.79,0,0,17.79,1.78,19.57
"High Diffusion Espresso Shower Screen","MV - HD Shower Screen","PSD-HD-MV","2025-07-01","United States","2025-07-05",3,165,-16.5,0,148.5,0,148.5
"Bottomless LM/E61/NS/GA Portafilter (Hybrid)","E61 5mm / Black / Riga","PF00MVBK-Riga-HY","2025-07-01","France","2025-07-12",1,122.68,-12.26,0,110.42,0,110.42
"Stand for (WDT) Clump Crusher 2.0","Default Title","V2-PSDcrusher-Stand","2025-07-01","United States","2025-07-14",1,18,0,0,18,0,18
"Pesado EP Filter Basket","EP-Breville54-18g","EP-BR-18g","2025-07-01","United States","2025-07-28",6,120,-12,0,108,0,108
"53.5 & 58.5mm Puck Diffuser Screen","53.5mm","PSD-puck-54","2025-07-01","Australia","2025-07-20",2,32.52,0,0,32.52,3.26,35.78
"High Diffusion Espresso Shower Screen","LM - HD Shower Screen","PSD-HD-LM","2025-07-01","United States","2025-07-13",3,165,0,0,165,0,165
"53.5 & 58.5mm Puck Diffuser Screen","58.5mm","PSD-puck","2025-07-01","United States","2025-07-26",3,58.76,-2.4,0,56.36,1.24,57.6
"Bottomless LM/E61/NS/GA Portafilter (Hybrid)","E61 5mm / Black / Silver","PF00MV-BSL-HY","2025-07-01","United States","2025-07-06",1,112,0,0,112,0,112
"Pesado EP Filter Basket","EP-20g","EP-20g","2025-07-01","Australia","2025-07-30",3,52.98,0,0,52.98,5.3,58.28
"Modular Portafilter Handles","White / Haze","PSDHMODWHZ","2025-07-01","Australia","2025-07-07",1,50.16,0,0,50.16,5.02,55.18
"Precision 58mm Breville Bundle: 58mm Portafilter & He[%] Basket","Black","PRE-BR58-SET","2025-07-01","Australia","2025-07-18",1,159.61,0,0,159.61,15.96,175.57
"Pesado EP Filter Basket","EP-Breville54-20g","EP-BR-20g","2025-07-01","Australia","2025-07-29",2,35.49,-3.54,0,31.95,3.18,35.13
"Coffee Tamper: 58.5mm & 53.5mm","58.5mm / Black / Gold","PSDTMBGd","2025-07-01","Australia","2025-07-19",1,70.98,0,0,70.98,7.1,78.08
"Stainless Steel Clump Crusher V2.0 (WDT espresso distribution tool)","Black","V2-PSDcrusher-Black","2025-07-01","United States","2025-07-28",1,34.35,0,0,34.35,0,34.35
"High Diffusion Espresso Shower Screen","54 - HD Shower Screen","PSD-HD-54","2025-07-01","United States","2025-07-24",37,1850,-27,0,1823,0,1823
"Pesado EP Filter Basket","EP-Breville54-20g","EP-BR-20g","2025-07-01","United States","2025-07-24",3,60,-6,0,54,0,54
"High Diffusion Espresso Shower Screen","E61 - HD Shower Screen","PSD-HD-E61","2025-07-01","Australia","2025-07-30",4,223.84,-5.57,0,218.27,21.84,240.11
"High Diffusion Espresso Shower Screen","E61 - HD Shower Screen","PSD-HD-E61","2025-07-01","United States","2025-07-05",6,354,0,0,354,0,354
"53.5 & 58.5mm Puck Diffuser Screen","58.5mm","PSD-puck","2025-07-01","Australia","2025-07-03",1,16.43,0,0,16.43,1.64,18.07
"Bottomless LM/E61/NS/GA Portafilter (Hybrid)","Breville 58mm / White / Riga","PF00BR58WH-Riga-HY","2025-07-01","Australia","2025-07-04",1,95.36,-9.53,0,85.83,8.58,94.41
"High Diffusion Espresso Shower Screen","MV - HD Shower Screen","PSD-HD-MV","2025-07-01","Australia","2025-07-13",4,210.34,-5.26,0,205.08,20.5,225.58
"High Diffusion Espresso Shower Screen","LM - HD Shower Screen","PSD-HD-LM","2025-07-01","Australia","2025-07-05",4,209.71,0,0,209.71,20.97,230.68
"Magnetic Espresso Dosing Ring","54mm Dosing Ring / White","WH-V2-PSDring-54mm","2025-07-01","United States","2025-07-25",1,22.5,0,0,22.5,0,22.5
"Bottomless LM/E61/NS/GA Portafilter (Hybrid)","E61 5mm / White / Riga","PF00MVWH-Riga-HY","2025-07-01","Australia","2025-07-25",1,95.52,0,0,95.52,9.56,105.08
"53.5 & 58.5mm Puck Diffuser Screen","53.5mm","PSD-puck-54","2025-07-01","United States","2025-07-28",2,40,0,0,40,0,40
"Pesado Single Dose Coffee Cellar Stand + 4 Pack of Bean Cellars","Default Title","PSD-Beanstand-combo","2025-07-01","Australia","2025-07-05",1,68.51,0,0,68.51,6.85,75.36
"High Diffusion Espresso Shower Screen","E61 - HD Shower Screen","PSD-HD-E61","2025-07-01","Singapore","2025-07-24",1,60.25,-6.02,0,54.23,0,54.23
"Pesado EP Filter Basket","EP-20g","EP-20g","2025-07-01","United States","2025-07-22",2,40,-4,0,36,0,36
"Hybrid Breville 54/58mm Portafilter - Versatile and Easy to Use","Breville 58 / Black | Iris","PF02BR58BK-Iris-HY","2025-07-01","United States","2025-07-24",1,145,0,0,145,0,145
"Spring-Loaded Self-Leveling Tamper – Pesado x AD Coffee","Default Title","PSD-ADcoffee-Tamper","2025-07-01","Australia","2025-07-04",1,107.21,0,0,107.21,10.72,117.93
"Espresso Shot Mirror","Default Title","PSDshot-mirror","2025-07-01","United States","2025-07-28",1,28,-2.8,0,25.2,0,25.2
"High Diffusion Espresso Shower Screen","54 - HD Shower Screen","PSD-HD-54","2025-07-01","Canada","2025-07-12",1,51.11,0,0,51.11,0,51.11
"Pesado EP Filter Basket","EP-22g","EP-22g","2025-07-01","Australia","2025-07-08",1,17.8,-2.67,0,15.13,1.52,16.65
"High Extraction He[%] Filter Baskets for a Fuller Coffee Experience","Pesado He[%] Basket - Small","PSD-HE-SM","2025-07-01","United States","2025-07-09",1,65,-6.5,0,58.5,0,58.5
"Precision Espresso Portafilter & Basket Bundle - LM & E61","E61 5mm / Black","PRE_SETMV","2025-07-01","United States","2025-07-18",1,202,-30.29,0,171.71,0,171.71
"High Extraction He[%] Filter Baskets for a Fuller Coffee Experience","Pesado He[%] Basket - Medium","PSD-HE-ME","2025-07-01","Australia","2025-07-22",1,50.38,0,0,50.38,5.04,55.42
"Spring-Loaded Self-Leveling Tamper – Pesado x AD Coffee","Default Title","PSD-ADcoffee-Tamper","2025-07-01","United States","2025-07-18",1,120,-18,0,102,0,102
"High Extraction He[%] Filter Baskets for a Fuller Coffee Experience","Pesado He[%] Basket - X-Large","PSD-HE-XL","2025-07-01","Australia","2025-07-26",1,50.73,0,0,50.73,5.07,55.8
"Full Moon Wave - Convex Tamper","Black | Dusk","PSDT-WAVE-BDk","2025-07-01","Australia","2025-07-26",1,86.54,0,0,86.54,8.65,95.19
"High Extraction He[%] Filter Baskets for a Fuller Coffee Experience","Pesado He[%] Basket - Large","PSD-HE-LG","2025-07-01","United States","2025-07-25",1,65,0,0,65,0,65
"Magnetic Espresso Dosing Ring","58mm Dosing Ring / Black","V2-PSDring-58mm","2025-07-01","United States","2025-07-15",2,45,0,0,45,0,45
"High Extraction He[%] Filter Baskets for a Fuller Coffee Experience","Pesado He[%] Basket - Medium","PSD-HE-ME","2025-07-01","United States","2025-07-28",3,195,-22.1,0,172.9,0,172.9
"High Extraction He[%] Filter Baskets for a Fuller Coffee Experience","Pesado He[%] Basket - Large","PSD-HE-LG","2025-07-01","United States","2025-07-05",1,65,0,0,65,0,65
"Spring-Loaded Self-Leveling Tamper – Pesado x AD Coffee","Default Title","PSD-ADcoffee-Tamper","2025-07-01","United States","2025-07-30",1,120,0,0,120,0,120
"Stainless Steel Clump Crusher V2.0 (WDT espresso distribution tool)","Bronze","V2-PSDcrusher-Bronze","2025-07-01","United States","2025-07-13",1,34.35,0,0,34.35,0,34.35
"Pesado EP Filter Basket","EP-18g","EP-18g","2025-07-01","Canada","2025-07-27",1,20.44,0,0,20.44,0,20.44
"High Diffusion Espresso Shower Screen","54 - HD Shower Screen","PSD-HD-54","2025-07-01","Australia","2025-07-12",16,717.74,-17.92,0,699.82,70.05,769.87
"High Extraction He[%] Filter Baskets for a Fuller Coffee Experience","Pesado He[%] Basket - Medium","PSD-HE-ME","2025-07-01","Australia","2025-07-10",3,152.31,-7.6,0,144.71,14.47,159.18
"Dosing Cup","54mm Dosing Cup / Black","PSDdosingCup-BK-54","2025-07-01","Australia","2025-07-23",1,21,0,0,21,2.1,23.1
"Breville 54mm Portafilter & Basket Precision Bundle","Black","PRE-BR54-SET","2025-07-01","United States","2025-07-21",1,202,0,0,202,0,202
"Espresso Shot Mirror","Default Title","PSDshot-mirror","2025-07-01","United States","2025-07-16",1,56,0,-28,28,0,28
"High Extraction He[%] Filter Baskets for a Fuller Coffee Experience","Pesado He[%] Basket - X-Large","PSD-HE-XL","2025-07-01","United States","2025-07-14",1,65,-6.5,0,58.5,0,58.5
"53.5 & 58.5mm Puck Diffuser Screen","53.5mm","PSD-puck-54","2025-07-01","United States","2025-07-16",2,40,-2,0,38,0,38
"Espresso Shot Mirror","Default Title","PSDshot-mirror","2025-07-01","Australia","2025-07-13",1,24.23,0,0,24.23,2.42,26.65
"Stainless Steel Milk Jug With Round Spout - 16.5oz / 490ml","Default Title","PSDjugWH","2025-07-01","Australia","2025-07-15",0,32.12,-6.42,-25.78,-0.08,-0.01,-0.09
"Modular Portafilter Handles","Black Full POM","PSDHFullPOM","2025-07-01","Germany","2025-07-30",1,56.17,0,0,56.17,0,56.17
"Pesado Portafilter Tamping Station","Default Title","PSD-TampingStation","2025-07-01","Australia","2025-07-08",1,106.87,-16.03,0,90.84,9.09,99.93
"High Diffusion Espresso Shower Screen","E61 - HD Shower Screen","PSD-HD-E61","2025-07-01","Australia","2025-07-18",3,168.71,0,0,168.71,16.89,185.6
"High Extraction He[%] Filter Baskets for a Fuller Coffee Experience","Pesado He[%] Basket - Medium","PSD-HE-ME","2025-07-01","Netherlands","2025-07-15",1,67.2,0,0,67.2,0,67.2
"Hybrid LM/E61/NS/GA Portafilter - Versatile Bottomless & Spouted","La Marzocco 6mm / Black | Dusk","PF02LM-BDK-HY","2025-07-01","Australia","2025-07-29",1,109.73,-13.17,0,96.56,9.66,106.22
"Pesado Black Ripple Set","Precision Barista Jug Sharp Spout","PSDjug-BK","2025-07-01","Australia","2025-07-11",1,32.32,-3.23,0,29.09,2.91,32
"High Diffusion Espresso Shower Screen","E61 - HD Shower Screen","PSD-HD-E61","2025-07-01","United States","2025-07-25",4,236,-11.8,0,224.2,0,224.2
"High Extraction He[%] Filter Baskets for a Fuller Coffee Experience","Pesado He[%] Basket - Large","PSD-HE-LG","2025-07-01","Australia","2025-07-12",2,101.68,0,0,101.68,10.18,111.86
"High Extraction He[%] Filter Baskets for a Fuller Coffee Experience","Pesado He[%] Basket - Small","PSD-HE-SM","2025-07-01","Australia","2025-07-01",1,50.82,0,0,50.82,5.08,55.9
"53.5 & 58.5mm Puck Diffuser Screen","58.5mm","PSD-puck","2025-07-01","Australia","2025-07-23",1,16.5,0,0,16.5,1.65,18.15
"Precision 58mm Breville Bundle: 58mm Portafilter & He[%] Basket","Black","PRE-BR58-SET","2025-07-01","United States","2025-07-05",1,202,-20.2,0,181.8,0,181.8
"Pesado EP Filter Basket","EP-Breville54-20g","EP-BR-20g","2025-07-01","Australia","2025-07-17",1,17.69,-1.77,0,15.92,1.59,17.51
"Dosing Cup","58mm Dosing Cup / White","PSDdosingCup-WH","2025-07-01","United States","2025-07-04",1,26.25,0,0,26.25,0,26.25
"Stainless Steel Clump Crusher V2.0 (WDT espresso distribution tool)","Black","V2-PSDcrusher-Black","2025-07-01","United States","2025-07-16",2,68.7,0,0,68.7,0,68.7
"Coffee Tamper: 58.5mm & 53.5mm","53.5mm / Black / Black","PSDT-53.5-BBK","2025-07-01","Australia","2025-07-26",1,71.62,0,0,71.62,7.16,78.78
"High Extraction He[%] Filter Baskets for a Fuller Coffee Experience","Pesado He[%] Basket - X-Large","PSD-HE-XL","2025-07-01","Germany","2025-07-27",1,66.88,-6.69,0,60.19,0,60.19
"Pesado EP Filter Basket","EP-20g","EP-20g","2025-07-01","Australia","2025-07-18",1,17.73,-1.77,0,15.96,1.59,17.55
"Bottomless LM/E61/NS/GA Portafilter (Hybrid)","E61 5mm / Black / Silver","PF00MV-BSL-HY","2025-07-01","United States","2025-07-26",1,112,0,0,112,0,112
"High Extraction He[%] 54mm Breville Filter Basket - Dosing 18g-20g","Default Title","PSD-HE-54","2025-07-01","United States","2025-07-22",7,455,-6.5,0,448.5,0,448.5
"Stainless Steel Clump Crusher V2.0 (WDT espresso distribution tool)","Silver","V2-PSDcrusher-Silver","2025-07-01","Australia","2025-07-12",1,26.32,0,0,26.32,2.63,28.95
"Precision 58mm Breville Bundle: 58mm Portafilter & He[%] Basket","Black","PRE-BR58-SET","2025-07-01","Australia","2025-07-30",3,476.45,0,0,476.45,47.66,524.11
"Coffee Tamper: 58.5mm & 53.5mm","58.5mm / Black / Bronze","PSDTMBBZ","2025-07-01","Australia","2025-07-13",1,71.77,-10.76,0,61.01,6.1,67.11
"53.5 & 58.5mm Puck Diffuser Screen","58.5mm","PSD-puck","2025-07-01","United States","2025-07-06",3,58.82,-2.82,0,56,1,57
"Alloy Modular Stand for Clump Crusher (WDT tool)","Default Title","PSDcrusher-Stand","2025-07-01","Australia","2025-07-23",1,17.13,0,0,17.13,1.71,18.84
"Hybrid Breville 54/58mm Portafilter - Versatile and Easy to Use","Breville 54 / Black | Riga","PF02BR54BK-Riga-HY","2025-07-01","United States","2025-07-19",1,145,-21.75,0,123.25,0,123.25
"Impact Gravity Espresso Grounds Distributor (58.4mm)","Black","V2-PSD-distributor","2025-07-01","United States","2025-07-25",1,120,-14.4,0,105.6,0,105.6
"Bottomless LM/E61/NS/GA Portafilter (Hybrid)","E61 5mm / Raya","PF00MVRaya-HY","2025-07-01","Australia","2025-07-24",1,96.22,-11.54,0,84.68,8.47,93.15
"Magnetic Espresso Dosing Ring","58mm Dosing Ring / Black","V2-PSDring-58mm","2025-07-01","Australia","2025-07-13",1,20.03,0,0,20.03,2.01,22.04
"High Diffusion Espresso Shower Screen","MV - HD Shower Screen","PSD-HD-MV","2025-07-01","United States","2025-07-25",6,330,0,0,330,0,330
"High Extraction He[%] 54mm Breville Filter Basket - Dosing 18g-20g","Default Title","PSD-HE-54","2025-07-01","Australia","2025-07-29",2,100.56,0,0,100.56,10.06,110.62
"Portafilter with a Double Spout for Espresso Machines","Breville 58 / Black | Riga","PF02BR58BK-Riga","2025-07-01","Australia","2025-07-24",1,95.89,0,0,95.89,9.59,105.48
"Magnetic Espresso Dosing Ring","54mm Dosing Ring / Black","V2-PSDring-54mm","2025-07-01","United States","2025-07-14",1,22.5,0,0,22.5,0,22.5
"Depth Adjuster","Default Title","PSdepth","2025-07-01","Australia","2025-07-06",1,30.38,-3.03,0,27.35,2.73,30.08
"Pesado EP Filter Basket","EP-Breville54-18g","EP-BR-18g","2025-07-01","Australia","2025-07-31",6,105.42,-10.52,0,94.9,9.45,104.35
"High Diffusion Espresso Shower Screen","E61 - HD Shower Screen","PSD-HD-E61","2025-07-01","United States","2025-07-30",5,295,-7.08,0,287.92,0,287.92
"53.5 & 58.5mm Puck Diffuser Screen","58.5mm","PSD-puck","2025-07-01","Australia","2025-07-28",3,49.02,-1.62,0,47.4,4.74,52.14
"High Diffusion Espresso Shower Screen","E61 - HD Shower Screen","PSD-HD-E61","2025-07-01","Australia","2025-07-05",7,396.13,0,0,396.13,39.62,435.75
"High Diffusion Espresso Shower Screen","LM - HD Shower Screen","PSD-HD-LM","2025-07-01","United Kingdom","2025-07-08",2,114.16,0,0,114.16,0,114.16
"Distribution Bundle","54mm Distribution Bundle / Black","DISTR_B_54mm","2025-07-01","United States","2025-07-24",1,162.35,0,0,162.35,0,162.35
"High Diffusion Espresso Shower Screen","MV - HD Shower Screen","PSD-HD-MV","2025-07-01","Canada","2025-07-26",1,56.2,0,0,56.2,0,56.2
"High Diffusion Espresso Shower Screen","54 - HD Shower Screen","PSD-HD-54","2025-07-01","United States","2025-07-15",29,1500,-107.5,-50,1342.5,0,1342.5
"Bottomless LM/E61/NS/GA Portafilter (Hybrid)","E61 5mm / Black / Silver","PF00MV-BSL-HY","2025-07-01","United Kingdom","2025-07-05",1,114.62,-11.46,0,103.16,0,103.16
"High Diffusion Espresso Shower Screen","54 - HD Shower Screen","PSD-HD-54","2025-07-01","Philippines","2025-07-11",1,51.35,-5.14,0,46.21,0,46.21
"Stainless Steel Milk Jug With Round Spout - 16.5oz / 490ml","Default Title","PSDjugWH","2025-07-01","Portugal","2025-07-09",1,35.05,0,0,35.05,0,35.05
"Crusher Threaded Pin Assembly for DIY WDT Tool","4 pack of WDT pins","PSD-removablepins","2025-07-01","Australia","2025-07-16",5,2.95,0,0,2.95,0.3,3.25
"53.5 & 58.5mm Puck Diffuser Screen","58.5mm","PSD-puck","2025-07-01","United States","2025-07-17",3,60,0,0,60,0,60
"High Diffusion Espresso Shower Screen","E61 - HD Shower Screen","PSD-HD-E61","2025-07-01","South Korea","2025-07-05",1,63.84,0,0,63.84,0,63.84
"Modular Puck Screen Holder - Aluminum Matte Black","Default Title","PSD-PuckHolder","2025-07-01","United States","2025-07-02",1,20,0,0,20,0,20
"Bottomless LM/E61/NS/GA Portafilter (Hybrid)","La Marzocco 6mm / Black / Riga","PF00LMBK-Riga-HY","2025-07-01","Australia","2025-07-17",-1,0,0,-95.69,-95.69,-9.57,-105.26
"Precision 58mm Breville Bundle: 58mm Portafilter & He[%] Basket","Black","PRE-BR58-SET","2025-07-01","Australia","2025-07-25",2,322.33,-16.11,0,306.22,30.63,336.85
"Impact Gravity Espresso Grounds Distributor (58.4mm)","Black","V2-PSD-distributor","2025-07-01","United States","2025-07-30",1,120,0,0,120,0,120
"High Diffusion Espresso Shower Screen","MV - HD Shower Screen","PSD-HD-MV","2025-07-01","United States","2025-07-30",5,270.58,0,0,270.58,4.42,275
"High Extraction He[%] 54mm Breville Filter Basket - Dosing 18g-20g","Default Title","PSD-HE-54","2025-07-01","Australia","2025-07-26",2,101.46,0,0,101.46,10.14,111.6
"High Diffusion Espresso Shower Screen","LM - HD Shower Screen","PSD-HD-LM","2025-07-01","United States","2025-07-22",4,220,-17.6,0,202.4,0,202.4
"Hybrid Breville 54/58mm Portafilter - Versatile and Easy to Use","Breville 54 / Black Full POM","PF02BR54-FullPOM-HY","2025-07-01","United Kingdom","2025-07-22",1,118.62,0,0,118.62,0,118.62
"Wooden Clump Crusher - WDT Distribution Tool for Fluffy Espresso Puck","Riga","PSDcrusherRIGA","2025-07-01","Australia","2025-07-23",1,26.32,0,0,26.32,2.63,28.95
"53.5 & 58.5mm Puck Diffuser Screen","53.5mm","PSD-puck-54","2025-07-01","Australia","2025-07-11",10,164.47,-9.04,0,155.43,15.52,170.95
"High Diffusion Espresso Shower Screen","MV - HD Shower Screen","PSD-HD-MV","2025-07-01","Australia","2025-07-01",4,210.38,0,0,210.38,21.04,231.42
"High Extraction He[%] Filter Baskets for a Fuller Coffee Experience","Pesado He[%] Basket - Medium","PSD-HE-ME","2025-07-01","United States","2025-07-23",1,65,0,0,65,0,65
"Modular Portafilter Handles","Black / Riga","PSDHMODBKRIGA","2025-07-01","United States","2025-07-23",1,55,0,0,55,0,55
"High Extraction He[%] Filter Baskets for a Fuller Coffee Experience","Pesado He[%] Basket - Large","PSD-HE-LG","2025-07-01","United States","2025-07-18",4,250.65,0,0,250.65,9.35,260
"High Diffusion Espresso Shower Screen","54 - HD Shower Screen","PSD-HD-54","2025-07-01","Hong Kong","2025-07-26",1,51.09,0,0,51.09,0,51.09
"Pesado EP Filter Basket","EP-18g","EP-18g","2025-07-01","United Kingdom","2025-07-13",2,43.18,-4.32,0,38.86,0,38.86
"Magnetic Espresso Dosing Ring","54mm Dosing Ring / Black","V2-PSDring-54mm","2025-07-01","Australia","2025-07-23",2,40.14,0,0,40.14,4.02,44.16
"High Extraction He[%] Filter Baskets for a Fuller Coffee Experience","Pesado He[%] Basket - X-Large","PSD-HE-XL","2025-07-01","Australia","2025-07-17",1,50.2,-7.52,0,42.68,4.27,46.95
"High Diffusion Espresso Shower Screen","E61 - HD Shower Screen","PSD-HD-E61","2025-07-01","Germany","2025-07-14",1,60.68,0,0,60.68,0,60.68
"High Extraction He[%] Filter Baskets for a Fuller Coffee Experience","Pesado He[%] Basket - Medium","PSD-HE-ME","2025-07-01","Australia","2025-07-13",1,50.85,-5.08,0,45.77,4.57,50.34
"Spring-Loaded Self-Leveling Tamper – Pesado x AD Coffee","Default Title","PSD-ADcoffee-Tamper","2025-07-01","Hong Kong","2025-07-22",1,122.43,-12.24,0,110.19,0,110.19
"Spring-Loaded Self-Leveling Tamper – Pesado x AD Coffee","Default Title","PSD-ADcoffee-Tamper","2025-07-01","Australia","2025-07-27",1,107.61,-10.76,0,96.85,9.69,106.54
"Stand for (WDT) Clump Crusher 2.0","Default Title","V2-PSDcrusher-Stand","2025-07-01","Australia","2025-07-12",2,34.22,0,0,34.22,3.42,37.64
"Dosing Cup","54mm Dosing Cup / White","PSDdosingCup-WH-54","2025-07-01","United States","2025-07-25",1,26.25,0,0,26.25,0,26.25
"Pesado EP Filter Basket","EP-20g","EP-20g","2025-07-01","United States","2025-07-13",1,20,0,0,20,0,20
"High Diffusion Espresso Shower Screen","54 - HD Shower Screen","PSD-HD-54","2025-07-01","New Zealand","2025-07-20",2,97.6,0,0,97.6,0,97.6
"High Extraction He[%] Filter Baskets for a Fuller Coffee Experience","Pesado He[%] Basket - Medium","PSD-HE-ME","2025-07-01","United Kingdom","2025-07-14",2,202.2,-202.2,-60.17,-60.17,0,-60.17
"Dosing Cup","54mm Dosing Cup / Black","PSDdosingCup-BK-54","2025-07-01","Australia","2025-07-28",1,20.77,0,0,20.77,2.08,22.85
"Modular Puck Screen Holder - Aluminum Matte Black","Default Title","PSD-PuckHolder","2025-07-01","United States","2025-07-21",1,20,0,0,20,0,20
"Bottomless LM/E61/NS/GA Portafilter (Hybrid)","Breville 58mm / Black Full POM","PF00BR58-FullPOM-HY","2025-07-01","Australia","2025-07-14",1,65.44,-9.81,0,55.63,5.56,61.19
"High Diffusion Espresso Shower Screen","E61 - HD Shower Screen","PSD-HD-E61","2025-07-01","Saudi Arabia","2025-07-24",1,60.24,0,0,60.24,0,60.24
"High Diffusion Espresso Shower Screen","MV - HD Shower Screen","PSD-HD-MV","2025-07-01","Australia","2025-07-22",23,1253.93,-17.74,-51.72,1184.47,118.42,1302.89
"Stainless Steel Milk Jug With Round Spout - 16.5oz / 490ml","Default Title","PSDjugWH","2025-07-01","Australia","2025-07-04",3,96.71,-16.1,0,80.61,8.06,88.67
"Spouted Portafilter - Head Only","Breville 58mm","PFHBR58","2025-07-01","Czech Republic","2025-07-16",1,68.89,-6.89,0,62,0,62
"High Diffusion Espresso Shower Screen","LM - HD Shower Screen","PSD-HD-LM","2025-07-01","Australia","2025-07-30",2,103.42,0,0,103.42,10.34,113.76
"High Extraction He[%] Filter Baskets for a Fuller Coffee Experience","Pesado He[%] Basket - Medium","PSD-HE-ME","2025-07-01","Australia","2025-07-09",2,101,0,0,101,10.1,111.1
"Bottomless LM/E61/NS/GA Portafilter (Hybrid)","Breville 54mm / Black / Iris","PF00BR54BK-Iris-HY","2025-07-01","United States","2025-07-19",1,120,0,0,120,0,120
"Bottomless LM/E61/NS/GA Portafilter (Hybrid)","Breville 54mm / Black / Dusk","PF00BR54-BDK-HY","2025-07-01","United States","2025-07-06",1,120,-12,0,108,0,108
"High Diffusion Espresso Shower Screen","54 - HD Shower Screen","PSD-HD-54","2025-07-01","Australia","2025-07-11",49,2198.03,-51.53,0,2146.5,214.77,2361.27
"Magnetic Espresso Dosing Ring","54mm Dosing Ring / Black","V2-PSDring-54mm","2025-07-01","Australia","2025-07-27",1,20.03,-2,0,18.03,1.8,19.83
"High Extraction He[%] Filter Baskets for a Fuller Coffee Experience","Pesado He[%] Basket - X-Large","PSD-HE-XL","2025-07-01","Australia","2025-07-05",2,101.26,0,0,101.26,10.14,111.4
"High Extraction He[%] Filter Baskets for a Fuller Coffee Experience","Pesado He[%] Basket - Medium","PSD-HE-ME","2025-07-01","United States","2025-07-27",1,65,-7.8,0,57.2,0,57.2
"High Diffusion Espresso Shower Screen","LM - HD Shower Screen","PSD-HD-LM","2025-07-01","Germany","2025-07-12",1,57.22,0,0,57.22,0,57.22
"Magnetic Espresso Dosing Ring","58mm Dosing Ring / Black","V2-PSDring-58mm","2025-07-01","United States","2025-07-28",2,45,-3.37,0,41.63,0,41.63
"High Extraction He[%] Filter Baskets for a Fuller Coffee Experience","Pesado He[%] Basket - Large","PSD-HE-LG","2025-07-01","United States","2025-07-06",3,195,0,0,195,0,195
"53.5 & 58.5mm Puck Diffuser Screen","53.5mm","PSD-puck-54","2025-07-01","United States","2025-07-15",3,58.4,-3,0,55.4,1.6,57
"Magnetic Espresso Dosing Ring","58mm Dosing Ring / Black","V2-PSDring-58mm","2025-07-01","South Korea","2025-07-21",1,23.07,-2.31,0,20.76,0,20.76
"High Extraction He[%] Filter Baskets for a Fuller Coffee Experience","Pesado He[%] Basket - Medium","PSD-HE-ME","2025-07-01","Denmark","2025-07-12",1,66.42,0,0,66.42,0,66.42
"Stainless Steel Milk Jug With Round Spout - 16.5oz / 490ml","Default Title","PSDjugWH","2025-07-01","Australia","2025-07-16",1,32.01,-6.4,0,25.61,2.56,28.17
"Espresso Shot Mirror","Default Title","PSDshot-mirror","2025-07-01","Australia","2025-07-14",1,24.16,0,0,24.16,2.41,26.57
"Espresso Shot Mirror","Default Title","PSDshot-mirror","2025-07-01","United States","2025-07-15",1,28,-2.81,0,25.19,0,25.19
"High Diffusion Espresso Shower Screen","54 - HD Shower Screen","PSD-HD-54","2025-07-01","Canada","2025-07-31",1,51.27,0,0,51.27,0,51.27
"High Diffusion Espresso Shower Screen","MV - HD Shower Screen","PSD-HD-MV","2025-07-01","Peru","2025-07-01",2,112.44,0,0,112.44,0,112.44
"Breville 54mm Portafilter & Basket Precision Bundle","Black","PRE-BR54-SET","2025-07-01","United States","2025-07-22",1,202,0,0,202,0,202
"Pesado EP Filter Basket","EP-Breville54-20g","EP-BR-20g","2025-07-01","Australia","2025-07-18",1,17.78,-1.78,0,16,1.6,17.6
"Hybrid Breville 54/58mm Portafilter - Versatile and Easy to Use","Breville 54 / White | Riga","PF02BR54WH-Riga-HY","2025-07-01","Australia","2025-07-20",1,115.34,0,0,115.34,11.54,126.88
"Wooden Clump Crusher - WDT Distribution Tool for Fluffy Espresso Puck","Riga","PSDcrusherRIGA","2025-07-01","United States","2025-07-25",1,34.35,-4.12,0,30.23,0,30.23
"High Diffusion Espresso Shower Screen","E61 - HD Shower Screen","PSD-HD-E61","2025-07-01","United States","2025-07-26",4,232.33,-7.08,0,225.25,3.67,228.92
"Single-Dose Coffee Tubes (Bean Cellar 4-Pack)","Default Title","PSD-beantube","2025-07-01","United States","2025-07-11",1,27,0,0,27,0,27
"High Diffusion Espresso Shower Screen","E61 - HD Shower Screen","PSD-HD-E61","2025-07-01","Australia","2025-07-17",2,112.14,0,0,112.14,11.22,123.36
"High Extraction He[%] Filter Baskets for a Fuller Coffee Experience","Pesado He[%] Basket - Large","PSD-HE-LG","2025-07-01","Australia","2025-07-11",1,50.83,0,0,50.83,5.09,55.92
"High Diffusion Espresso Shower Screen","MV - HD Shower Screen","PSD-HD-MV","2025-07-01","United States","2025-07-26",6,330,-5.5,0,324.5,0,324.5
"High Extraction He[%] 54mm Breville Filter Basket - Dosing 18g-20g","Default Title","PSD-HE-54","2025-07-01","Australia","2025-07-30",3,150.04,-12,0,138.04,13.81,151.85
"Magnetic Espresso Dosing Ring","54mm Dosing Ring / Black","V2-PSDring-54mm","2025-07-01","United States","2025-07-13",1,22.5,-2.25,0,20.25,0,20.25
"Pesado EP Filter Basket","EP-Breville54-18g","EP-BR-18g","2025-07-01","United States","2025-07-15",1,20,0,0,20,0,20
"Hybrid Breville 54/58mm Portafilter - Versatile and Easy to Use","Breville 54 / Black | Bronze","PF02BR54-BBZ-HY","2025-07-01","United States","2025-07-11",1,128.49,0,0,128.49,8.51,137
"High Diffusion Espresso Shower Screen","E61 - HD Shower Screen","PSD-HD-E61","2025-07-01","South Korea","2025-07-17",1,62.5,-6.25,0,56.25,0,56.25
"High Extraction He[%] 54mm Breville Filter Basket - Dosing 18g-20g","Default Title","PSD-HE-54","2025-07-01","United States","2025-07-21",4,260,-6.5,0,253.5,0,253.5
"Stainless Steel Clump Crusher V2.0 (WDT espresso distribution tool)","Silver","V2-PSDcrusher-Silver","2025-07-01","United States","2025-07-20",1,31.73,-3.16,0,28.57,2.35,30.92
"Wooden Clump Crusher - WDT Distribution Tool for Fluffy Espresso Puck","Raya","PSDcrusherRAYA","2025-07-01","United States","2025-07-24",1,34.35,0,0,34.35,0,34.35
"53.5 & 58.5mm Puck Diffuser Screen","58.5mm","PSD-puck","2025-07-01","Canada","2025-07-20",0,20.4,0,-20.4,0,0,0
"Impact Gravity Espresso Grounds Distributor (58.4mm)","Black","V2-PSD-distributor","2025-07-01","United States","2025-07-26",2,240,-12,0,228,0,228
"Bottomless LM/E61/NS/GA Portafilter (Hybrid)","Nuova Simonelli / Black / Silver","PF00NS-BSL-HY","2025-07-01","Australia","2025-07-27",1,89.53,0,0,89.53,8.95,98.48
"Alloy Modular Stand for Clump Crusher (WDT tool)","Default Title","PSDcrusher-Stand","2025-07-01","United States","2025-07-15",1,18,-1.8,0,16.2,0,16.2
"53.5 & 58.5mm Puck Diffuser Screen","58.5mm","PSD-puck","2025-07-01","United States","2025-07-05",4,80,-6,0,74,0,74
"Precision 58mm Breville Bundle: 58mm Portafilter & He[%] Basket","Black","PRE-BR58-SET","2025-07-01","Australia","2025-07-29",2,320.28,0,0,320.28,32.03,352.31
"Crusher Threaded Pin Assembly for DIY WDT Tool","4 pack of WDT pins","PSD-removablepins","2025-07-01","Australia","2025-07-15",4,2.36,0,0,2.36,0.24,2.6
"High Diffusion Espresso Shower Screen","54 - HD Shower Screen","PSD-HD-54","2025-07-01","United States","2025-07-16",21,1046.73,-55,0,991.73,3.27,995
"Pesado Portafilter Tamping Station","Default Title","PSD-TampingStation","2025-07-01","United States","2025-07-25",1,119.99,-14.39,0,105.6,0,105.6
"Modular Puck Screen Holder - Aluminum Matte Black","Default Title","PSD-PuckHolder","2025-07-01","Australia","2025-07-04",1,17.92,0,0,17.92,1.79,19.71
"Bottomless LM/E61/NS/GA Portafilter (Hybrid)","E61 5mm / Raya","PF00MVRaya-HY","2025-07-01","United States","2025-07-22",1,120,0,0,120,0,120
"High Diffusion Espresso Shower Screen","54 - HD Shower Screen","PSD-HD-54","2025-07-01","South Korea","2025-07-11",2,103.31,-5.17,0,98.14,0,98.14
"Breville 54mm Portafilter & Basket Precision Bundle","Black","PRE-BR54-SET","2025-07-01","Australia","2025-07-15",1,161.18,0,0,161.18,16.12,177.3
"High Extraction He[%] Filter Baskets for a Fuller Coffee Experience","Pesado He[%] Basket - Large","PSD-HE-LG","2025-07-01","Australia","2025-07-08",2,100.75,-15.1,0,85.65,8.57,94.22
"Precision Espresso Portafilter & Basket Bundle - LM & E61","La Marzocco 6mm / Black","PRE_SET","2025-07-01","Australia","2025-07-29",2,319.69,0,0,319.69,31.97,351.66
"High Diffusion Espresso Shower Screen","E61 - HD Shower Screen","PSD-HD-E61","2025-07-01","Australia","2025-07-06",3,225.96,-5.62,-47.8,172.54,17.26,189.8
"High Diffusion Espresso Shower Screen","E61 - HD Shower Screen","PSD-HD-E61","2025-07-01","United States","2025-07-29",1,59,0,0,59,0,59
"53.5 & 58.5mm Puck Diffuser Screen","58.5mm","PSD-puck","2025-07-01","Belgium","2025-07-17",1,20.82,0,0,20.82,0,20.82
"Precision Cut Espresso & Coffee Tamper Base for Maximum Yield","58mm Base","PSDTBase","2025-07-01","Canada","2025-07-27",1,51.11,0,0,51.11,0,51.11
"High Extraction He[%] 54mm Breville Filter Basket - Dosing 18g-20g","Default Title","PSD-HE-54","2025-07-01","Australia","2025-07-25",1,50.73,0,0,50.73,5.07,55.8
"High Diffusion Espresso Shower Screen","MV - HD Shower Screen","PSD-HD-MV","2025-07-01","United States","2025-07-29",5,275,-6.6,0,268.4,0,268.4
"Stainless Steel Milk Jug With Round Spout - 16.5oz / 490ml","Default Title","PSDjugWH","2025-07-01","United States","2025-07-09",1,34.35,-6.87,0,27.48,0,27.48
"High Diffusion Espresso Shower Screen","MV - HD Shower Screen","PSD-HD-MV","2025-07-01","Australia","2025-07-02",5,262.66,0,0,262.66,26.27,288.93
"53.5 & 58.5mm Puck Diffuser Screen","53.5mm","PSD-puck-54","2025-07-01","Australia","2025-07-12",1,16.45,0,0,16.45,1.64,18.09
"Hybrid LM/E61/NS/GA Portafilter - Versatile Bottomless & Spouted","E61 5mm / Black | Bronze","PF02MV-BBZ-HY","2025-07-01","United States","2025-07-18",1,137,-20.55,0,116.45,0,116.45
"High Diffusion Espresso Shower Screen","E61 - HD Shower Screen","PSD-HD-E61","2025-07-01","South Korea","2025-07-06",1,63.84,0,0,63.84,0,63.84
"Impact Gravity Espresso Grounds Distributor (58.4mm)","Black","V2-PSD-distributor","2025-07-01","Australia","2025-07-02",1,98.64,-9.86,0,88.78,8.88,97.66
"High Diffusion Espresso Shower Screen","E61 - HD Shower Screen","PSD-HD-E61","2025-07-01","Netherlands","2025-07-18",1,60.46,0,0,60.46,0,60.46
"Dosing Cup","54mm Dosing Cup / Black","PSDdosingCup-BK-54","2025-07-01","United States","2025-07-19",1,26.25,0,0,26.25,0,26.25
"53.5 & 58.5mm Puck Diffuser Screen","58.5mm","PSD-puck","2025-07-01","United States","2025-07-18",4,80,-6,0,74,0,74
"Crusher Threaded Pin Assembly for DIY WDT Tool","4 pack of WDT pins","PSD-removablepins","2025-07-01","Denmark","2025-07-12",2,2.2,0,0,2.2,0,2.2
"Bottomless LM/E61/NS/GA Portafilter (Hybrid)","E61 5mm / White / Iris","PF00MVWH-Iris-HY","2025-07-01","United States","2025-07-29",1,120,0,0,120,0,120
"High Extraction He[%] Filter Baskets for a Fuller Coffee Experience","Pesado He[%] Basket - Medium","PSD-HE-ME","2025-07-01","Australia","2025-07-14",1,50.74,0,0,50.74,5.08,55.82
"High Extraction He[%] Filter Baskets for a Fuller Coffee Experience","Pesado He[%] Basket - Medium","PSD-HE-ME","2025-07-01","United States","2025-07-24",1,65,-6.5,0,58.5,0,58.5
"Sunrise Ceramic Coffee Cup and Saucer Set (White)","Default Title","PSD-CeramicSet","2025-07-01","Australia","2025-07-15",2,17.91,0,0,17.91,1.79,19.7
"High Extraction He[%] Filter Baskets for a Fuller Coffee Experience","Pesado He[%] Basket - X-Large","PSD-HE-XL","2025-07-01","Australia","2025-07-18",1,50.24,0,0,50.24,5.03,55.27
"High Diffusion Espresso Shower Screen","LM - HD Shower Screen","PSD-HD-LM","2025-07-01","United States","2025-07-02",1,55,0,0,55,0,55
"High Diffusion Espresso Shower Screen","LM - HD Shower Screen","PSD-HD-LM","2025-07-01","Australia","2025-07-29",2,104.2,0,0,104.2,10.42,114.62
"High Diffusion Espresso Shower Screen","MV - HD Shower Screen","PSD-HD-MV","2025-07-01","Australia","2025-07-21",15,782.31,-15.62,0,766.69,76.67,843.36
"Impact Gravity Espresso Grounds Distributor (58.4mm)","Black","V2-PSD-distributor","2025-07-01","Australia","2025-07-21",1,109.61,-16.44,0,93.17,9.32,102.49
"Dosing Cup","54mm Dosing Cup / Black","PSDdosingCup-BK-54","2025-07-01","Australia","2025-07-27",1,20.89,0,0,20.89,2.09,22.98
"Modular Puck Screen Holder - Aluminum Matte Black","Default Title","PSD-PuckHolder","2025-07-01","United States","2025-07-22",3,60,0,0,60,0,60
"Stand for (WDT) Clump Crusher 2.0","Default Title","V2-PSDcrusher-Stand","2025-07-01","Australia","2025-07-11",1,17.11,0,0,17.11,1.71,18.82
"Espresso Shot Mirror","Default Title","PSDshot-mirror","2025-07-01","United States","2025-07-04",1,28,0,0,28,0,28
"Pesado Single Dose Coffee Cellar Stand + 4 Pack of Bean Cellars","Default Title","PSD-Beanstand-combo","2025-07-01","South Korea","2025-07-03",1,72.13,0,0,72.13,0,72.13
"Dusk & Haze Leva Accents","Dusk","PSDleva-dusk","2025-07-01","United States","2025-07-27",1,20.4,0,0,20.4,0,20.4
"Modular Puck Screen Holder - Aluminum Matte Black","Default Title","PSD-PuckHolder","2025-07-01","United States","2025-07-10",1,20,0,0,20,0,20
"Breville 54mm Portafilter & Basket Precision Bundle","Black","PRE-BR54-SET","2025-07-01","United States","2025-07-13",1,202,-30.3,0,171.7,0,171.7
"Pesado Single Dose Coffee Cellar Stand + 4 Pack of Bean Cellars","Default Title","PSD-Beanstand-combo","2025-07-01","Australia","2025-07-17",0,67.85,0,-68.78,-0.93,-0.1,-1.03
"High Diffusion Espresso Shower Screen","LM - HD Shower Screen","PSD-HD-LM","2025-07-01","Australia","2025-07-17",1,51.92,0,0,51.92,5.19,57.11
"High Diffusion Espresso Shower Screen","MV - HD Shower Screen","PSD-HD-MV","2025-07-01","Australia","2025-07-09",5,261.3,-7.85,0,253.45,25.35,278.8
"High Extraction He[%] Filter Baskets for a Fuller Coffee Experience","Pesado He[%] Basket - X-Large","PSD-HE-XL","2025-07-01","Australia","2025-07-30",0,50.23,-5.02,-42.68,2.53,0.25,2.78
"Sunrise Ceramic Coffee Cup and Saucer Set (White)","Default Title","PSD-CeramicSet","2025-07-01","Australia","2025-07-27",1,8.97,0,0,8.97,0.89,9.86
"Coffee Tamper: 58.5mm & 53.5mm","58.5mm / Black / Riga","PSDTMBKRiga","2025-07-01","France","2025-07-12",1,100.47,-10.04,0,90.43,0,90.43
"High Extraction He[%] Filter Baskets for a Fuller Coffee Experience","Pesado He[%] Basket - Medium","PSD-HE-ME","2025-07-01","United States","2025-07-04",1,65,0,0,65,0,65
"Magnetic Espresso Dosing Ring","58mm Dosing Ring / Black","V2-PSDring-58mm","2025-07-01","United States","2025-07-03",1,22.5,-2.25,0,20.25,0,20.25
"Pesado Single Dose Coffee Cellar Stand + 4 Pack of Bean Cellars","Default Title","PSD-Beanstand-combo","2025-07-01","United States","2025-07-13",1,75,0,0,75,0,75
"High Extraction He[%] Filter Baskets for a Fuller Coffee Experience","Pesado He[%] Basket - Large","PSD-HE-LG","2025-07-01","United States","2025-07-29",2,130,-7.8,0,122.2,0,122.2
"Coffee Tamper: 58.5mm & 53.5mm","58.5mm With Black Base / Black / Iris","PSDT-BKBase-BIris","2025-07-01","United States","2025-07-05",1,97.5,-9.75,0,87.75,0,87.75
"High Extraction He[%] Filter Baskets for a Fuller Coffee Experience","Pesado He[%] Basket - Small","PSD-HE-SM","2025-07-01","Australia","2025-07-14",1,50.62,0,0,50.62,5.06,55.68
"High Diffusion Espresso Shower Screen","54 - HD Shower Screen","PSD-HD-54","2025-07-01","Australia","2025-07-20",29,1286.59,-35.47,0,1251.12,125.2,1376.32
"53.5 & 58.5mm Puck Diffuser Screen","58.5mm","PSD-puck","2025-07-01","Kuwait","2025-07-06",1,20,0,0,20,0,20
"Impact Gravity Espresso Grounds Distributor (58.4mm)","Black","V2-PSD-distributor","2025-07-01","Colombia","2025-07-06",1,120,0,0,120,0,120
"High Extraction He[%] Filter Baskets for a Fuller Coffee Experience","Pesado He[%] Basket - Large","PSD-HE-LG","2025-07-01","Canada","2025-07-25",1,66.35,-6.63,0,59.72,0,59.72
"High Extraction He[%] Filter Baskets for a Fuller Coffee Experience","Pesado He[%] Basket - Medium","PSD-HE-ME","2025-07-01","Ireland","2025-07-01",2,136.58,-27.32,0,109.26,0,109.26
"Single-Dose Coffee Tubes (Bean Cellar 4-Pack)","Default Title","PSD-beantube","2025-07-01","United States","2025-07-31",1,27,0,0,27,0,27
"Impact Gravity Espresso Grounds Distributor (58.4mm)","Black","V2-PSD-distributor","2025-07-01","United States","2025-07-17",0,112.54,0,-112.54,0,0,0
"High Extraction He[%] 54mm Breville Filter Basket - Dosing 18g-20g","Default Title","PSD-HE-54","2025-07-01","United States","2025-07-14",1,65,-6.5,0,58.5,0,58.5
"53.5 & 58.5mm Puck Diffuser Screen","58.5mm","PSD-puck","2025-07-01","United States","2025-07-30",1,20,0,0,20,0,20
"Bottomless LM/E61/NS/GA Portafilter (Hybrid)","Breville 54mm / Black / Dusk","PF00BR54-BDK-HY","2025-07-01","Australia","2025-07-16",1,88.99,0,0,88.99,8.9,97.89
"Alloy Modular Stand for Clump Crusher (WDT tool)","Default Title","PSDcrusher-Stand","2025-07-01","Australia","2025-07-15",1,16.94,0,0,16.94,1.69,18.63
"Hybrid LM/E61/NS/GA Portafilter - Versatile Bottomless & Spouted","Nuova Simonelli / Black | Iris","PF02NSBK-Iris-HY","2025-07-01","United Kingdom","2025-07-25",1,148.08,0,0,148.08,0,148.08
"Wooden Clump Crusher - WDT Distribution Tool for Fluffy Espresso Puck","Raya","PSDcrusherRAYA","2025-07-01","United States","2025-07-15",1,34.35,-3.44,0,30.91,0,30.91
"Stainless Steel Clump Crusher V2.0 (WDT espresso distribution tool)","Silver","V2-PSDcrusher-Silver","2025-07-01","United States","2025-07-11",1,34.35,0,0,34.35,0,34.35
"High Diffusion Espresso Shower Screen","LM - HD Shower Screen","PSD-HD-LM","2025-07-01","United States","2025-07-09",4,220,-11,0,209,0,209
"Crusher Threaded Pin Assembly for DIY WDT Tool","4 pack of WDT pins","PSD-removablepins","2025-07-01","United States","2025-07-15",1,1,-0.1,0,0.9,0,0.9
"High Diffusion Espresso Shower Screen","MV - HD Shower Screen","PSD-HD-MV","2025-07-01","United States","2025-07-17",-1,0,0,-55,-55,0,-55
"High Extraction He[%] Filter Baskets for a Fuller Coffee Experience","Pesado He[%] Basket - X-Large","PSD-HE-XL","2025-07-01","United States","2025-07-01",1,130,0,-65,65,0,65
"Pesado EP Filter Basket","EP-Breville54-18g","EP-BR-18g","2025-07-01","United States","2025-07-24",6,120,-12,0,108,0,108
"Bottomless LM/E61/NS/GA Portafilter (Hybrid)","La Marzocco 6mm / White / Riga","PF00LMWH-Riga-HY","2025-07-01","Italy","2025-07-16",1,123.21,-12.31,0,110.9,0,110.9
"Pesado EP Filter Basket","EP-Breville54-18g","EP-BR-18g","2025-07-01","Australia","2025-07-12",1,17.94,0,0,17.94,1.8,19.74
"High Diffusion Espresso Shower Screen","E61 - HD Shower Screen","PSD-HD-E61","2025-07-01","United States","2025-07-17",4,236,-5.9,0,230.1,0,230.1
"53.5 & 58.5mm Puck Diffuser Screen","58.5mm","PSD-puck","2025-07-01","Australia","2025-07-15",3,49.04,-4.9,0,44.14,4.41,48.55
"Pesado Black Ripple Set","Precision Barista Jug Sharp Spout","PSDjug-BK","2025-07-01","Australia","2025-07-19",1,31.95,0,0,31.95,3.19,35.14
"High Extraction He[%] Filter Baskets for a Fuller Coffee Experience","Pesado He[%] Basket - Large","PSD-HE-LG","2025-07-01","Australia","2025-07-20",2,100.6,-5.03,0,95.57,9.56,105.13
"Dusk & Haze Clump Crusher (WDT tool)","Dusk","PSDcrusher-Dusk","2025-07-01","United States","2025-07-13",1,34.35,0,0,34.35,0,34.35
"Bottomless LM/E61/NS/GA Portafilter (Hybrid)","Breville 54mm / Black / Riga","PF00BR54BK-Riga-HY","2025-07-01","United States","2025-07-24",1,120,0,0,120,0,120
"Portafilter with a Double Spout for Espresso Machines","Breville 54 / Raya","PF02BR54-Raya","2025-07-01","Australia","2025-07-30",1,93.84,-11.26,0,82.58,8.26,90.84
"Modular Puck Screen Holder - Aluminum Matte Black","Default Title","PSD-PuckHolder","2025-07-01","Denmark","2025-07-12",1,20.52,0,0,20.52,0,20.52
"Crusher Threaded Pin Assembly for DIY WDT Tool","4 pack of WDT pins","PSD-removablepins","2025-07-01","Australia","2025-07-27",1,0.6,0,0,0.6,0.06,0.66
"High Diffusion Espresso Shower Screen","54 - HD Shower Screen","PSD-HD-54","2025-07-01","South Korea","2025-07-31",1,53.8,-5.38,0,48.42,0,48.42
"Hybrid Breville 54/58mm Portafilter - Versatile and Easy to Use","Breville 58 / Black | Silver","PF02BR58-BSL-HY","2025-07-01","Australia","2025-07-18",1,109.43,0,0,109.43,10.94,120.37
"Modular Puck Screen Holder - Aluminum Matte Black","Default Title","PSD-PuckHolder","2025-07-01","Australia","2025-07-24",1,17.97,0,0,17.97,1.8,19.77
"High Diffusion Espresso Shower Screen","54 - HD Shower Screen","PSD-HD-54","2025-07-01","United States","2025-07-28",25,1300,0,-50,1250,0,1250
"Pesado EP Filter Basket","EP-Breville54-20g","EP-BR-20g","2025-07-01","United States","2025-07-28",4,80,-8,0,72,0,72
"High Extraction He[%] Filter Baskets for a Fuller Coffee Experience","Pesado He[%] Basket - Medium","PSD-HE-ME","2025-07-01","Netherlands","2025-07-08",1,66.79,0,0,66.79,0,66.79
"53.5 & 58.5mm Puck Diffuser Screen","58.5mm","PSD-puck","2025-07-01","United States","2025-07-25",3,58.6,-4.4,0,54.2,1.4,55.6
"Alloy Modular Stand for Clump Crusher (WDT tool)","Default Title","PSDcrusher-Stand","2025-07-01","United States","2025-07-27",1,18,0,0,18,0,18
"High Diffusion Espresso Shower Screen","MV - HD Shower Screen","PSD-HD-MV","2025-07-01","United States","2025-07-06",1,55,0,0,55,0,55
,"",,"2025-07-01","Taiwan","2025-07-21",1,0,0,0,0,0,0
"Pesado EP Filter Basket","EP-Breville54-18g","EP-BR-18g","2025-07-01","United States","2025-07-27",2,60,-4,-18,38,0,38
"High Extraction He[%] 54mm Breville Filter Basket - Dosing 18g-20g","Default Title","PSD-HE-54","2025-07-01","Australia","2025-07-18",1,50.24,-7.53,0,42.71,4.27,46.98
"53.5 & 58.5mm Puck Diffuser Screen","53.5mm","PSD-puck-54","2025-07-01","Australia","2025-07-19",1,16.26,0,0,16.26,1.63,17.89
"High Diffusion Espresso Shower Screen","LM - HD Shower Screen","PSD-HD-LM","2025-07-01","Singapore","2025-07-28",1,56.72,0,0,56.72,0,56.72
"High Diffusion Espresso Shower Screen","LM - HD Shower Screen","PSD-HD-LM","2025-07-01","United States","2025-07-14",1,55,-5.5,0,49.5,0,49.5
"Portafilter with a Double Spout for Espresso Machines","Breville 54 / Black Full Pom","PF02BR54-FullPOM","2025-07-01","United States","2025-07-28",1,90,0,0,90,0,90
"Spring-Loaded Self-Leveling Tamper – Pesado x AD Coffee","Default Title","PSD-ADcoffee-Tamper","2025-07-01","Canada","2025-07-14",1,122.78,0,0,122.78,0,122.78
"High Diffusion Espresso Shower Screen","E61 - HD Shower Screen","PSD-HD-E61","2025-07-01","Hong Kong","2025-07-15",1,60.25,0,0,60.25,0,60.25
"Portafilter with a Double Spout for Espresso Machines","Breville 54 / Black Full Pom","PF02BR54-FullPOM","2025-07-01","Australia","2025-07-21",1,65.12,0,0,65.12,6.51,71.63
"High Diffusion Espresso Shower Screen","E61 - HD Shower Screen","PSD-HD-E61","2025-07-01","United States","2025-07-06",5,291.52,-17.17,0,274.35,2.95,277.3
"53.5 & 58.5mm Puck Diffuser Screen","58.5mm","PSD-puck","2025-07-01","Australia","2025-07-04",4,65.66,-1.63,0,64.03,6.41,70.44
"High Diffusion Espresso Shower Screen","E61 - HD Shower Screen","PSD-HD-E61","2025-07-01","Australia","2025-07-29",4,225.31,-6.76,0,218.55,21.87,240.42
"Pesado Black Ripple Set","Precision Barista Jug Sharp Spout","PSDjug-BK","2025-07-01","United States","2025-07-21",1,34.35,0,0,34.35,0,34.35
"Pesado 58.5 Portafilter Hybrid Head - Versatile & Easy to Use","Breville 58mm Hybrid","PFH02BR58-HY","2025-07-01","Australia","2025-07-14",1,78.82,-78.82,0,0,0,0
"High Extraction He[%] Filter Baskets for a Fuller Coffee Experience","Pesado He[%] Basket - Large","PSD-HE-LG","2025-07-01","Australia","2025-07-31",1,49.65,0,0,49.65,4.97,54.62
"Bottomless LM/E61/NS/GA Portafilter (Hybrid)","E61 5mm / Black / Silver","PF00MV-BSL-HY","2025-07-01","United Kingdom","2025-07-29",1,114.66,-22.93,0,91.73,0,91.73
"Bottomless LM/E61/NS/GA Portafilter (Hybrid)","E61 5mm / Black / Riga","PF00MVBK-Riga-HY","2025-07-01","United States","2025-07-23",1,120,0,0,120,0,120
"Pesado EP Filter Basket","EP-Breville54-20g","EP-BR-20g","2025-07-01","Australia","2025-07-30",0,17.63,-1.76,-17.91,-2.04,-0.21,-2.25
"Precision 58mm Breville Bundle: 58mm Portafilter & He[%] Basket","Black","PRE-BR58-SET","2025-07-01","United States","2025-07-26",1,202,0,0,202,0,202
"High Diffusion Espresso Shower Screen","54 - HD Shower Screen","PSD-HD-54","2025-07-01","United States","2025-07-23",34,1750,-28,-50,1672,0,1672
"Stainless Steel Clump Crusher V2.0 (WDT espresso distribution tool)","Black","V2-PSDcrusher-Black","2025-07-01","United States","2025-07-27",1,34.35,-3.43,0,30.92,0,30.92
"Pesado EP Filter Basket","EP-Breville54-20g","EP-BR-20g","2025-07-01","United States","2025-07-23",1,20,-2,0,18,0,18
"Wooden Clump Crusher - WDT Distribution Tool for Fluffy Espresso Puck","Riga","PSDcrusherRIGA","2025-07-01","United States","2025-07-05",1,34.35,-3.43,0,30.92,0,30.92
"Pesado Portafilter Tamping Station","Default Title","PSD-TampingStation","2025-07-01","United States","2025-07-18",2,239.98,-18,0,221.98,0,221.98
"Depth Adjuster","Default Title","PSdepth","2025-07-01","Australia","2025-07-13",1,30.52,0,0,30.52,3.05,33.57
"Pesado EP Filter Basket","EP-Breville54-20g","EP-BR-20g","2025-07-01","Romania","2025-07-23",1,20.6,0,0,20.6,0,20.6
"High Diffusion Espresso Shower Screen","E61 - HD Shower Screen","PSD-HD-E61","2025-07-01","Japan","2025-07-03",2,121.28,0,0,121.28,0,121.28
"Spring-Loaded Self-Leveling Tamper – Pesado x AD Coffee","Default Title","PSD-ADcoffee-Tamper","2025-07-01","Australia","2025-07-03",1,107.5,0,0,107.5,10.75,118.25
"Modular Puck Screen Holder - Aluminum Matte Black","Default Title","PSD-PuckHolder","2025-07-01","United States","2025-07-13",1,20,0,0,20,0,20
"High Extraction He[%] Filter Baskets for a Fuller Coffee Experience","Pesado He[%] Basket - Small","PSD-HE-SM","2025-07-01","United States","2025-07-08",1,65,0,0,65,0,65
"Stainless Steel Clump Crusher V2.0 (WDT espresso distribution tool)","Black","V2-PSDcrusher-Black","2025-07-01","Australia","2025-07-21",1,26.06,-3.9,0,22.16,2.22,24.38
"Precision Espresso Portafilter & Basket Bundle - LM & E61","E61 5mm / Black","PRE_SETMV","2025-07-01","United States","2025-07-15",1,202,0,0,202,0,202
"Modular Puck Screen Holder - Aluminum Matte Black","Default Title","PSD-PuckHolder","2025-07-01","United States","2025-07-11",1,20,0,0,20,0,20
"Stand for (WDT) Clump Crusher 2.0","Default Title","V2-PSDcrusher-Stand","2025-07-01","Australia","2025-07-22",2,34.1,0,0,34.1,3.42,37.52
"Full Moon Wave - Convex Tamper","Full Moon Wave Base Only","PSDTbase-Convex","2025-07-01","Singapore","2025-07-15",3,208.29,-31.24,0,177.05,0,177.05
"Bottomless LM/E61/NS/GA Portafilter (Hybrid)","Breville 54mm / Black / Haze","PF00BR54-BHZ-HY","2025-07-01","United States","2025-07-27",1,111.89,0,0,111.89,8.11,120
"Portafilter with a Double Spout for Espresso Machines","Breville 54 / Black | Silver","PF02BR54-BSL","2025-07-01","Australia","2025-07-12",1,89.72,0,0,89.72,8.97,98.69
"53.5 & 58.5mm Puck Diffuser Screen","53.5mm","PSD-puck-54","2025-07-01","Australia","2025-07-02",2,32.91,-3.29,0,29.62,2.96,32.58
"High Diffusion Espresso Shower Screen","MV - HD Shower Screen","PSD-HD-MV","2025-07-01","Australia","2025-07-12",4,210.56,0,0,210.56,21.04,231.6
"High Extraction He[%] Filter Baskets for a Fuller Coffee Experience","Pesado He[%] Basket - Large","PSD-HE-LG","2025-07-01","Australia","2025-07-01",-1,0,0,-42.68,-42.68,-4.27,-46.95
"Pesado Single Dose Coffee Cellar Stand + 4 Pack of Bean Cellars","Default Title","PSD-Beanstand-combo","2025-07-01","United States","2025-07-11",3,225,0,0,225,0,225
"High Extraction He[%] Filter Baskets for a Fuller Coffee Experience","Pesado He[%] Basket - Large","PSD-HE-LG","2025-07-01","United States","2025-07-27",1,65,0,0,65,0,65
"High Extraction He[%] Filter Baskets for a Fuller Coffee Experience","Pesado He[%] Basket - Medium","PSD-HE-ME","2025-07-01","United States","2025-07-06",3,191.17,-9.17,0,182,3.25,185.25
"High Diffusion Espresso Shower Screen","54 - HD Shower Screen","PSD-HD-54","2025-07-01","Australia","2025-07-22",41,1826.93,-24,0,1802.93,180.38,1983.31
"Pesado Portafilter Tamping Station","Default Title","PSD-TampingStation","2025-07-01","Poland","2025-07-29",1,122.65,0,0,122.65,0,122.65
"Spring-Loaded Self-Leveling Tamper – Pesado x AD Coffee","Default Title","PSD-ADcoffee-Tamper","2025-07-01","Australia","2025-07-18",-1,0,0,-106.87,-106.87,-10.69,-117.56
"Dusk & Haze Clump Crusher (WDT tool)","Dusk","PSDcrusher-Dusk","2025-07-01","Australia","2025-07-19",1,26.03,0,0,26.03,2.6,28.63
"Espresso Shot Mirror","Default Title","PSDshot-mirror","2025-07-01","United States","2025-07-26",3,82.26,-3.36,0,78.9,1.74,80.64
"High Diffusion Espresso Shower Screen","LM - HD Shower Screen","PSD-HD-LM","2025-07-01","Poland","2025-07-29",1,56.13,-6.74,0,49.39,0,49.39
"High Diffusion Espresso Shower Screen","MV - HD Shower Screen","PSD-HD-MV","2025-07-01","Australia","2025-07-07",8,416.46,0,0,416.46,41.64,458.1
"Bottomless LM/E61/NS/GA Portafilter (Hybrid)","Breville 58mm / Black Full POM","PF00BR58-FullPOM-HY","2025-07-01","Australia","2025-07-31",1,64.27,0,0,64.27,6.43,70.7
"High Extraction He[%] Filter Baskets for a Fuller Coffee Experience","Pesado He[%] Basket - X-Large","PSD-HE-XL","2025-07-01","United States","2025-07-20",4,260,-16.25,0,243.75,0,243.75
"53.5 & 58.5mm Puck Diffuser Screen","53.5mm","PSD-puck-54","2025-07-01","United States","2025-07-26",2,40,0,0,40,0,40
"High Diffusion Espresso Shower Screen","LM - HD Shower Screen","PSD-HD-LM","2025-07-01","Australia","2025-07-15",3,157.06,0,0,157.06,15.71,172.77
"Bottomless LM/E61/NS/GA Portafilter (Hybrid)","Breville 54mm / Black Full POM","PF00BR54-FullPOM-HY","2025-07-01","United States","2025-07-18",1,90,-9,0,81,0,81
"High Diffusion Espresso Shower Screen","LM - HD Shower Screen","PSD-HD-LM","2025-07-01","Greece","2025-07-30",3,169.68,0,0,169.68,0,169.68
"Single-Dose Coffee Tubes (Bean Cellar 4-Pack)","Default Title","PSD-beantube","2025-07-01","United States","2025-07-28",1,27,0,0,27,0,27
"High Extraction He[%] Filter Baskets for a Fuller Coffee Experience","Pesado He[%] Basket - Large","PSD-HE-LG","2025-07-01","Australia","2025-07-22",1,50.38,0,0,50.38,5.04,55.42
"High Diffusion Espresso Shower Screen","LM - HD Shower Screen","PSD-HD-LM","2025-07-01","Israel","2025-07-23",-1,0,0,-56.33,-56.33,0,-56.33
"Stainless Steel Clump Crusher V2.0 (WDT espresso distribution tool)","Gold","V2-PSDcrusher-Gold","2025-07-01","Australia","2025-07-29",1,26.05,0,0,26.05,2.61,28.66
"High Diffusion Espresso Shower Screen","E61 - HD Shower Screen","PSD-HD-E61","2025-07-01","Australia","2025-07-24",1,57.15,0,0,57.15,5.72,62.87
"53.5 & 58.5mm Puck Diffuser Screen","58.5mm","PSD-puck","2025-07-01","Australia","2025-07-17",2,32.52,0,0,32.52,3.26,35.78
"Pesado EP Filter Basket","EP-Breville54-18g","EP-BR-18g","2025-07-01","Australia","2025-07-14",2,35.74,0,0,35.74,3.58,39.32
"High Diffusion Espresso Shower Screen","E61 - HD Shower Screen","PSD-HD-E61","2025-07-01","United States","2025-07-15",6,354,-5.9,0,348.1,0,348.1
"Gravity Coffee Distributor 53.5mm","54 mm","PSD-distributor-54m","2025-07-01","United States","2025-07-27",-1,0,0,-99,-99,0,-99
"Pesado EP Filter Basket","EP-22g","EP-22g","2025-07-01","United States","2025-07-06",1,20,0,0,20,0,20
"Precision 58mm Breville Bundle: 58mm Portafilter & He[%] Basket","Black","PRE-BR58-SET","2025-07-01","United States","2025-07-27",1,202,0,0,202,0,202
"High Diffusion Espresso Shower Screen","54 - HD Shower Screen","PSD-HD-54","2025-07-01","United States","2025-07-30",35,1800,-15,-50,1735,0,1735
"Magnetic Espresso Dosing Ring","58mm Dosing Ring / Black","V2-PSDring-58mm","2025-07-01","Singapore","2025-07-15",1,23.4,-2.34,0,21.06,0,21.06
"Pesado EP Filter Basket","EP-Breville54-20g","EP-BR-20g","2025-07-01","United States","2025-07-30",2,40,-4,0,36,0,36
"Breville 54mm Portafilter & Basket Precision Bundle","Black","PRE-BR54-SET","2025-07-01","Australia","2025-07-29",1,159.51,0,0,159.51,15.95,175.46
"Modular Puck Screen Holder - Aluminum Matte Black","Default Title","PSD-PuckHolder","2025-07-01","Australia","2025-07-26",1,17.91,0,0,17.91,1.79,19.7
"Pesado EP Filter Basket","EP-Breville54-20g","EP-BR-20g","2025-07-01","Australia","2025-07-23",9,161.83,-14.39,0,147.44,14.71,162.15
"Alloy Modular Stand for Clump Crusher (WDT tool)","Default Title","PSDcrusher-Stand","2025-07-01","United States","2025-07-26",1,18,0,0,18,0,18
"53.5 & 58.5mm Puck Diffuser Screen","58.5mm","PSD-puck","2025-07-01","United States","2025-07-28",3,60,-1.99,0,58.01,0,58.01
"Impact Gravity Espresso Grounds Distributor (58.4mm)","Black","V2-PSD-distributor","2025-07-01","United States","2025-07-15",1,120,0,0,120,0,120
"Pesado EP Filter Basket","EP-20g","EP-20g","2025-07-01","Australia","2025-07-24",1,17.97,-1.79,0,16.18,1.62,17.8
"High Diffusion Espresso Shower Screen","54 - HD Shower Screen","PSD-HD-54","2025-07-01","United Kingdom","2025-07-16",2,103.23,-10.32,0,92.91,0,92.91
"Precision 58mm Breville Bundle: 58mm Portafilter & He[%] Basket","Black","PRE-BR58-SET","2025-07-01","Australia","2025-07-04",1,161.27,0,0,161.27,16.13,177.4
"High Extraction He[%] 54mm Breville Filter Basket - Dosing 18g-20g","Default Title","PSD-HE-54","2025-07-01","United States","2025-07-12",6,390,-19.5,0,370.5,0,370.5
"Stainless Steel Clump Crusher V2.0 (WDT espresso distribution tool)","Silver","V2-PSDcrusher-Silver","2025-07-01","Australia","2025-07-22",1,26.24,0,0,26.24,2.62,28.86
"Bottomless LM/E61/NS/GA Portafilter (Hybrid)","Breville 54mm / Black / Silver","PF00BR54-BSL-HY","2025-07-01","United States","2025-07-22",1,112,0,0,112,0,112
"Pesado EP Filter Basket","EP-Breville54-18g","EP-BR-18g","2025-07-01","United States","2025-07-26",6,120,-12,0,108,0,108
"Wooden Clump Crusher - WDT Distribution Tool for Fluffy Espresso Puck","Riga","PSDcrusherRIGA","2025-07-01","Australia","2025-07-06",1,26.21,0,0,26.21,2.62,28.83
"High Diffusion Espresso Shower Screen","MV - HD Shower Screen","PSD-HD-MV","2025-07-01","United States","2025-07-15",3,165,0,0,165,0,165
"Stainless Steel Milk Jug With Round Spout - 16.5oz / 490ml","Default Title","PSDjugWH","2025-07-01","United States","2025-07-19",1,34.35,-3.43,0,30.92,0,30.92
"High Diffusion Espresso Shower Screen","LM - HD Shower Screen","PSD-HD-LM","2025-07-01","United States","2025-07-07",1,55,0,0,55,0,55
"Crusher Threaded Pin Assembly for DIY WDT Tool","4 pack of WDT pins","PSD-removablepins","2025-07-01","United States","2025-07-17",5,5,0,0,5,0,5
"High Diffusion Espresso Shower Screen","LM - HD Shower Screen","PSD-HD-LM","2025-07-01","South Korea","2025-07-04",1,59.44,0,0,59.44,0,59.44
"High Diffusion Espresso Shower Screen","E61 - HD Shower Screen","PSD-HD-E61","2025-07-01","United States","2025-07-04",5,295,0,0,295,0,295
"53.5 & 58.5mm Puck Diffuser Screen","58.5mm","PSD-puck","2025-07-01","Australia","2025-07-06",-1,0,0,-16.33,-16.33,-1.63,-17.96
"Precision 58mm Breville Bundle: 58mm Portafilter & He[%] Basket","Black","PRE-BR58-SET","2025-07-01","United States","2025-07-24",1,202,0,0,202,0,202
"Crusher Threaded Pin Assembly for DIY WDT Tool","4 pack of WDT pins","PSD-removablepins","2025-07-01","Australia","2025-07-26",1,0.6,0,0,0.6,0.06,0.66
"Dosing Cup","58mm Dosing Cup / White","PSDdosingCup-WH","2025-07-01","Australia","2025-07-12",1,20.94,0,0,20.94,2.09,23.03
"Pesado EP Filter Basket","EP-Breville54-20g","EP-BR-20g","2025-07-01","Australia","2025-07-28",3,53.48,-1.77,0,51.71,5.17,56.88
"High Diffusion Espresso Shower Screen","54 - HD Shower Screen","PSD-HD-54","2025-07-01","United States","2025-07-25",36,1800,-10,0,1790,0,1790
"Pesado EP Filter Basket","EP-Breville54-20g","EP-BR-20g","2025-07-01","United States","2025-07-25",5,100,-10.4,0,89.6,0,89.6
"Modular Puck Screen Holder - Aluminum Matte Black","Default Title","PSD-PuckHolder","2025-07-01","Australia","2025-07-29",2,35.52,0,0,35.52,3.56,39.08
"Precision 58mm Breville Bundle: 58mm Portafilter & He[%] Basket","Black","PRE-BR58-SET","2025-07-01","Australia","2025-07-15",2,321.04,-40.11,0,280.93,28.09,309.02
"Dosing Cup","54mm Dosing Cup / Black","PSDdosingCup-BK-54","2025-07-01","United States","2025-07-14",1,26.25,0,0,26.25,0,26.25
"Coffee Tamper: 58.5mm & 53.5mm","58.5mm / Black / Iris","PSDTMBKIris","2025-07-01","United States","2025-07-17",1,97.5,0,0,97.5,0,97.5
"High Diffusion Espresso Shower Screen","LM - HD Shower Screen","PSD-HD-LM","2025-07-01","Japan","2025-07-12",1,56.3,-5.63,0,50.67,0,50.67
"Alloy Modular Stand for Clump Crusher (WDT tool)","Default Title","PSDcrusher-Stand","2025-07-01","Australia","2025-07-06",1,17.04,0,0,17.04,1.7,18.74
"53.5 & 58.5mm Puck Diffuser Screen","58.5mm","PSD-puck","2025-07-01","United States","2025-07-23",4,80,-6,0,74,0,74
"High Extraction He[%] 54mm Breville Filter Basket - Dosing 18g-20g","Default Title","PSD-HE-54","2025-07-01","United States","2025-07-07",1,65,0,0,65,0,65
"High Diffusion Espresso Shower Screen","LM - HD Shower Screen","PSD-HD-LM","2025-07-01","Philippines","2025-07-16",1,57.8,0,0,57.8,0,57.8
"53.5 & 58.5mm Puck Diffuser Screen","53.5mm","PSD-puck-54","2025-07-01","Australia","2025-07-21",2,32.56,0,0,32.56,3.26,35.82
"Hybrid Breville 54/58mm Portafilter - Versatile and Easy to Use","Breville 58 / Raya","PF02BR58Raya-HY","2025-07-01","Australia","2025-07-25",1,116.41,0,0,116.41,11.64,128.05
"Pesado EP Filter Basket","EP-Breville54-18g","EP-BR-18g","2025-07-01","United States","2025-07-29",3,60,-6,0,54,0,54
"High Diffusion Espresso Shower Screen","E61 - HD Shower Screen","PSD-HD-E61","2025-07-01","Sweden","2025-07-15",1,60.26,-6.03,0,54.23,0,54.23
"Wooden Clump Crusher - WDT Distribution Tool for Fluffy Espresso Puck","Riga","PSDcrusherRIGA","2025-07-01","Australia","2025-07-17",1,25.95,0,0,25.95,2.6,28.55
"High Extraction He[%] 54mm Breville Filter Basket - Dosing 18g-20g","Default Title","PSD-HE-54","2025-07-01","Australia","2025-07-16",1,50.43,0,0,50.43,5.04,55.47
"High Diffusion Espresso Shower Screen","MV - HD Shower Screen","PSD-HD-MV","2025-07-01","United States","2025-07-04",1,55,0,0,55,0,55
"High Diffusion Espresso Shower Screen","LM - HD Shower Screen","PSD-HD-LM","2025-07-01","United States","2025-07-12",1,55,0,0,55,0,55
"High Diffusion Espresso Shower Screen","LM - HD Shower Screen","PSD-HD-LM","2025-07-01","Ireland","2025-07-30",2,113.16,0,0,113.16,0,113.16
"Depth Adjuster","Default Title","PSdepth","2025-07-01","Australia","2025-07-18",1,30.23,-4.52,0,25.71,2.57,28.28
"High Extraction He[%] Filter Baskets for a Fuller Coffee Experience","Pesado He[%] Basket - X-Large","PSD-HE-XL","2025-07-01","Australia","2025-07-23",1,50.91,-5.09,0,45.82,4.58,50.4
"Magnetic Espresso Dosing Ring","54mm Dosing Ring / Black","V2-PSDring-54mm","2025-07-01","Australia","2025-07-17",1,19.7,0,0,19.7,1.97,21.67
"Pesado EP Filter Basket","EP-Breville54-18g","EP-BR-18g","2025-07-01","Romania","2025-07-14",2,40.94,0,0,40.94,0,40.94
"53.5 & 58.5mm Puck Diffuser Screen","53.5mm","PSD-puck-54","2025-07-01","United States","2025-07-27",2,40,0,0,40,0,40
"High Diffusion Espresso Shower Screen","54 - HD Shower Screen","PSD-HD-54","2025-07-01","Malaysia","2025-07-11",1,51.04,0,0,51.04,0,51.04
"Wooden Clump Crusher - WDT Distribution Tool for Fluffy Espresso Puck","Raya","PSDcrusherRAYA","2025-07-01","Netherlands","2025-07-03",1,35.34,0,0,35.34,0,35.34
"High Diffusion Espresso Shower Screen","LM - HD Shower Screen","PSD-HD-LM","2025-07-01","Australia","2025-07-06",3,157.2,0,0,157.2,15.72,172.92
"High Diffusion Espresso Shower Screen","MV - HD Shower Screen","PSD-HD-MV","2025-07-01","Australia","2025-07-14",10,524.22,-20.93,0,503.29,50.33,553.62
"Magnetic Espresso Dosing Ring","54mm Dosing Ring / Black","V2-PSDring-54mm","2025-07-01","Australia","2025-07-15",1,20,0,0,20,2,22
"Dusk & Haze Leva Accents","Haze","PSDleva-haze","2025-07-01","United States","2025-07-06",1,20.4,-3.06,0,17.34,0,17.34
"High Diffusion Espresso Shower Screen","MV - HD Shower Screen","PSD-HD-MV","2025-07-01","Bahrain","2025-07-07",1,55,0,0,55,0,55
"Sunrise Ceramic Coffee Cup and Saucer Set (White)","Default Title","PSD-CeramicSet","2025-07-01","Australia","2025-07-24",1,9.02,0,0,9.02,0.9,9.92
"Modular Portafilter Handles","Black / Silver","PSDHMODBSL","2025-07-01","Romania","2025-07-14",1,56.13,0,0,56.13,0,56.13
"Magnetic Espresso Dosing Ring","58mm Dosing Ring / Black","V2-PSDring-58mm","2025-07-01","United States","2025-07-16",1,22.5,0,0,22.5,0,22.5
"High Extraction He[%] Filter Baskets for a Fuller Coffee Experience","Pesado He[%] Basket - Medium","PSD-HE-ME","2025-07-01","Poland","2025-07-29",1,66.39,-7.97,0,58.42,0,58.42
"High Extraction He[%] Filter Baskets for a Fuller Coffee Experience","Pesado He[%] Basket - Small","PSD-HE-SM","2025-07-01","Switzerland","2025-07-06",1,66.74,-6.67,0,60.07,0,60.07
"High Diffusion Espresso Shower Screen","54 - HD Shower Screen","PSD-HD-54","2025-07-01","Australia","2025-07-31",29,1316.88,-8.78,-43.81,1264.29,126.42,1390.71
"Modular Puck Screen Holder - Aluminum Matte Black","Default Title","PSD-PuckHolder","2025-07-01","South Korea","2025-07-04",2,38.16,0,0,38.16,0,38.16
"Hybrid LM/E61/NS/GA Portafilter - Versatile Bottomless & Spouted","E61 5mm / White Full Pom","PF02MV-WHPOM-HY","2025-07-01","Canada","2025-07-27",1,117.56,0,0,117.56,0,117.56
"Bottomless LM/E61/NS/GA Portafilter (Hybrid)","Breville 58mm / Black Full POM","PF00BR58-FullPOM-HY","2025-07-01","New Zealand","2025-07-27",1,72.22,-7.22,0,65,0,65
"High Diffusion Espresso Shower Screen","MV - HD Shower Screen","PSD-HD-MV","2025-07-01","China","2025-07-17",1,56.15,0,0,56.15,0,56.15
"Espresso Shot Mirror","Default Title","PSDshot-mirror","2025-07-01","Australia","2025-07-12",1,24.22,-2.41,0,21.81,2.18,23.99
"Bottomless LM/E61/NS/GA Portafilter (Hybrid)","La Marzocco 6mm / Black / Black","PF00LM-BBK-HY","2025-07-01","United States","2025-07-07",1,112,0,0,112,0,112
"Pesado EP Filter Basket","EP-18g","EP-18g","2025-07-01","United States","2025-07-21",1,20,0,0,20,0,20
"53.5 & 58.5mm Puck Diffuser Screen","58.5mm","PSD-puck","2025-07-01","Germany","2025-07-27",1,21.08,-2.1,0,18.98,0,18.98
"Hybrid LM/E61/NS/GA Portafilter - Versatile Bottomless & Spouted","E61 5mm / Black | Riga","PF02MVBK-Riga-HY","2025-07-01","Australia","2025-07-26",1,116.38,0,0,116.38,11.64,128.02
"Wooden Leva Accents","Riga","PSDleva-Riga","2025-07-01","Australia","2025-07-22",1,21.32,0,0,21.32,2.13,23.45
"53.5 & 58.5mm Puck Diffuser Screen","53.5mm","PSD-puck-54","2025-07-01","United States","2025-07-17",1,20,0,0,20,0,20
"Espresso Shot Mirror","Default Title","PSDshot-mirror","2025-07-01","United States","2025-07-17",2,56,0,0,56,0,56
"High Extraction He[%] Filter Baskets for a Fuller Coffee Experience","Pesado He[%] Basket - Medium","PSD-HE-ME","2025-07-01","United Kingdom","2025-07-08",3,199.77,0,0,199.77,0,199.77
"Impact Gravity Espresso Grounds Distributor (58.4mm)","Black","V2-PSD-distributor","2025-07-01","Malaysia","2025-07-20",1,122.46,0,0,122.46,0,122.46
"Stainless Steel Milk Jug With Round Spout - 16.5oz / 490ml","Default Title","PSDjugWH","2025-07-01","South Korea","2025-07-04",1,35.96,-7.19,0,28.77,0,28.77
"Dosing Cup","54mm Dosing Cup / Black","PSDdosingCup-BK-54","2025-07-01","Australia","2025-07-26",1,20.89,0,0,20.89,2.09,22.98
"Pesado EP Filter Basket","EP-20g","EP-20g","2025-07-01","United States","2025-07-07",1,20,0,0,20,0,20
"Dosing Bundle","Black","DOSING_B","2025-07-01","United States","2025-07-01",1,52.5,0,0,52.5,0,52.5
"High Diffusion Espresso Shower Screen","54 - HD Shower Screen","PSD-HD-54","2025-07-01","Australia","2025-07-13",25,1120.48,-6.72,0,1113.76,111.48,1225.24
"Single-Dose Coffee Tubes (Bean Cellar 4-Pack)","Default Title","PSD-beantube","2025-07-01","United States","2025-07-16",1,27,0,0,27,0,27
"Bottomless LM/E61/NS/GA Portafilter (Hybrid)","E61 5mm / White / Silver","PF00MV-WSL-HY","2025-07-01","United States","2025-07-30",1,112,0,0,112,0,112
"High Extraction He[%] Filter Baskets for a Fuller Coffee Experience","Pesado He[%] Basket - Large","PSD-HE-LG","2025-07-01","United States","2025-07-04",1,65,0,0,65,0,65
"Magnetic Espresso Dosing Ring","54mm Dosing Ring / Black","V2-PSDring-54mm","2025-07-01","Australia","2025-07-29",1,19.81,0,0,19.81,1.98,21.79
"High Diffusion Espresso Shower Screen","LM - HD Shower Screen","PSD-HD-LM","2025-07-01","Ireland","2025-07-18",2,113.94,0,0,113.94,0,113.94
"High Extraction He[%] Filter Baskets for a Fuller Coffee Experience","Pesado He[%] Basket - X-Large","PSD-HE-XL","2025-07-01","Australia","2025-07-03",1,50.83,0,0,50.83,5.08,55.91
"Pesado EP Filter Basket","EP-Breville54-18g","EP-BR-18g","2025-07-01","Australia","2025-07-02",1,17.96,-1.79,0,16.17,1.61,17.78
"High Extraction He[%] Filter Baskets for a Fuller Coffee Experience","Pesado He[%] Basket - Medium","PSD-HE-ME","2025-07-01","United States","2025-07-29",1,130,-6.5,-65,58.5,0,58.5
"Hybrid Breville 54/58mm Portafilter - Versatile and Easy to Use","Breville 54 / Black | Black","PF02BR54-BBK-HY","2025-07-01","United States","2025-07-11",1,137,0,0,137,0,137
"Magnetic Espresso Dosing Ring","54mm Dosing Ring / Black","V2-PSDring-54mm","2025-07-01","United States","2025-07-11",1,22.5,0,0,22.5,0,22.5
"Stainless Steel Milk Jug With Round Spout - 16.5oz / 490ml","Default Title","PSDjugWH","2025-07-01","United States","2025-07-12",1,34.35,0,0,34.35,0,34.35
"High Diffusion Espresso Shower Screen","MV - HD Shower Screen","PSD-HD-MV","2025-07-01","United States","2025-07-24",3,165,0,0,165,0,165
"Magnetic Espresso Dosing Ring","58mm Dosing Ring / Black","V2-PSDring-58mm","2025-07-01","Poland","2025-07-29",1,23.18,0,0,23.18,0,23.18
"Precision 58mm Breville Bundle: 58mm Portafilter & He[%] Basket","Black","PRE-BR58-SET","2025-07-01","Australia","2025-07-27",1,161.41,-16.14,0,145.27,14.53,159.8
"53.5 & 58.5mm Puck Diffuser Screen","58.5mm","PSD-puck","2025-07-01","United States","2025-07-03",1,20,-20,0,0,0,0
"Alloy Modular Stand for Clump Crusher (WDT tool)","Default Title","PSDcrusher-Stand","2025-07-01","United States","2025-07-17",1,18,0,0,18,0,18
"High Diffusion Espresso Shower Screen","E61 - HD Shower Screen","PSD-HD-E61","2025-07-01","Netherlands","2025-07-03",1,61.29,0,0,61.29,0,61.29
"Stainless Steel Clump Crusher V2.0 (WDT espresso distribution tool)","Silver","V2-PSDcrusher-Silver","2025-07-01","Australia","2025-07-13",1,26.32,0,0,26.32,2.63,28.95
"High Extraction He[%] 54mm Breville Filter Basket - Dosing 18g-20g","Default Title","PSD-HE-54","2025-07-01","United States","2025-07-19",7,455,-6.5,0,448.5,0,448.5
"Bottomless LM/E61/NS/GA Portafilter (Hybrid)","Breville 54mm / Black / Iris","PF00BR54BK-Iris-HY","2025-07-01","United States","2025-07-02",0,120,0,-120,0,0,0
"Hybrid LM/E61/NS/GA Portafilter - Versatile Bottomless & Spouted","La Marzocco 6mm / White | Silver","PF02LM-WSL-HY","2025-07-01","Netherlands","2025-07-07",-1,0,0,-140.52,-140.52,0,-140.52
"Modular Puck Screen Holder - Aluminum Matte Black","Default Title","PSD-PuckHolder","2025-07-01","Australia","2025-07-17",1,17.7,0,0,17.7,1.77,19.47
"Hybrid LM/E61/NS/GA Portafilter - Versatile Bottomless & Spouted","La Marzocco 6mm / White | Bronze","PF02LM-WBZ-HY","2025-07-01","Australia","2025-07-09",1,109.87,0,0,109.87,10.99,120.86
"Pesado EP Filter Basket","EP-Breville54-18g","EP-BR-18g","2025-07-01","Australia","2025-07-21",5,88.85,-8.87,0,79.98,7.98,87.96
"High Diffusion Espresso Shower Screen","E61 - HD Shower Screen","PSD-HD-E61","2025-07-01","United States","2025-07-24",3,177,0,0,177,0,177
"53.5 & 58.5mm Puck Diffuser Screen","58.5mm","PSD-puck","2025-07-01","Australia","2025-07-26",1,16.4,-1.64,0,14.76,1.48,16.24
"Stand for (WDT) Clump Crusher 2.0","Default Title","V2-PSDcrusher-Stand","2025-07-01","United States","2025-07-20",1,16.61,-1.67,0,14.94,1.25,16.19
"53.5 & 58.5mm Puck Diffuser Screen","53.5mm","PSD-puck-54","2025-07-01","Australia","2025-07-14",2,32.73,0,0,32.73,3.27,36
"Pesado EP Filter Basket","EP-18g","EP-18g","2025-07-01","Australia","2025-07-26",1,17.91,0,0,17.91,1.79,19.7
"High Diffusion Espresso Shower Screen","MV - HD Shower Screen","PSD-HD-MV","2025-07-01","Switzerland","2025-07-06",1,56.66,-5.67,0,50.99,0,50.99
"Stainless Steel Milk Jug With Round Spout - 16.5oz / 490ml","Default Title","PSDjugWH","2025-07-01","United States","2025-07-07",2,68.7,-6.87,0,61.83,0,61.83
"High Extraction He[%] 54mm Breville Filter Basket - Dosing 18g-20g","Default Title","PSD-HE-54","2025-07-01","Australia","2025-07-23",1,50.86,0,0,50.86,5.09,55.95
"Pesado 58.5 Portafilter Hybrid Head - Versatile & Easy to Use","LM/E61 & NS/BR58mm Hybrid Attachment Only","PSDHY","2025-07-01","Philippines","2025-07-16",1,26.27,0,0,26.27,0,26.27
"High Diffusion Espresso Shower Screen","MV - HD Shower Screen","PSD-HD-MV","2025-07-01","United States","2025-07-27",11,605,-6.6,0,598.4,0,598.4
"Precision 58mm Breville Bundle: 58mm Portafilter & He[%] Basket","Black","PRE-BR58-SET","2025-07-01","United Kingdom","2025-07-22",1,207.03,0,0,207.03,0,207.03
"High Diffusion Espresso Shower Screen","LM - HD Shower Screen","PSD-HD-LM","2025-07-01","United States","2025-07-19",2,110,-5.5,0,104.5,0,104.5
"Precision Cut Espresso & Coffee Tamper Base for Maximum Yield","58mm Base Black","BKPSDTBase","2025-07-01","Thailand","2025-07-27",1,51.01,-5.1,0,45.91,0,45.91
"Alloy Modular Stand for Clump Crusher (WDT tool)","Default Title","PSDcrusher-Stand","2025-07-01","Australia","2025-07-29",2,33.9,0,0,33.9,3.39,37.29
"Alloy Modular Stand for Clump Crusher (WDT tool)","Default Title","PSDcrusher-Stand","2025-07-01","United States","2025-07-06",1,18,0,0,18,0,18
"53.5 & 58.5mm Puck Diffuser Screen","58.5mm","PSD-puck","2025-07-01","United States","2025-07-16",2,40,0,0,40,0,40
"Impact Gravity Espresso Grounds Distributor (58.4mm)","Black","V2-PSD-distributor","2025-07-01","United States","2025-07-27",1,120,0,0,120,0,120
"Dusk & Haze Clump Crusher (WDT tool)","Haze","PSDcrusher-Haze","2025-07-01","United States","2025-07-04",1,34.35,0,0,34.35,0,34.35
"Precision 58mm Breville Bundle: 58mm Portafilter & He[%] Basket","Black","PRE-BR58-SET","2025-07-01","Australia","2025-07-24",3,486.79,-16.2,0,470.59,47.06,517.65
"Bottomless LM/E61/NS/GA Portafilter (Hybrid)","E61 5mm / Black / Silver","PF00MV-BSL-HY","2025-07-01","United States","2025-07-28",1,112,-13.44,0,98.56,0,98.56
"High Diffusion Espresso Shower Screen","E61 - HD Shower Screen","PSD-HD-E61","2025-07-01","South Korea","2025-07-04",1,63.84,0,0,63.84,0,63.84
"Coffee Tamper: 58.5mm & 53.5mm","58.5mm / White / Silver","PSDTMWSl","2025-07-01","United States","2025-07-03",1,90,-9,0,81,0,81
"Crusher Threaded Pin Assembly for DIY WDT Tool","4 pack of WDT pins","PSD-removablepins","2025-07-01","Australia","2025-07-17",1,0.59,0,0,0.59,0.06,0.65
"Pesado EP Filter Basket","EP-Breville54-20g","EP-BR-20g","2025-07-01","United States","2025-07-18",1,20,0,0,20,0,20
"High Diffusion Espresso Shower Screen","54 - HD Shower Screen","PSD-HD-54","2025-07-01","United States","2025-07-18",44,2191.56,-17.5,0,2174.06,8.44,2182.5
"Depth Adjuster","Default Title","PSdepth","2025-07-01","Australia","2025-07-30",1,29.91,-3.59,0,26.32,2.63,28.95
"Breville 54mm Portafilter & Basket Precision Bundle","Black","PRE-BR54-SET","2025-07-01","Australia","2025-07-17",1,159.26,0,0,159.26,15.93,175.19
"High Extraction He[%] Filter Baskets for a Fuller Coffee Experience","Pesado He[%] Basket - Large","PSD-HE-LG","2025-07-01","Australia","2025-07-10",1,50.73,0,0,50.73,5.07,55.8
"High Diffusion Espresso Shower Screen","E61 - HD Shower Screen","PSD-HD-E61","2025-07-01","Australia","2025-07-04",5,283.07,-5.65,0,277.42,27.75,305.17
"53.5 & 58.5mm Puck Diffuser Screen","58.5mm","PSD-puck","2025-07-01","Australia","2025-07-29",2,32.54,0,0,32.54,3.26,35.8
"High Diffusion Espresso Shower Screen","E61 - HD Shower Screen","PSD-HD-E61","2025-07-01","United States","2025-07-27",1,59,0,0,59,0,59
"Portafilter with a Double Spout for Espresso Machines","Breville 58 / White | Haze","PF02BR58-WHZ","2025-07-01","Australia","2025-07-03",1,89.58,0,0,89.58,8.96,98.54
"High Diffusion Espresso Shower Screen","MV - HD Shower Screen","PSD-HD-MV","2025-07-01","Australia","2025-07-19",19,988.95,-5.2,0,983.75,98.46,1082.21
"High Diffusion Espresso Shower Screen","LM - HD Shower Screen","PSD-HD-LM","2025-07-01","Australia","2025-07-27",1,52.57,0,0,52.57,5.26,57.83
"53.5 & 58.5mm Puck Diffuser Screen","53.5mm","PSD-puck-54","2025-07-01","United States","2025-07-06",1,20,-2,0,18,0,18
"Breville 54mm Portafilter & Basket Precision Bundle","Black","PRE-BR54-SET","2025-07-01","United States","2025-07-31",1,202,-20.2,0,181.8,0,181.8
"Espresso Shot Mirror","Default Title","PSDshot-mirror","2025-07-01","United States","2025-07-06",1,28,-2.8,0,25.2,0,25.2
"Hybrid Breville 54/58mm Portafilter - Versatile and Easy to Use","Breville 58 / Black | Riga","PF02BR58BK-Riga-HY","2025-07-01","Australia","2025-07-16",1,115.69,-17.35,0,98.34,9.83,108.17
"Pesado Portafilter Tamping Station","Default Title","PSD-TampingStation","2025-07-01","Germany","2025-07-19",1,123.2,0,0,123.2,0,123.2
"Spring-Loaded Self-Leveling Tamper – Pesado x AD Coffee","Default Title","PSD-ADcoffee-Tamper","2025-07-01","Australia","2025-07-30",1,106.57,0,0,106.57,10.66,117.23
"Modular Puck Screen Holder - Aluminum Matte Black","Default Title","PSD-PuckHolder","2025-07-01","United States","2025-07-20",1,20,0,0,20,0,20
"Modular Tamper Handle: Customize Your Tamper for Coffee","Black / Riga","PSDTHMODBKRIGA","2025-07-01","Australia","2025-07-12",1,41.87,0,0,41.87,4.18,46.05
"Bottomless LM/E61/NS/GA Portafilter (Hybrid)","Breville 54mm / Black / Riga","PF00BR54BK-Riga-HY","2025-07-01","Australia","2025-07-23",1,95.74,0,0,95.74,9.58,105.32
"53.5 & 58.5mm Puck Diffuser Screen","58.5mm","PSD-puck","2025-07-01","Switzerland","2025-07-06",1,21.41,-2.14,0,19.27,0,19.27
"Stainless Steel Clump Crusher V2.0 (WDT espresso distribution tool)","Black","V2-PSDcrusher-Black","2025-07-01","Australia","2025-07-14",1,26.27,0,0,26.27,2.63,28.9
"High Extraction He[%] Filter Baskets for a Fuller Coffee Experience","Pesado He[%] Basket - Small","PSD-HE-SM","2025-07-01","United States","2025-07-31",3,325,-32.5,-117,175.5,0,175.5
"High Extraction He[%] Filter Baskets for a Fuller Coffee Experience","Pesado He[%] Basket - Large","PSD-HE-LG","2025-07-01","United States","2025-07-15",-1,0,0,0,0,0,0
"High Extraction He[%] Filter Baskets for a Fuller Coffee Experience","Pesado He[%] Basket - X-Large","PSD-HE-XL","2025-07-01","Australia","2025-07-16",5,251.94,0,0,251.94,25.18,277.12
"Sunrise Ceramic Coffee Cup and Saucer Set (White)","Default Title","PSD-CeramicSet","2025-07-01","Australia","2025-07-17",2,17.62,-1.76,0,15.86,1.58,17.44
"Pesado Single Dose Coffee Cellar Stand + 4 Pack of Bean Cellars","Default Title","PSD-Beanstand-combo","2025-07-01","Hong Kong","2025-07-22",1,76.57,-7.66,0,68.91,0,68.91
"Bottomless LM/E61/NS/GA Portafilter (Hybrid)","Breville 54mm / White / Silver","PF00BR54-WSL-HY","2025-07-01","United States","2025-07-30",1,112,0,0,112,0,112
"High Extraction He[%] Filter Baskets for a Fuller Coffee Experience","Pesado He[%] Basket - Medium","PSD-HE-ME","2025-07-01","United States","2025-07-26",1,65,0,0,65,0,65
"Breville 54mm Portafilter & Basket Precision Bundle","Black","PRE-BR54-SET","2025-07-01","United States","2025-07-19",1,202,0,0,202,0,202
"Espresso Shot Mirror","Default Title","PSDshot-mirror","2025-07-01","United States","2025-07-18",5,140,0,0,140,0,140
"High Diffusion Espresso Shower Screen","E61 - HD Shower Screen","PSD-HD-E61","2025-07-01","Switzerland","2025-07-13",1,60.27,0,0,60.27,0,60.27
"Pesado EP Filter Basket","EP-20g","EP-20g","2025-07-01","United States","2025-07-08",1,20,-2,0,18,0,18
"Gravity Coffee Distributor 53.5mm","54 mm","PSD-distributor-54m","2025-07-01","Singapore","2025-07-25",1,112.37,0,0,112.37,0,112.37
"Stainless Steel Milk Jug With Round Spout - 16.5oz / 490ml","Default Title","PSDjugWH","2025-07-01","Australia","2025-07-17",4,127.03,-25.39,0,101.64,10.17,111.81
"High Diffusion Espresso Shower Screen","MV - HD Shower Screen","PSD-HD-MV","2025-07-01","Australia","2025-07-31",17,876.89,-54.96,0,821.93,82.17,904.1
"Espresso Shot Mirror","Default Title","PSDshot-mirror","2025-07-01","Australia","2025-07-11",2,48.42,-2.41,0,46.01,4.6,50.61
"53.5 & 58.5mm Puck Diffuser Screen","53.5mm","PSD-puck-54","2025-07-01","United States","2025-07-18",3,60,-2,0,58,0,58
"High Extraction He[%] Filter Baskets for a Fuller Coffee Experience","Pesado He[%] Basket - X-Large","PSD-HE-XL","2025-07-01","United States","2025-07-12",2,130,0,0,130,0,130
"Pesado EP Filter Basket","EP-18g","EP-18g","2025-07-01","United States","2025-07-22",1,20,-2,0,18,0,18
"Modular Portafilter Handles","Black / Riga","PSDHMODBKRIGA","2025-07-01","United States","2025-07-30",1,55,0,0,55,0,55
"High Extraction He[%] Filter Baskets for a Fuller Coffee Experience","Pesado He[%] Basket - Large","PSD-HE-LG","2025-07-01","United States","2025-07-03",1,65,-6.5,0,58.5,0,58.5
"High Extraction He[%] Filter Baskets for a Fuller Coffee Experience","Pesado He[%] Basket - Medium","PSD-HE-ME","2025-07-01","United States","2025-07-30",1,65,-6.5,0,58.5,0,58.5
"Magnetic Espresso Dosing Ring","54mm Dosing Ring / Black","V2-PSDring-54mm","2025-07-01","Australia","2025-07-30",1,19.69,0,0,19.69,1.97,21.66
"High Extraction He[%] Filter Baskets for a Fuller Coffee Experience","Pesado He[%] Basket - Medium","PSD-HE-ME","2025-07-01","France","2025-07-30",1,66.87,0,0,66.87,0,66.87
"High Extraction He[%] Filter Baskets for a Fuller Coffee Experience","Pesado He[%] Basket - X-Large","PSD-HE-XL","2025-07-01","Netherlands","2025-07-08",1,66.79,0,0,66.79,0,66.79
"High Diffusion Espresso Shower Screen","54 - HD Shower Screen","PSD-HD-54","2025-07-01","Australia","2025-07-14",21,938.44,-6.68,0,931.76,93.22,1024.98
"Bottomless LM/E61/NS/GA Portafilter (Hybrid)","Breville 58mm / Black / Riga","PF00BR58BK-Riga-HY","2025-07-01","Australia","2025-07-24",1,96.22,-11.54,0,84.68,8.47,93.15
"Impact Gravity Espresso Grounds Distributor (58.4mm)","Black","V2-PSD-distributor","2025-07-01","United States","2025-07-23",1,120,0,0,120,0,120
"53.5 & 58.5mm Puck Diffuser Screen","58.5mm","PSD-puck","2025-07-01","United States","2025-07-04",1,20,0,0,20,0,20
"Dosing Cup","54mm Dosing Cup / White","PSDdosingCup-WH-54","2025-07-01","Australia","2025-07-20",1,20.71,0,0,20.71,2.07,22.78
"High Diffusion Espresso Shower Screen","E61 - HD Shower Screen","PSD-HD-E61","2025-07-01","Portugal","2025-07-09",1,60.8,0,0,60.8,0,60.8
"High Diffusion Espresso Shower Screen","54 - HD Shower Screen","PSD-HD-54","2025-07-01","United Kingdom","2025-07-24",1,51.6,0,0,51.6,0,51.6
"High Extraction He[%] 54mm Breville Filter Basket - Dosing 18g-20g","Default Title","PSD-HE-54","2025-07-01","United States","2025-07-20",5,325,-16.25,0,308.75,0,308.75
"Bottomless LM/E61/NS/GA Portafilter (Hybrid)","Breville 54mm / Black / Dusk","PF00BR54-BDK-HY","2025-07-01","Australia","2025-07-26",1,89.53,0,0,89.53,8.95,98.48
"Stainless Steel Milk Jug With Round Spout - 16.5oz / 490ml","Default Title","PSDjugWH","2025-07-01","United States","2025-07-11",2,68.7,-6.87,0,61.83,0,61.83
"Hybrid Breville 54/58mm Portafilter - Versatile and Easy to Use","Breville 58 / Black | Silver","PF02BR58-BSL-HY","2025-07-01","Australia","2025-07-10",1,110.43,-16.56,0,93.87,9.39,103.26
"High Diffusion Espresso Shower Screen","LM - HD Shower Screen","PSD-HD-LM","2025-07-01","United States","2025-07-31",2,110,0,0,110,0,110
"High Extraction He[%] Filter Baskets for a Fuller Coffee Experience","Pesado He[%] Basket - Medium","PSD-HE-ME","2025-07-01","Portugal","2025-07-09",1,66.65,0,0,66.65,0,66.65
"High Extraction He[%] 54mm Breville Filter Basket - Dosing 18g-20g","Default Title","PSD-HE-54","2025-07-01","Australia","2025-07-27",3,152.25,0,0,152.25,15.22,167.47
"Pesado EP Filter Basket","EP-18g","EP-18g","2025-07-01","United States","2025-07-01",1,20,-2,0,18,0,18
"High Diffusion Espresso Shower Screen","MV - HD Shower Screen","PSD-HD-MV","2025-07-01","United States","2025-07-23",8,440,-5,0,435,0,435
"High Extraction He[%] Filter Baskets for a Fuller Coffee Experience","Pesado He[%] Basket - Large","PSD-HE-LG","2025-07-01","Australia","2025-07-14",2,101.57,0,0,101.57,10.16,111.73
"High Diffusion Espresso Shower Screen","E61 - HD Shower Screen","PSD-HD-E61","2025-07-01","United States","2025-07-23",4,236,-5.9,0,230.1,0,230.1
"High Extraction He[%] Filter Baskets for a Fuller Coffee Experience","Pesado He[%] Basket - Medium","PSD-HE-ME","2025-07-01","United Arab Emirates","2025-07-19",1,66.43,0,0,66.43,0,66.43
"Pesado EP Filter Basket","EP-Breville54-18g","EP-BR-18g","2025-07-01","Australia","2025-07-22",3,53.35,-3.56,0,49.79,4.98,54.77
"53.5 & 58.5mm Puck Diffuser Screen","58.5mm","PSD-puck","2025-07-01","Australia","2025-07-25",3,49.24,-1.64,0,47.6,4.76,52.36
"High Diffusion Espresso Shower Screen","E61 - HD Shower Screen","PSD-HD-E61","2025-07-01","Australia","2025-07-16",4,225.39,0,0,225.39,22.55,247.94
"High Diffusion Espresso Shower Screen","LM - HD Shower Screen","PSD-HD-LM","2025-07-01","United Kingdom","2025-07-13",2,113.32,-11.33,0,101.99,0,101.99
"High Diffusion Espresso Shower Screen","MV - HD Shower Screen","PSD-HD-MV","2025-07-01","Canada","2025-07-27",1,56.22,0,0,56.22,0,56.22
"Stainless Steel Clump Crusher V2.0 (WDT espresso distribution tool)","Black","V2-PSDcrusher-Black","2025-07-01","United States","2025-07-18",1,34.35,0,0,34.35,0,34.35
"Modular Puck Screen Holder - Aluminum Matte Black","Default Title","PSD-PuckHolder","2025-07-01","Australia","2025-07-18",1,17.74,0,0,17.74,1.78,19.52
"Crusher Threaded Pin Assembly for DIY WDT Tool","4 pack of WDT pins","PSD-removablepins","2025-07-01","Australia","2025-07-05",1,0.6,0,0,0.6,0.06,0.66
"High Diffusion Espresso Shower Screen","E61 - HD Shower Screen","PSD-HD-E61","2025-07-01","Netherlands","2025-07-15",1,60.24,0,0,60.24,0,60.24
"53.5 & 58.5mm Puck Diffuser Screen","58.5mm","PSD-puck","2025-07-01","United States","2025-07-15",2,58.4,0,-20,38.4,1.6,40
"Precision 58mm Breville Bundle: 58mm Portafilter & He[%] Basket","Black","PRE-BR58-SET","2025-07-01","Australia","2025-07-23",1,161.07,-16.1,0,144.97,14.5,159.47
"High Diffusion Espresso Shower Screen","E61 - HD Shower Screen","PSD-HD-E61","2025-07-01","South Korea","2025-07-03",1,63.91,0,0,63.91,0,63.91
"High Extraction He[%] 54mm Breville Filter Basket - Dosing 18g-20g","Default Title","PSD-HE-54","2025-07-01","United States","2025-07-31",3,191.34,0,0,191.34,3.66,195
"Magnetic Espresso Dosing Ring","58mm Dosing Ring / Black","V2-PSDring-58mm","2025-07-01","Australia","2025-07-08",1,19.89,0,0,19.89,1.99,21.88
"Coffee Tamper: 58.5mm & 53.5mm","58.5mm With Black Base / Black / Silver","PSDT-BKBase-BSi","2025-07-01","Spain","2025-07-06",1,91.81,0,0,91.81,0,91.81
"53.5 & 58.5mm Puck Diffuser Screen","53.5mm","PSD-puck-54","2025-07-01","Australia","2025-07-13",0,16.41,0,-13.98,2.43,0.25,2.68
"Wooden Leva Accents","Iris","PSDleva-Iris","2025-07-01","United States","2025-07-18",1,20.4,0,0,20.4,0,20.4
"High Diffusion Espresso Shower Screen","LM - HD Shower Screen","PSD-HD-LM","2025-07-01","United States","2025-07-20",3,165,0,0,165,0,165
"Portafilter with a Double Spout for Espresso Machines","Breville 58 / Black | Dusk","PF02BR58-BDK","2025-07-01","Australia","2025-07-22",1,88.79,0,0,88.79,8.88,97.67
"High Diffusion Espresso Shower Screen","MV - HD Shower Screen","PSD-HD-MV","2025-07-01","United States","2025-07-28",10,550,-12.1,0,537.9,0,537.9
"Coffee Tamper: 58.5mm & 53.5mm","53.5mm / Black / Dusk","PSDT-53.5-BDK","2025-07-01","United States","2025-07-22",1,97.5,0,0,97.5,0,97.5
"High Extraction He[%] 54mm Breville Filter Basket - Dosing 18g-20g","Default Title","PSD-HE-54","2025-07-01","Australia","2025-07-24",1,50.96,0,0,50.96,5.1,56.06
"High Extraction He[%] Filter Baskets for a Fuller Coffee Experience","Pesado He[%] Basket - Medium","PSD-HE-ME","2025-07-01","Netherlands","2025-07-16",1,67.46,0,0,67.46,0,67.46
"High Diffusion Espresso Shower Screen","E61 - HD Shower Screen","PSD-HD-E61","2025-07-01","Australia","2025-07-03",2,113.57,0,0,113.57,11.37,124.94
"Pesado Portafilter Tamping Station","Default Title","PSD-TampingStation","2025-07-01","Australia","2025-07-13",1,107.45,0,0,107.45,10.74,118.19
"Hybrid Breville 54/58mm Portafilter - Versatile and Easy to Use","Breville 54 / Black Full POM","PF02BR54-FullPOM-HY","2025-07-01","United States","2025-07-25",2,230,-23,0,207,0,207
"High Diffusion Espresso Shower Screen","E61 - HD Shower Screen","PSD-HD-E61","2025-07-01","United States","2025-07-28",4,236,-14.16,0,221.84,0,221.84
"Wooden Clump Crusher - WDT Distribution Tool for Fluffy Espresso Puck","Riga","PSDcrusherRIGA","2025-07-01","United States","2025-07-27",2,68.7,0,0,68.7,0,68.7
"Spouted Portafilter - Head Only","Breville 54mm","PFHBR54","2025-07-01","Australia","2025-07-31",1,61.95,-6.19,0,55.76,5.57,61.33
"High Diffusion Espresso Shower Screen","54 - HD Shower Screen","PSD-HD-54","2025-07-01","United States","2025-07-17",20,1000,0,0,1000,0,1000
"Dosing Cup","58mm Dosing Cup / White","PSDdosingCup-WH","2025-07-01","Australia","2025-07-20",1,20.69,-3.1,0,17.59,1.76,19.35
"Modular Puck Screen Holder - Aluminum Matte Black","Default Title","PSD-PuckHolder","2025-07-01","United States","2025-07-19",2,40,0,0,40,0,40
"Espresso Shot Mirror","Default Title","PSDshot-mirror","2025-07-01","United States","2025-07-05",1,28,0,0,28,0,28
"Pesado 58.5 Portafilter Hybrid Head - Versatile & Easy to Use","Breville 54mm Hybrid","PFH02BR54-HY","2025-07-01","Romania","2025-07-23",1,94.42,0,0,94.42,0,94.42
"High Extraction He[%] 54mm Breville Filter Basket - Dosing 18g-20g","Default Title","PSD-HE-54","2025-07-01","Malaysia","2025-07-10",1,66.31,-66.31,0,0,0,0
"Dosing Cup","54mm Dosing Cup / Black","PSDdosingCup-BK-54","2025-07-01","Australia","2025-07-30",1,20.51,-2.05,0,18.46,1.84,20.3
"High Diffusion Espresso Shower Screen","MV - HD Shower Screen","PSD-HD-MV","2025-07-01","Australia","2025-07-20",20,1041.52,-31.21,0,1010.31,101.05,1111.36
"53.5 & 58.5mm Puck Diffuser Screen","58.5mm","PSD-puck","2025-07-01","Taiwan","2025-07-23",2,43.16,0,0,43.16,0,43.16
"High Extraction He[%] Filter Baskets for a Fuller Coffee Experience","Pesado He[%] Basket - X-Large","PSD-HE-XL","2025-07-01","United States","2025-07-07",2,130,-9.75,0,120.25,0,120.25
"Pesado EP Filter Basket","EP-18g","EP-18g","2025-07-01","Singapore","2025-07-15",1,21.06,-3.16,0,17.9,0,17.9
"High Diffusion Espresso Shower Screen","MV - HD Shower Screen","PSD-HD-MV","2025-07-01","Taiwan","2025-07-23",1,60.24,0,0,60.24,0,60.24
"High Extraction He[%] Filter Baskets for a Fuller Coffee Experience","Pesado He[%] Basket - Medium","PSD-HE-ME","2025-07-01","United States","2025-07-25",4,260,-20.8,0,239.2,0,239.2
"Sunrise Ceramic Coffee Cup and Saucer Set (White)","Default Title","PSD-CeramicSet","2025-07-01","Australia","2025-07-18",2,17.76,0,0,17.76,1.77,19.53
"High Extraction He[%] Filter Baskets for a Fuller Coffee Experience","Pesado He[%] Basket - Large","PSD-HE-LG","2025-07-01","United States","2025-07-16",2,130,-6.5,0,123.5,0,123.5
"Magnetic Espresso Dosing Ring","58mm Dosing Ring / White","WH-V2-PSDring-58mm","2025-07-01","United States","2025-07-27",1,22.5,0,0,22.5,0,22.5
"High Extraction He[%] Filter Baskets for a Fuller Coffee Experience","Pesado He[%] Basket - X-Large","PSD-HE-XL","2025-07-01","Australia","2025-07-15",1,50.78,-5.08,0,45.7,4.57,50.27
"53.5 & 58.5mm Puck Diffuser Screen","58.5mm","PSD-puck","2025-07-01","Netherlands","2025-07-08",1,21.05,0,0,21.05,0,21.05
"High Extraction He[%] Filter Baskets for a Fuller Coffee Experience","Pesado He[%] Basket - Small","PSD-HE-SM","2025-07-01","Australia","2025-07-31",1,49.69,-4.97,0,44.72,4.47,49.19
"Bottomless LM/E61/NS/GA Portafilter (Hybrid)","E61 5mm / Black / Black","PF00MV-BBK-HY","2025-07-01","United States","2025-07-09",2,224,0,0,224,0,224
"Spring-Loaded Self-Leveling Tamper – Pesado x AD Coffee","Default Title","PSD-ADcoffee-Tamper","2025-07-01","United States","2025-07-23",1,120,0,0,120,0,120
"Hybrid LM/E61/NS/GA Portafilter - Versatile Bottomless & Spouted","E61 5mm / Black | Silver","PF02MV-BSL-HY","2025-07-01","Turkey","2025-07-09",1,137,0,0,137,0,137
"Single-Dose Coffee Tubes (Bean Cellar 4-Pack)","Default Title","PSD-beantube","2025-07-01","Australia","2025-07-28",1,23.72,-2.84,0,20.88,2.09,22.97
"Single-Dose Coffee Tubes (Bean Cellar 4-Pack)","Default Title","PSD-beantube","2025-07-01","Australia","2025-07-16",2,47.4,0,0,47.4,4.74,52.14
"High Diffusion Espresso Shower Screen","54 - HD Shower Screen","PSD-HD-54","2025-07-01","Australia","2025-07-21",38,1688.56,-35.52,0,1653.04,165.35,1818.39
"High Extraction He[%] Filter Baskets for a Fuller Coffee Experience","Pesado He[%] Basket - Small","PSD-HE-SM","2025-07-01","United States","2025-07-12",1,65,0,0,65,0,65
"Magnetic Espresso Dosing Ring","58mm Dosing Ring / Black","V2-PSDring-58mm","2025-07-01","United States","2025-07-06",2,45,0,0,45,0,45
"High Extraction He[%] Filter Baskets for a Fuller Coffee Experience","Pesado He[%] Basket - Large","PSD-HE-LG","2025-07-01","Australia","2025-07-02",1,50.85,-5.08,0,45.77,4.57,50.34
"High Extraction He[%] Filter Baskets for a Fuller Coffee Experience","Pesado He[%] Basket - Large","PSD-HE-LG","2025-07-01","United States","2025-07-28",3,195,-20.8,0,174.2,0,174.2
"High Extraction He[%] Filter Baskets for a Fuller Coffee Experience","Pesado He[%] Basket - Medium","PSD-HE-ME","2025-07-01","Poland","2025-07-23",1,66.48,-6.65,0,59.83,0,59.83
"High Extraction He[%] Filter Baskets for a Fuller Coffee Experience","Pesado He[%] Basket - Medium","PSD-HE-ME","2025-07-01","United States","2025-07-05",1,65,-6.5,0,58.5,0,58.5
"Espresso Shot Mirror","Default Title","PSDshot-mirror","2025-07-01","Australia","2025-07-20",1,23.96,0,0,23.96,2.39,26.35
"High Diffusion Espresso Shower Screen","LM - HD Shower Screen","PSD-HD-LM","2025-07-01","Australia","2025-07-16",6,312.88,0,0,312.88,31.29,344.17
"High Diffusion Espresso Shower Screen","MV - HD Shower Screen","PSD-HD-MV","2025-07-01","Australia","2025-07-08",6,318.75,-67.87,0,250.88,25.08,275.96
"Portafilter with a Double Spout for Espresso Machines","La Marzocco / E61 / Raya","PF02LMRaya","2025-07-01","Australia","2025-07-16",1,94.91,0,0,94.91,9.5,104.41
"Bottomless LM/E61/NS/GA Portafilter (Hybrid)","Breville 54mm / Black Full POM","PF00BR54-FullPOM-HY","2025-07-01","Australia","2025-07-26",1,65.65,0,0,65.65,6.57,72.22
"53.5 & 58.5mm Puck Diffuser Screen","53.5mm","PSD-puck-54","2025-07-01","United States","2025-07-25",2,40,-2.4,0,37.6,0,37.6
"Modular Puck Screen Holder - Aluminum Matte Black","Default Title","PSD-PuckHolder","2025-07-01","Taiwan","2025-07-23",1,19.36,0,0,19.36,0,19.36
"Dosing Cup","54mm Dosing Cup / Black","PSDdosingCup-BK-54","2025-07-01","Australia","2025-07-18",1,20.75,0,0,20.75,2.07,22.82
"Bottomless LM/E61/NS/GA Portafilter (Hybrid)","Breville 58mm / Black / Silver","PF00BR58-BSL-HY","2025-07-01","South Korea","2025-07-21",1,113.9,-11.39,0,102.51,0,102.51
"Impact Gravity Espresso Grounds Distributor (58.4mm)","Black","V2-PSD-distributor","2025-07-01","Australia","2025-07-08",1,97.96,-14.69,0,83.27,8.33,91.6
"High Diffusion Espresso Shower Screen","54 - HD Shower Screen","PSD-HD-54","2025-07-01","United States","2025-07-29",23,1147.05,-17.64,0,1129.41,2.59,1132
"Pesado EP Filter Basket","EP-Breville54-20g","EP-BR-20g","2025-07-01","Australia","2025-07-24",6,108,-11.15,0,96.85,9.67,106.52
"Pesado EP Filter Basket","EP-Breville54-20g","EP-BR-20g","2025-07-01","United States","2025-07-29",4,80,-8,0,72,0,72
"Pesado EP Filter Basket","EP-22g","EP-22g","2025-07-01","United States","2025-07-05",1,20,-2,0,18,0,18
"Wooden Clump Crusher - WDT Distribution Tool for Fluffy Espresso Puck","Riga","PSDcrusherRIGA","2025-07-01","United States","2025-07-15",2,68.7,-3.43,0,65.27,0,65.27
"Spouted Portafilter - Head Only","Breville 54mm","PFHBR54","2025-07-01","Australia","2025-07-11",1,61.58,0,0,61.58,6.16,67.74
"High Diffusion Espresso Shower Screen","54 - HD Shower Screen","PSD-HD-54","2025-07-01","Singapore","2025-07-11",1,51.55,-7.73,0,43.82,0,43.82
"53.5 & 58.5mm Puck Diffuser Screen","58.5mm","PSD-puck","2025-07-01","Japan","2025-07-31",1,20.6,-2.47,0,18.13,0,18.13
"High Extraction He[%] Filter Baskets for a Fuller Coffee Experience","Pesado He[%] Basket - Large","PSD-HE-LG","2025-07-01","Australia","2025-07-21",1,50.42,0,0,50.42,5.04,55.46
"Distribution Bundle","54mm Distribution Bundle / Black","DISTR_B_54mm","2025-07-01","United States","2025-07-06",1,162.35,-16.23,0,146.12,0,146.12
"Hybrid LM/E61/NS/GA Portafilter - Versatile Bottomless & Spouted","E61 5mm / Black | Silver","PF02MV-BSL-HY","2025-07-01","United States","2025-07-25",1,127.44,0,0,127.44,9.56,137
"53.5 & 58.5mm Puck Diffuser Screen","58.5mm","PSD-puck","2025-07-01","Australia","2025-07-18",4,65.07,-2.44,0,62.63,6.27,68.9
"High Diffusion Espresso Shower Screen","E61 - HD Shower Screen","PSD-HD-E61","2025-07-01","United States","2025-07-16",2,177,0,-59,118,0,118
"Pesado EP Filter Basket","EP-Breville54-18g","EP-BR-18g","2025-07-01","Australia","2025-07-13",1,17.94,0,0,17.94,1.8,19.74
"Wooden Leva Accents","Riga","PSDleva-Riga","2025-07-01","United States","2025-07-06",1,20.4,-3.06,0,17.34,0,17.34
,"",,"2025-07-01","Australia","2025-07-28",1,23.72,0,0,23.72,2.37,26.09
"Magnetic Espresso Dosing Ring","54mm Dosing Ring / Black","V2-PSDring-54mm","2025-07-01","United States","2025-07-19",2,45,0,0,45,0,45
"Pesado Black Ripple Set","Black Ripple Set","PSDBlackRippleSet","2025-07-01","United States","2025-07-16",1,60.6,0,0,60.6,0,60.6
"Hybrid Breville 54/58mm Portafilter - Versatile and Easy to Use","Breville 54 / Black Full POM","PF02BR54-FullPOM-HY","2025-07-01","Australia","2025-07-13",1,92.71,0,0,92.71,9.27,101.98
"Stainless Steel Milk Jug With Round Spout - 16.5oz / 490ml","Default Title","PSDjugWH","2025-07-01","United States","2025-07-20",1,34.35,-6.87,0,27.48,0,27.48
"High Diffusion Espresso Shower Screen","MV - HD Shower Screen","PSD-HD-MV","2025-07-01","United States","2025-07-16",7,440,-5.5,-55,379.5,0,379.5
"Pesado EP Filter Basket","EP-Breville54-18g","EP-BR-18g","2025-07-01","United States","2025-07-25",7,140,-14,0,126,0,126
"Precision 58mm Breville Bundle: 58mm Portafilter & He[%] Basket","Black","PRE-BR58-SET","2025-07-01","Australia","2025-07-03",1,161.32,0,0,161.32,16.14,177.46
"Impact Gravity Espresso Grounds Distributor (58.4mm)","Black","V2-PSD-distributor","2025-07-01","United States","2025-07-16",1,120,0,0,120,0,120
"53.5 & 58.5mm Puck Diffuser Screen","58.5mm","PSD-puck","2025-07-01","United States","2025-07-27",2,40,0,0,40,0,40
"Maximum Distribution Bundle","Black","DistributionBundle","2025-07-01","United States","2025-07-21",1,214.85,0,0,214.85,0,214.85
"High Extraction He[%] 54mm Breville Filter Basket - Dosing 18g-20g","Default Title","PSD-HE-54","2025-07-01","United States","2025-07-11",3,195,0,0,195,0,195
"Pesado EP Filter Basket","EP-Breville54-20g","EP-BR-20g","2025-07-01","Australia","2025-07-27",3,53.74,-5.37,0,48.37,4.83,53.2
"High Diffusion Espresso Shower Screen","54 - HD Shower Screen","PSD-HD-54","2025-07-01","United States","2025-07-26",28,1400,-11,0,1389,0,1389
"Alloy Modular Stand for Clump Crusher (WDT tool)","Default Title","PSDcrusher-Stand","2025-07-01","Hong Kong","2025-07-23",1,18.47,-1.85,0,16.62,0,16.62
"Crusher Threaded Pin Assembly for DIY WDT Tool","4 pack of WDT pins","PSD-removablepins","2025-07-01","Australia","2025-07-25",1,0.6,0,0,0.6,0.06,0.66
"Pesado EP Filter Basket","EP-Breville54-20g","EP-BR-20g","2025-07-01","United States","2025-07-26",2,40,-2,0,38,0,38
"Impact Gravity Espresso Grounds Distributor (58.4mm)","Black","V2-PSD-distributor","2025-07-01","United Kingdom","2025-07-25",1,122.5,0,0,122.5,0,122.5
"Modular Puck Screen Holder - Aluminum Matte Black","Default Title","PSD-PuckHolder","2025-07-01","Portugal","2025-07-13",1,20.99,0,0,20.99,0,20.99
"Breville 54mm Portafilter & Basket Precision Bundle","Black","PRE-BR54-SET","2025-07-01","Australia","2025-07-25",1,161.48,-16.14,0,145.34,14.53,159.87
"High Extraction He[%] Filter Baskets for a Fuller Coffee Experience","Pesado He[%] Basket - Medium","PSD-HE-ME","2025-07-01","Spain","2025-07-06",3,201.21,0,0,201.21,0,201.21
"High Extraction He[%] 54mm Breville Filter Basket - Dosing 18g-20g","Default Title","PSD-HE-54","2025-07-01","Singapore","2025-07-11",1,66.39,-9.96,0,56.43,0,56.43
"Pesado EP Filter Basket","EP-Breville54-18g","EP-BR-18g","2025-07-01","Australia","2025-07-10",1,17.88,0,0,17.88,1.79,19.67
"Hybrid LM/E61/NS/GA Portafilter - Versatile Bottomless & Spouted","E61 5mm / Black Full Pom","PF02MV-FullPOM-HY","2025-07-01","United States","2025-07-13",1,115,0,0,115,0,115
"53.5 & 58.5mm Puck Diffuser Screen","58.5mm","PSD-puck","2025-07-01","Australia","2025-07-05",2,32.76,0,0,32.76,3.28,36.04
"High Diffusion Espresso Shower Screen","E61 - HD Shower Screen","PSD-HD-E61","2025-07-01","United States","2025-07-03",3,236,-5.9,-59,171.1,0,171.1
"High Diffusion Espresso Shower Screen","E61 - HD Shower Screen","PSD-HD-E61","2025-07-01","Australia","2025-07-28",1,112.92,0,-56.59,56.33,5.64,61.97
"Gravity Coffee Distributor 53.5mm","54 mm","PSD-distributor-54m","2025-07-01","United States","2025-07-23",1,110,0,0,110,0,110
"Bottomless LM/E61/NS/GA Portafilter (Hybrid)","E61 5mm / Black Full POM","PF00MV-FullPOM-HY","2025-07-01","Australia","2025-07-10",1,65.6,0,0,65.6,6.56,72.16
"Pesado EP Filter Basket","EP-18g","EP-18g","2025-07-01","Australia","2025-07-18",5,88.95,-13.33,0,75.62,7.56,83.18
"Crusher Threaded Pin Assembly for DIY WDT Tool","4 pack of WDT pins","PSD-removablepins","2025-07-01","United States","2025-07-05",5,5,0,0,5,0,5
"Pesado EP Filter Basket","EP-Breville54-18g","EP-BR-18g","2025-07-01","United States","2025-07-30",2,40,-4,0,36,0,36
"High Extraction He[%] 54mm Breville Filter Basket - Dosing 18g-20g","Default Title","PSD-HE-54","2025-07-01","Australia","2025-07-15",1,50.7,0,0,50.7,5.07,55.77
"Coffee Tamper: 58.5mm & 53.5mm","58.5mm / White / Silver","PSDTMWSl","2025-07-01","Portugal","2025-07-13",1,92.3,0,0,92.3,0,92.3
"Magnetic Espresso Dosing Ring","58mm Dosing Ring / Black","V2-PSDring-58mm","2025-07-01","Australia","2025-07-31",1,19.57,0,0,19.57,1.96,21.53
"53.5 & 58.5mm Puck Diffuser Screen","53.5mm","PSD-puck-54","2025-07-01","Australia","2025-07-22",3,48.84,-3.25,0,45.59,4.56,50.15
"Dosing Cup","54mm Dosing Cup / Black","PSDdosingCup-BK-54","2025-07-01","United States","2025-07-13",1,26.25,-2.62,0,23.63,0,23.63
"High Diffusion Espresso Shower Screen","LM - HD Shower Screen","PSD-HD-LM","2025-07-01","United Arab Emirates","2025-07-01",1,56.36,0,0,56.36,0,56.36
"High Extraction He[%] 54mm Breville Filter Basket - Dosing 18g-20g","Default Title","PSD-HE-54","2025-07-01","United States","2025-07-08",1,65,0,0,65,0,65
"High Extraction He[%] Filter Baskets for a Fuller Coffee Experience","Pesado He[%] Basket - Medium","PSD-HE-ME","2025-07-01","Australia","2025-07-20",1,50.28,-7.54,0,42.74,4.27,47.01
"Magnetic Espresso Dosing Ring","58mm Dosing Ring / Black","V2-PSDring-58mm","2025-07-01","United States","2025-07-17",1,22.5,0,0,22.5,0,22.5
"High Extraction He[%] Filter Baskets for a Fuller Coffee Experience","Pesado He[%] Basket - Large","PSD-HE-LG","2025-07-01","United States","2025-07-23",0,65,0,-65,0,0,0
"High Extraction He[%] Filter Baskets for a Fuller Coffee Experience","Pesado He[%] Basket - Medium","PSD-HE-ME","2025-07-01","United States","2025-07-18",4,260,-16.25,0,243.75,0,243.75
"Spring-Loaded Self-Leveling Tamper – Pesado x AD Coffee","Default Title","PSD-ADcoffee-Tamper","2025-07-01","United States","2025-07-16",1,120,0,0,120,0,120
"High Extraction He[%] Filter Baskets for a Fuller Coffee Experience","Pesado He[%] Basket - X-Large","PSD-HE-XL","2025-07-01","Australia","2025-07-24",1,51.09,0,0,51.09,5.11,56.2
"Magnetic Espresso Dosing Ring","54mm Dosing Ring / Black","V2-PSDring-54mm","2025-07-01","Australia","2025-07-18",1,19.82,0,0,19.82,1.98,21.8
"High Diffusion Espresso Shower Screen","MV - HD Shower Screen","PSD-HD-MV","2025-07-01","Australia","2025-07-11",5,263.24,-5.26,0,257.98,25.79,283.77
"53.5 & 58.5mm Puck Diffuser Screen","53.5mm","PSD-puck-54","2025-07-01","United States","2025-07-30",3,60,-2,0,58,0,58
"Stand for (WDT) Clump Crusher 2.0","Default Title","V2-PSDcrusher-Stand","2025-07-01","Australia","2025-07-21",1,16.94,-2.54,0,14.4,1.44,15.84
"Full Moon Wave - Convex Tamper","Raya","PSDT-WAVE-Raya","2025-07-01","United States","2025-07-07",1,114.5,0,0,114.5,0,114.5
"Stainless Steel Milk Jug With Round Spout - 16.5oz / 490ml","Default Title","PSDjugWH","2025-07-01","South Korea","2025-07-23",1,35.21,-7.04,0,28.17,0,28.17
"Modular Puck Screen Holder - Aluminum Matte Black","Default Title","PSD-PuckHolder","2025-07-01","Netherlands","2025-07-18",1,20.89,0,0,20.89,0,20.89
"High Diffusion Espresso Shower Screen","54 - HD Shower Screen","PSD-HD-54","2025-08-01","United States","2025-08-07",37,1850,-32,0,1818,0,1818
"Precision 58mm Breville Bundle: 58mm Portafilter & He[%] Basket","Black","PRE-BR58-SET","2025-08-01","United States","2025-08-14",2,399.96,0,0,399.96,0,399.96
"High Diffusion Espresso Shower Screen","E61 - HD Shower Screen","PSD-HD-E61","2025-08-01","Philippines","2025-08-16",1,61.32,0,0,61.32,0,61.32
"Pesado EP Filter Basket","EP-Breville54-18g","EP-BR-18g","2025-08-01","United States","2025-08-12",8,162,-14.2,0,147.8,0,147.8
"High Extraction He[%] Filter Baskets for a Fuller Coffee Experience","Pesado He[%] Basket - Large","PSD-HE-LG","2025-08-01","United States","2025-08-04",3,195,-19.49,0,175.51,0,175.51
"Magnetic Espresso Dosing Ring","58mm Dosing Ring / White","WH-V2-PSDring-58mm","2025-08-01","Australia","2025-08-10",1,19.87,-1.99,0,17.88,1.79,19.67
"Dosing Bundle","Black","DOSING_B","2025-08-01","United States","2025-08-15",1,51.98,0,0,51.98,0,51.98
"Bottomless Breville 54/58 Portafilter (Hybrid)","Breville 58mm / Black Full POM","PF00BR58-FullPOM-HY","2025-08-01","United States","2025-08-16",1,99,0,0,99,0,99
"Bottomless LM/E61/NS/GA Portafilter (Hybrid)","E61 5mm / Black Full POM","PF00MV-FullPOM-HY","2025-08-01","Australia","2025-08-14",1,64.97,0,0,64.97,6.5,71.47
"Pesado EP Filter Basket","EP-Breville54-18g","EP-BR-18g","2025-08-01","Australia","2025-08-12",4,71.13,-5.33,0,65.8,6.57,72.37
"Magnetic Espresso Dosing Ring","58mm Dosing Ring / Black","V2-PSDring-58mm","2025-08-01","Australia","2025-08-17",1,19.83,0,0,19.83,1.99,21.82
"Pesado EP Filter Basket","EP-18g","EP-18g","2025-08-01","United States","2025-08-02",2,40,0,0,40,0,40
"Bottomless Breville 54/58 Portafilter (Hybrid)","Breville 58mm / White Full POM","PF00BR58-WHPOM-HY","2025-08-01","Australia","2025-08-02",1,64.73,0,0,64.73,6.47,71.2
"Gravity Coffee Distributor 53.5mm","54 mm","PSD-distributor-54m","2025-08-01","United States","2025-08-11",1,110,0,0,110,0,110
"Magnetic Espresso Dosing Ring","58mm Dosing Ring / Black","V2-PSDring-58mm","2025-08-01","Hong Kong","2025-08-09",1,23.06,-2.31,0,20.75,0,20.75
"High Diffusion Espresso Shower Screen","E61 - HD Shower Screen","PSD-HD-E61","2025-08-01","United States","2025-08-17",5,324.5,0,0,324.5,0,324.5
"53.5 & 58.5mm Puck Diffuser Screen","53.5mm","PSD-puck-54","2025-08-01","Australia","2025-08-11",1,16.28,0,0,16.28,1.63,17.91
"Magnetic Espresso Dosing Ring","54mm Dosing Ring / Black","V2-PSDring-54mm","2025-08-01","United States","2025-08-16",1,24.75,0,0,24.75,0,24.75
"Bottomless Breville 54/58 Portafilter (Hybrid)","Breville 58mm / Black / Riga","PF00BR58BK-Riga-HY","2025-08-01","United States","2025-08-17",1,132,0,0,132,0,132
"Pesado EP Filter Basket","EP-Breville54-20g","EP-BR-20g","2025-08-01","United States","2025-08-08",2,40,-4,0,36,0,36
"53.5 & 58.5mm Puck Diffuser Screen","58.5mm","PSD-puck","2025-08-01","United States","2025-08-15",2,44,0,0,44,0,44
"Naked/Bottomless Portafilter - Head Only (HYBRID)","Breville 54mm","PFH00BR54-HY","2025-08-01","United States","2025-08-09",1,67.5,-6.75,0,60.75,0,60.75
"High Diffusion Espresso Shower Screen","54 - HD Shower Screen","PSD-HD-54","2025-08-01","Australia","2025-08-15",40,1774.54,-15.06,0,1759.48,176.01,1935.49
"Bottomless LM/E61/NS/GA Portafilter (Hybrid)","E61 5mm / Black / Silver","PF00MV-BSL-HY","2025-08-01","United States","2025-08-03",1,112,0,0,112,0,112
"High Extraction He[%] Filter Baskets for a Fuller Coffee Experience","Pesado He[%] Basket - Small","PSD-HE-SM","2025-08-01","United States","2025-08-01",3,190.6,-6.5,0,184.1,4.4,188.5
"Hybrid Breville 54/58mm Portafilter - Versatile and Easy to Use","Breville 54 / White | Gold","PF02BR54-WGD-HY","2025-08-01","United States","2025-08-02",1,137,-13.7,0,123.3,0,123.3
"Espresso Shot Mirror","Default Title","PSDshot-mirror","2025-08-01","Australia","2025-08-03",1,23.82,-2.86,0,20.96,2.1,23.06
"High Extraction He[%] Filter Baskets for a Fuller Coffee Experience","Pesado He[%] Basket - Medium","PSD-HE-ME","2025-08-01","Australia","2025-08-15",2,100.49,-6.02,0,94.47,9.45,103.92
"Naked/Bottomless Portafilter - Head Only (HYBRID)","Breville 58mm","PFH00BR58-HY","2025-08-01","Australia","2025-08-12",1,62.02,-62.02,0,0,0,0
"High Diffusion Espresso Shower Screen","E61 - HD Shower Screen","PSD-HD-E61","2025-08-01","Saudi Arabia","2025-08-07",1,60.22,0,0,60.22,0,60.22
"High Extraction He[%] Filter Baskets for a Fuller Coffee Experience","Pesado He[%] Basket - Large","PSD-HE-LG","2025-08-01","United States","2025-08-20",1,71.5,0,0,71.5,0,71.5
"Hybrid LM/E61/NS/GA Portafilter - Versatile Bottomless & Spouted","E61 5mm / Black | Riga","PF02MVBK-Riga-HY","2025-08-01","United States","2025-08-05",1,145,0,0,145,0,145
"Hybrid Breville 54/58mm Portafilter - Versatile and Easy to Use","Breville 58 / Black | Dusk","PF02BR58-BDK-HY","2025-08-01","Australia","2025-08-17",1,109.55,0,0,109.55,10.95,120.5
"53.5 & 58.5mm Puck Diffuser Screen","53.5mm","PSD-puck-54","2025-08-01","United States","2025-08-19",1,22,0,0,22,0,22
"Pesado Black Ripple Set","Black Ripple Set","PSDBlackRippleSet","2025-08-01","Singapore","2025-08-15",1,56.18,0,0,56.18,0,56.18
"High Extraction He[%] Filter Baskets for a Fuller Coffee Experience","Pesado He[%] Basket - Medium","PSD-HE-ME","2025-08-01","Australia","2025-08-10",3,151.1,0,0,151.1,15.12,166.22
"High Diffusion Espresso Shower Screen","54 - HD Shower Screen","PSD-HD-54","2025-08-01","Australia","2025-08-10",27,1200.65,-13.32,0,1187.33,118.8,1306.13
"Full Moon Wave - Convex Tamper","Black | Bronze","PSDT-WAVE-BBZ","2025-08-01","Australia","2025-08-14",-1,0,0,-85.66,-85.66,-8.57,-94.23
"Bottomless LM/E61/NS/GA Portafilter (Hybrid)","E61 5mm / Black / Riga","PF00MVBK-Riga-HY","2025-08-01","Germany","2025-08-17",1,122.85,0,0,122.85,0,122.85
"Sunrise Ceramic Coffee Cup and Saucer Set (White)","Default Title","PSD-CeramicSet","2025-08-01","Australia","2025-08-14",7,62.41,0,0,62.41,6.24,68.65
"High Extraction He[%] Filter Baskets for a Fuller Coffee Experience","Pesado He[%] Basket - X-Large","PSD-HE-XL","2025-08-01","United States","2025-08-07",4,260,-6.5,0,253.5,0,253.5
"Bottomless Breville 54/58 Portafilter (Hybrid)","Breville 54mm / Black / Riga","PF00BR54BK-Riga-HY","2025-08-01","United States","2025-08-07",1,120,0,0,120,0,120
"53.5 & 58.5mm Puck Diffuser Screen","53.5mm","PSD-puck-54","2025-08-01","United States","2025-08-06",2,60,0,-20,40,0,40
"Dusk & Haze Clump Crusher (WDT tool)","Dusk","PSDcrusher-Dusk","2025-08-01","Singapore","2025-08-15",1,35.11,0,0,35.11,0,35.11
"High Diffusion Espresso Shower Screen","E61 - HD Shower Screen","PSD-HD-E61","2025-08-01","United States","2025-08-20",2,129.8,0,0,129.8,0,129.8
"Hybrid LM/E61/NS/GA Portafilter - Versatile Bottomless & Spouted","E61 5mm / Black | Riga","PF02MVBK-Riga-HY","2025-08-01","Australia","2025-08-07",1,115.69,0,0,115.69,11.57,127.26
"Pesado EP Filter Basket","EP-20g","EP-20g","2025-08-01","Australia","2025-08-20",1,17.54,-1.75,0,15.79,1.58,17.37
"Precision Espresso Portafilter & Basket Bundle - LM & E61","La Marzocco 6mm / Black","PRE_SET","2025-08-01","United States","2025-08-15",1,199.98,0,0,199.98,0,199.98
"Dosing Cup","54mm Dosing Cup / Black","PSDdosingCup-BK-54","2025-08-01","United States","2025-08-02",1,26.25,0,0,26.25,0,26.25
"Pesado Portafilter Tamping Station","Default Title","PSD-TampingStation","2025-08-01","United States","2025-08-03",1,119.99,-12,0,107.99,0,107.99
"Breville 54mm Portafilter & Basket Precision Bundle","Black","PRE-BR54-SET","2025-08-01","Australia","2025-08-14",2,298.56,-14.9,0,283.66,28.37,312.03
"High Diffusion Espresso Shower Screen","54 - HD Shower Screen","PSD-HD-54","2025-08-01","United States","2025-08-18",19,1100,-24.2,-55,1020.8,0,1020.8
"Magnetic Espresso Dosing Ring","54mm Dosing Ring / Black","V2-PSDring-54mm","2025-08-01","Australia","2025-08-02",1,19.71,-1.97,0,17.74,1.77,19.51
"Pesado EP Filter Basket","EP-Breville54-18g","EP-BR-18g","2025-08-01","United States","2025-08-09",3,60,-4,0,56,0,56
"Magnetic Espresso Dosing Ring","58mm Dosing Ring / Black","V2-PSDring-58mm","2025-08-01","United States","2025-08-03",1,22.5,-5.55,0,16.95,0,16.95
"Precision Cut Espresso & Coffee Tamper Base for Maximum Yield","58mm Base","PSDTBase","2025-08-01","Australia","2025-08-05",1,41.17,0,0,41.17,4.12,45.29
"Pesado 58.5 Portafilter Hybrid Head - Versatile & Easy to Use","Breville 58mm Hybrid","PFH02BR58-HY","2025-08-01","Australia","2025-08-12",1,71.09,-7.1,0,63.99,6.4,70.39
"Bottomless LM/E61/NS/GA Portafilter (Hybrid)","E61 5mm / Black Full POM","PF00MV-FullPOM-HY","2025-08-01","Oman","2025-08-06",1,90,0,0,90,0,90
"Magnetic Espresso Dosing Ring","58mm Dosing Ring / Black","V2-PSDring-58mm","2025-08-01","Australia","2025-08-04",1,19.7,-1.97,0,17.73,1.77,19.5
"Magnetic Espresso Dosing Ring","54mm Dosing Ring / White","WH-V2-PSDring-54mm","2025-08-01","United States","2025-08-17",1,24.75,0,0,24.75,0,24.75
"Pesado EP Filter Basket","EP-Breville54-18g","EP-BR-18g","2025-08-01","Australia","2025-08-09",4,71.16,-5.34,0,65.82,6.58,72.4
"High Diffusion Espresso Shower Screen","E61 - HD Shower Screen","PSD-HD-E61","2025-08-01","United States","2025-08-04",7,413,-18.88,0,394.12,0,394.12
"Gravity Coffee Distributor 53.5mm","54 mm","PSD-distributor-54m","2025-08-01","United States","2025-08-14",1,121,0,0,121,0,121
"53.5 & 58.5mm Puck Diffuser Screen","53.5mm","PSD-puck-54","2025-08-01","Australia","2025-08-14",2,32.55,-1.95,0,30.6,3.06,33.66
"Magnetic Espresso Dosing Ring","54mm Dosing Ring / Black","V2-PSDring-54mm","2025-08-01","United States","2025-08-05",1,22.5,0,0,22.5,0,22.5
"Pesado EP Filter Basket","EP-Breville54-20g","EP-BR-20g","2025-08-01","United States","2025-08-13",2,44,-2.2,0,41.8,0,41.8
"53.5 & 58.5mm Puck Diffuser Screen","58.5mm","PSD-puck","2025-08-01","United States","2025-08-10",2,40,-4,0,36,0,36
"High Extraction He[%] Filter Baskets for a Fuller Coffee Experience","Pesado He[%] Basket - Small","PSD-HE-SM","2025-08-01","Denmark","2025-08-02",1,66.3,-7.96,0,58.34,0,58.34
"High Extraction He[%] 54mm Breville Filter Basket - Dosing 18g-20g","Default Title","PSD-HE-54","2025-08-01","United States","2025-08-06",5,325,0,0,325,0,325
"Pesado EP Filter Basket","EP-Breville54-20g","EP-BR-20g","2025-08-01","Australia","2025-08-18",10,177.38,-15.95,0,161.43,16.13,177.56
"Pesado Portafilter Tamping Station","Default Title","PSD-TampingStation","2025-08-01","United States","2025-08-10",1,119.99,-11.99,0,108,0,108
"Crusher Threaded Pin Assembly for DIY WDT Tool","4 pack of WDT pins","PSD-removablepins","2025-08-01","Australia","2025-08-04",1,0.59,0,0,0.59,0.06,0.65
"Precision 58mm Breville Bundle: 58mm Portafilter & He[%] Basket","Black","PRE-BR58-SET","2025-08-01","Australia","2025-08-18",2,329.39,0,0,329.39,32.93,362.32
"Hybrid Breville 54/58mm Portafilter - Versatile and Easy to Use","Breville 54 / Black | Riga","PF02BR54BK-Riga-HY","2025-08-01","United States","2025-08-15",1,159.5,-15.95,0,143.55,0,143.55
"Dosing Cup","54mm Dosing Cup / Black","PSDdosingCup-BK-54","2025-08-01","United States","2025-08-11",1,26.25,0,0,26.25,0,26.25
"Portafilter with a Double Spout for Espresso Machines","Breville 54 / Black | Bronze","PF02BR54-BBZ","2025-08-01","United States","2025-08-14",1,123.2,-12.32,0,110.88,0,110.88
"Crusher Threaded Pin Assembly for DIY WDT Tool","WDT pin assembly (0.3mm)","PSD-PinUP","2025-08-01","New Zealand","2025-08-19",1,16.14,0,0,16.14,0,16.14
"High Extraction He[%] 54mm Breville Filter Basket - Dosing 18g-20g","Default Title","PSD-HE-54","2025-08-01","Australia","2025-08-19",1,49.72,-4.97,0,44.75,4.48,49.23
"High Diffusion Espresso Shower Screen","MV - HD Shower Screen","PSD-HD-MV","2025-08-01","United States","2025-08-17",14,907.5,-20.57,-49.5,837.43,0,837.43
"High Diffusion Espresso Shower Screen","E61 - HD Shower Screen","PSD-HD-E61","2025-08-01","Australia","2025-08-17",3,225.09,0,-56.26,168.83,16.89,185.72
"High Diffusion Espresso Shower Screen","LM - HD Shower Screen","PSD-HD-LM","2025-08-01","United States","2025-08-09",4,220,0,0,220,0,220
"53.5 & 58.5mm Puck Diffuser Screen","58.5mm","PSD-puck","2025-08-01","Netherlands","2025-08-09",1,20.9,0,0,20.9,0,20.9
"Precision 58mm Breville Bundle: 58mm Portafilter & He[%] Basket","White","PRE-BR58-WHSET","2025-08-01","United States","2025-08-17",1,199.98,0,0,199.98,0,199.98
"Magnetic Espresso Dosing Ring","58mm Dosing Ring / White","WH-V2-PSDring-58mm","2025-08-01","United States","2025-08-16",1,24.75,0,0,24.75,0,24.75
"Maximum Distribution Bundle","Black","DistributionBundle","2025-08-01","United States","2025-08-15",1,212.7,0,0,212.7,0,212.7
"Coffee Tamper: 58.5mm & 53.5mm","58.5mm / Black / Riga","PSDTMBKRiga","2025-08-01","Australia","2025-08-10",1,77.09,0,0,77.09,7.71,84.8
"Coffee Tamper: 58.5mm & 53.5mm","58.5mm With Black Base / Raya","PSDT-BKBase-Raya","2025-08-01","United States","2025-08-18",1,107.25,-10.72,0,96.53,0,96.53
"53.5 & 58.5mm Puck Diffuser Screen","58.5mm","PSD-puck","2025-08-01","Australia","2025-08-05",3,48.45,-3.22,0,45.23,4.52,49.75
"High Diffusion Espresso Shower Screen","54 - HD Shower Screen","PSD-HD-54","2025-08-01","Australia","2025-08-03",24,1059.13,-19.39,0,1039.74,103.95,1143.69
"Bottomless Breville 54/58 Portafilter (Hybrid)","Breville 58mm / White / Silver","PF00BR58-WSL-HY","2025-08-01","Australia","2025-08-12",1,88.69,-8.87,0,79.82,7.98,87.8
"High Extraction He[%] Filter Baskets for a Fuller Coffee Experience","Pesado He[%] Basket - Medium","PSD-HE-ME","2025-08-01","Australia","2025-08-03",4,200.07,0,0,200.07,20.01,220.08
"Bottomless Breville 54/58 Portafilter (Hybrid)","Breville 54mm / Black / Black","PF00BR54-BBK-HY","2025-08-01","Australia","2025-08-18",1,88.78,0,0,88.78,8.88,97.66
"Dosing Cup","54mm Dosing Cup / Black","PSDdosingCup-BK-54","2025-08-01","Australia","2025-08-19",1,20.66,0,0,20.66,2.06,22.72
"High Extraction He[%] Filter Baskets for a Fuller Coffee Experience","Pesado He[%] Basket - Large","PSD-HE-LG","2025-08-01","Australia","2025-08-12",3,151.04,-5.04,0,146,14.6,160.6
"Modular Puck Screen Holder - Aluminum Matte Black","Default Title","PSD-PuckHolder","2025-08-01","United States","2025-08-05",1,20,0,0,20,0,20
"53.5 & 58.5mm Puck Diffuser Screen","58.5mm","PSD-puck","2025-08-01","United States","2025-08-03",4,80,-4.94,0,75.06,0,75.06
"Impact Gravity Espresso Grounds Distributor (58.4mm)","Black","V2-PSD-distributor","2025-08-01","Spain","2025-08-06",1,122.68,0,0,122.68,0,122.68
"Breville 54mm Portafilter & Basket Precision Bundle","Black","PRE-BR54-SET","2025-08-01","United States","2025-08-16",1,199.98,0,0,199.98,0,199.98
"High Extraction He[%] Filter Baskets for a Fuller Coffee Experience","Pesado He[%] Basket - X-Large","PSD-HE-XL","2025-08-01","Australia","2025-08-07",1,50.42,0,0,50.42,5.04,55.46
"High Diffusion Espresso Shower Screen","MV - HD Shower Screen","PSD-HD-MV","2025-08-01","Australia","2025-08-09",26,1356.79,-43.78,0,1313.01,131.34,1444.35
"Hybrid Breville 54/58mm Portafilter - Versatile and Easy to Use","Breville 54 / White Full POM","PF02BR54-WHPOM-HY","2025-08-01","Australia","2025-08-01",1,90.47,-9.04,0,81.43,8.14,89.57
"High Extraction He[%] Filter Baskets for a Fuller Coffee Experience","Pesado He[%] Basket - Medium","PSD-HE-ME","2025-08-01","United States","2025-08-12",5,325,-14.3,0,310.7,0,310.7
"Modular Portafilter Handles","Black / Riga","PSDHMODBKRIGA","2025-08-01","United States","2025-08-11",1,55,0,0,55,0,55
"Magnetic Espresso Dosing Ring","58mm Dosing Ring / Black","V2-PSDring-58mm","2025-08-01","United States","2025-08-10",2,45,-2.25,0,42.75,0,42.75
"Bottomless Breville 54/58 Portafilter (Hybrid)","Breville 54mm / Black Full POM","PF00BR54-FullPOM-HY","2025-08-01","United States","2025-08-18",1,99,0,0,99,0,99
"Magnetic Espresso Dosing Ring","54mm Dosing Ring / White","WH-V2-PSDring-54mm","2025-08-01","Australia","2025-08-03",1,19.71,-1.97,0,17.74,1.77,19.51
"Stand for (WDT) Clump Crusher 2.0","Default Title","V2-PSDcrusher-Stand","2025-08-01","Australia","2025-08-08",1,16.96,0,0,16.96,1.7,18.66
"Depth Adjuster","Default Title","PSdepth","2025-08-01","Canada","2025-08-17",1,46.31,-4.63,0,41.68,0,41.68
"High Extraction He[%] Filter Baskets for a Fuller Coffee Experience","Pesado He[%] Basket - Large","PSD-HE-LG","2025-08-01","Australia","2025-08-09",3,151.23,-15.09,0,136.14,13.59,149.73
"Coffee Tamper: 58.5mm & 53.5mm","58.5mm / White / Haze","PSDTMWHz","2025-08-01","Australia","2025-08-03",1,70.61,0,0,70.61,7.06,77.67
"Hybrid Breville 54/58mm Portafilter - Versatile and Easy to Use","Breville 58 / White Full POM","PF02BR58-WHPOM-HY","2025-08-01","United States","2025-08-06",1,115,0,0,115,0,115
"Pesado EP Filter Basket","EP-Breville54-20g","EP-BR-20g","2025-08-01","United States","2025-08-01",3,60,-4,0,56,0,56
"Precision Espresso Portafilter & Basket Bundle - LM & E61","E61 5mm / Black","PRE_SETMV","2025-08-01","United States","2025-08-14",-1,0,0,-202,-202,0,-202
"Bottomless LM/E61/NS/GA Portafilter (Hybrid)","E61 5mm / White / Silver","PF00MV-WSL-HY","2025-08-01","United States","2025-08-13",1,123.2,-14.78,0,108.42,0,108.42
"Breville 54mm Portafilter & Basket Precision Bundle","Black","PRE-BR54-SET","2025-08-01","United States","2025-08-05",1,202,0,0,202,0,202
"High Diffusion Espresso Shower Screen","MV - HD Shower Screen","PSD-HD-MV","2025-08-01","United States","2025-08-20",2,121,0,0,121,0,121
"Spring-Loaded Self-Leveling Tamper – Pesado x AD Coffee","Default Title","PSD-ADcoffee-Tamper","2025-08-01","United States","2025-08-14",-1,0,0,-120,-120,0,-120
"High Extraction He[%] Filter Baskets for a Fuller Coffee Experience","Pesado He[%] Basket - X-Large","PSD-HE-XL","2025-08-01","Australia","2025-08-18",1,50.37,-6.04,0,44.33,4.43,48.76
"Bottomless Breville 54/58 Portafilter (Hybrid)","Breville 54mm / White / Iris","PF00BR54WH-Iris-HY","2025-08-01","Singapore","2025-08-10",-1,0,0,-122.89,-122.89,0,-122.89
"High Diffusion Espresso Shower Screen","MV - HD Shower Screen","PSD-HD-MV","2025-08-01","Australia","2025-08-12",24,1250.42,-49.98,0,1200.44,120.01,1320.45
"Gravity Coffee Distributor 53.5mm","54 mm","PSD-distributor-54m","2025-08-01","United States","2025-08-02",1,110,0,0,110,0,110
"Bottomless Breville 54/58 Portafilter (Hybrid)","Breville 58mm / White Full POM","PF00BR58-WHPOM-HY","2025-08-01","Australia","2025-08-11",1,65.16,0,0,65.16,6.52,71.68
"Magnetic Espresso Dosing Ring","54mm Dosing Ring / Black","V2-PSDring-54mm","2025-08-01","Australia","2025-08-14",1,19.79,0,0,19.79,1.98,21.77
"High Extraction He[%] Filter Baskets for a Fuller Coffee Experience","Pesado He[%] Basket - Medium","PSD-HE-ME","2025-08-01","United States","2025-08-09",3,195,-14.3,0,180.7,0,180.7
"Wooden Clump Crusher - WDT Distribution Tool for Fluffy Espresso Puck","Riga","PSDcrusherRIGA","2025-08-01","United States","2025-08-05",1,34.35,0,0,34.35,0,34.35
"Stand for (WDT) Clump Crusher 2.0","Default Title","V2-PSDcrusher-Stand","2025-08-01","Australia","2025-08-13",1,17.05,-1.7,0,15.35,1.53,16.88
"Bottomless Breville 54/58 Portafilter (Hybrid)","Breville 54mm / Black Full POM","PF00BR54-FullPOM-HY","2025-08-01","United States","2025-08-07",1,90,0,0,90,0,90
"High Diffusion Espresso Shower Screen","MV - HD Shower Screen","PSD-HD-MV","2025-08-01","Israel","2025-08-19",1,56.2,-5.62,0,50.58,0,50.58
"Crusher Threaded Pin Assembly for DIY WDT Tool","4 pack of WDT pins","PSD-removablepins","2025-08-01","Australia","2025-08-17",4,2.37,0,0,2.37,0.23,2.6
"Hybrid Breville 54/58mm Portafilter - Versatile and Easy to Use","Breville 58 / White | Silver","PF02BR58-WSL-HY","2025-08-01","Australia","2025-08-06",1,109.37,0,0,109.37,10.94,120.31
"High Extraction He[%] 54mm Breville Filter Basket - Dosing 18g-20g","Default Title","PSD-HE-54","2025-08-01","United States","2025-08-19",1,71.5,0,0,71.5,0,71.5
"Pesado EP Filter Basket","EP-Breville54-20g","EP-BR-20g","2025-08-01","Australia","2025-08-07",1,17.77,-1.77,0,16,1.6,17.6
"Bottomless LM/E61/NS/GA Portafilter (Hybrid)","E61 5mm / Black / Haze","PF00MV-BHZ-HY","2025-08-01","United States","2025-08-03",1,120,-29.63,0,90.37,0,90.37
"Impact Gravity Espresso Grounds Distributor (58.4mm)","Black","V2-PSD-distributor","2025-08-01","United States","2025-08-04",2,240,0,0,240,0,240
"High Diffusion Espresso Shower Screen","MV - HD Shower Screen","PSD-HD-MV","2025-08-01","United States","2025-08-04",9,495,0,0,495,0,495
"High Extraction He[%] 54mm Breville Filter Basket - Dosing 18g-20g","Default Title","PSD-HE-54","2025-08-01","Australia","2025-08-06",3,150.56,-5.01,0,145.55,14.56,160.11
"High Diffusion Espresso Shower Screen","LM - HD Shower Screen","PSD-HD-LM","2025-08-01","United States","2025-08-12",1,55,0,0,55,0,55
"Coffee Tamper: 58.5mm & 53.5mm","58.5mm With Black Base / Black / Black","PSDT-BKBase-BBK","2025-08-01","Australia","2025-08-03",1,70.73,-8.49,0,62.24,6.22,68.46
"High Diffusion Espresso Shower Screen","E61 - HD Shower Screen","PSD-HD-E61","2025-08-01","Australia","2025-08-04",1,55.92,-5.59,0,50.33,5.03,55.36
"Bottomless Breville 54/58 Portafilter (Hybrid)","Breville 58mm / Black Full POM","PF00BR58-FullPOM-HY","2025-08-01","Australia","2025-08-11",1,65.07,0,0,65.07,6.51,71.58
"Bottomless Breville 54/58 Portafilter (Hybrid)","Breville 54mm / Black Full POM","PF00BR54-FullPOM-HY","2025-08-01","Australia","2025-08-16",1,65.06,-6.5,0,58.56,5.86,64.42
"Pesado Single Dose Coffee Cellar Stand + 4 Pack of Bean Cellars","Default Title","PSD-Beanstand-combo","2025-08-01","United States","2025-08-08",1,75,0,0,75,0,75
"Bottomless LM/E61/NS/GA Portafilter (Hybrid)","Gaggia / Black / Bronze","PF00GA-BBZ-HY","2025-08-01","United States","2025-08-13",1,123.2,-12.32,0,110.88,0,110.88
"Sunrise Ceramic Coffee Cup and Saucer Set (White)","Default Title","PSD-CeramicSet","2025-08-01","Australia","2025-08-02",2,17.66,0,0,17.66,1.76,19.42
"Stainless Steel Milk Jug With Round Spout - 16.5oz / 490ml","Default Title","PSDjugWH","2025-08-01","Australia","2025-08-04",1,31.76,-3.8,0,27.96,2.8,30.76
"Coffee Tamper: 58.5mm & 53.5mm","53.5mm / Black / Dusk","PSDT-53.5-BDK","2025-08-01","Australia","2025-08-18",1,71.12,0,0,71.12,7.11,78.23
"Pesado Black Ripple Set","Precision Barista Jug Sharp Spout","PSDjug-BK","2025-08-01","Australia","2025-08-13",1,32.13,0,0,32.13,3.21,35.34
"High Diffusion Espresso Shower Screen","MV - HD Shower Screen","PSD-HD-MV","2025-08-01","United States","2025-08-16",5,302.5,-6.05,0,296.45,0,296.45
"Portafilter with a Double Spout for Espresso Machines","Breville 54 / White | Riga","PF02BR54WH-Riga","2025-08-01","United States","2025-08-18",1,132,0,0,132,0,132
"Pesado Portafilter Tamping Station","Default Title","PSD-TampingStation","2025-08-01","Australia","2025-08-08",1,106.78,0,0,106.78,10.68,117.46
"High Diffusion Espresso Shower Screen","E61 - HD Shower Screen","PSD-HD-E61","2025-08-01","Australia","2025-08-16",3,168.6,0,0,168.6,16.86,185.46
"Stainless Steel Milk Jug With Round Spout - 16.5oz / 490ml","Default Title","PSDjugWH","2025-08-01","United States","2025-08-01",1,34.35,0,0,34.35,0,34.35
"High Extraction He[%] 54mm Breville Filter Basket - Dosing 18g-20g","Default Title","PSD-HE-54","2025-08-01","Australia","2025-08-18",1,50.31,0,0,50.31,5.03,55.34
"Modular Puck Screen Holder - Aluminum Matte Black","Default Title","PSD-PuckHolder","2025-08-01","United States","2025-08-20",1,22,0,0,22,0,22
"High Extraction He[%] 54mm Breville Filter Basket - Dosing 18g-20g","Default Title","PSD-HE-54","2025-08-01","United States","2025-08-07",2,130,0,0,130,0,130
"Pesado EP Filter Basket","EP-Breville54-20g","EP-BR-20g","2025-08-01","Australia","2025-08-19",5,88.38,-9.18,0,79.2,7.91,87.11
"Coffee Tamper: 58.5mm & 53.5mm","53.5mm / Black / Dusk","PSDT-53.5-BDK","2025-08-01","Australia","2025-08-06",1,70.95,-8.51,0,62.44,6.24,68.68
"Stand for (WDT) Clump Crusher 2.0","Default Title","V2-PSDcrusher-Stand","2025-08-01","Japan","2025-08-01",1,18.61,-2.23,0,16.38,0,16.38
"High Diffusion Espresso Shower Screen","54 - HD Shower Screen","PSD-HD-54","2025-08-01","Australia","2025-08-02",28,1235.59,-18.5,0,1217.09,121.65,1338.74
"Pesado EP Filter Basket","EP-22g","EP-22g","2025-08-01","United States","2025-08-07",1,20,0,0,20,0,20
"High Extraction He[%] Filter Baskets for a Fuller Coffee Experience","Pesado He[%] Basket - Medium","PSD-HE-ME","2025-08-01","Chile","2025-08-03",1,65,-6.5,0,58.5,0,58.5
"53.5 & 58.5mm Puck Diffuser Screen","58.5mm","PSD-puck","2025-08-01","Australia","2025-08-04",3,48.48,-3.23,0,45.25,4.53,49.78
"Pesado EP Filter Basket","EP-Breville54-18g","EP-BR-18g","2025-08-01","Australia","2025-08-01",5,87.86,-8.77,0,79.09,7.9,86.99
"Stainless Steel Clump Crusher V2.0 (WDT espresso distribution tool)","Bronze","V2-PSDcrusher-Bronze","2025-08-01","United States","2025-08-13",1,37.79,-3.78,0,34.01,0,34.01
"High Diffusion Espresso Shower Screen","MV - HD Shower Screen","PSD-HD-MV","2025-08-01","Australia","2025-08-08",25,1304.33,-16.68,0,1287.65,128.79,1416.44
"High Extraction He[%] Filter Baskets for a Fuller Coffee Experience","Pesado He[%] Basket - X-Large","PSD-HE-XL","2025-08-01","Australia","2025-08-06",1,50.23,-6.02,0,44.21,4.42,48.63
"Impact Gravity Espresso Grounds Distributor (58.4mm)","White","WH-V2-PSD-distributor","2025-08-01","Saudi Arabia","2025-08-19",1,122.59,0,0,122.59,0,122.59
"High Extraction He[%] Filter Baskets for a Fuller Coffee Experience","Pesado He[%] Basket - Large","PSD-HE-LG","2025-08-01","Australia","2025-08-13",1,50.62,-5.06,0,45.56,4.55,50.11
"Impact Gravity Espresso Grounds Distributor (58.4mm)","Black","V2-PSD-distributor","2025-08-01","Australia","2025-08-08",1,109.67,0,0,109.67,10.97,120.64
"53.5 & 58.5mm Puck Diffuser Screen","58.5mm","PSD-puck","2025-08-01","United States","2025-08-02",1,20,0,0,20,0,20
"Modular Puck Screen Holder - Aluminum Matte Black","Default Title","PSD-PuckHolder","2025-08-01","United States","2025-08-04",1,20,-2,0,18,0,18
"Precision Espresso Portafilter & Basket Bundle - LM & E61","E61 5mm / Black","PRE_SETMV","2025-08-01","United States","2025-08-10",-1,0,0,-154.53,-154.53,0,-154.53
"Modular Puck Screen Holder - Aluminum Matte Black","Default Title","PSD-PuckHolder","2025-08-01","Australia","2025-08-03",2,35.36,-4.41,0,30.95,3.09,34.04
"Bottomless Breville 54/58 Portafilter (Hybrid)","Breville 54mm / Black Full POM","PF00BR54-FullPOM-HY","2025-08-01","United States","2025-08-19",-1,0,0,-99,-99,0,-99
"Stand for (WDT) Clump Crusher 2.0","Default Title","V2-PSDcrusher-Stand","2025-08-01","Australia","2025-08-09",1,16.96,0,0,16.96,1.7,18.66
"53.5 & 58.5mm Puck Diffuser Screen","58.5mm","PSD-puck","2025-08-01","Australia","2025-08-20",3,48.27,0,0,48.27,4.83,53.1
"Pesado EP Filter Basket","EP-Breville54-18g","EP-BR-18g","2025-08-01","United States","2025-08-01",6,120,-10.4,0,109.6,0,109.6
"High Extraction He[%] Filter Baskets for a Fuller Coffee Experience","Pesado He[%] Basket - Medium","PSD-HE-ME","2025-08-01","United States","2025-08-13",4,357.5,-22.88,-65,269.62,0,269.62
"Hybrid Breville 54/58mm Portafilter - Versatile and Easy to Use","Breville 54 / Black Full POM","PF02BR54-FullPOM-HY","2025-08-01","United States","2025-08-20",1,126.5,0,0,126.5,0,126.5
"Stainless Steel Clump Crusher V2.0 (WDT espresso distribution tool)","Bronze","V2-PSDcrusher-Bronze","2025-08-01","United States","2025-08-08",1,34.35,-4.12,0,30.23,0,30.23
"High Extraction He[%] Filter Baskets for a Fuller Coffee Experience","Pesado He[%] Basket - X-Large","PSD-HE-XL","2025-08-01","Australia","2025-08-19",1,54.86,-54.86,0,0,0,0
"Pesado EP Filter Basket","EP-18g","EP-18g","2025-08-01","United States","2025-08-10",1,20,0,0,20,0,20
"Gravity Coffee Distributor 53.5mm","54 mm","PSD-distributor-54m","2025-08-01","United States","2025-08-03",2,220,-22,0,198,0,198
"Bottomless Breville 54/58 Portafilter (Hybrid)","Breville 54mm / White Full POM","PF00BR54-WHPOM-HY","2025-08-01","Australia","2025-08-17",1,65.19,-6.51,0,58.68,5.87,64.55
"High Diffusion Espresso Shower Screen","MV - HD Shower Screen","PSD-HD-MV","2025-08-01","Australia","2025-08-13",24,1257.65,-27.24,0,1230.41,123.04,1353.45
"53.5 & 58.5mm Puck Diffuser Screen","53.5mm","PSD-puck-54","2025-08-01","Australia","2025-08-03",2,32.36,0,0,32.36,3.24,35.6
"High Diffusion Espresso Shower Screen","54 - HD Shower Screen","PSD-HD-54","2025-08-01","United Kingdom","2025-08-20",1,51.11,-5.11,0,46,0,46
"Dosing Cup","54mm Dosing Cup / White","PSDdosingCup-WH-54","2025-08-01","United States","2025-08-16",1,28.88,0,0,28.88,0,28.88
"Hybrid Breville 54/58mm Portafilter - Versatile and Easy to Use","Breville 54 / Black | Silver","PF02BR54-BSL-HY","2025-08-01","United States","2025-08-02",1,137,-16.44,0,120.56,0,120.56
"High Extraction He[%] Filter Baskets for a Fuller Coffee Experience","Pesado He[%] Basket - Large","PSD-HE-LG","2025-08-01","Australia","2025-08-08",4,201.61,-17.63,0,183.98,18.39,202.37
"Bottomless Breville 54/58 Portafilter (Hybrid)","Breville 54mm / White / Riga","PF00BR54WH-Riga-HY","2025-08-01","United States","2025-08-09",1,120,-12,0,108,0,108
"High Extraction He[%] Filter Baskets for a Fuller Coffee Experience","Pesado He[%] Basket - Medium","PSD-HE-ME","2025-08-01","Saudi Arabia","2025-08-16",1,66.36,-6.64,0,59.72,0,59.72
"Modular Puck Screen Holder - Aluminum Matte Black","Default Title","PSD-PuckHolder","2025-08-01","United States","2025-08-17",0,22,0,-18,4,0,4
"Dosing Cup","54mm Dosing Cup / Black","PSDdosingCup-BK-54","2025-08-01","Australia","2025-08-07",1,20.75,-2.07,0,18.68,1.87,20.55
"Bottomless Breville 54/58 Portafilter (Hybrid)","Breville 54mm / Black / Bronze","PF00BR54-BBZ-HY","2025-08-01","United States","2025-08-12",1,112,0,0,112,0,112
"Precision Cut Espresso & Coffee Tamper Base for Maximum Yield","58mm Base Black","BKPSDTBase","2025-08-01","Singapore","2025-08-17",1,51.45,-6.17,0,45.28,0,45.28
"Bottomless Breville 54/58 Portafilter (Hybrid)","Breville 54mm / Black Full POM","PF00BR54-FullPOM-HY","2025-08-01","United States","2025-08-06",0,90,0,-90,0,0,0
"Dusk & Haze Clump Crusher (WDT tool)","Dusk","PSDcrusher-Dusk","2025-08-01","United States","2025-08-09",1,34.35,0,0,34.35,0,34.35
"High Extraction He[%] Filter Baskets for a Fuller Coffee Experience","Pesado He[%] Basket - Medium","PSD-HE-ME","2025-08-01","United States","2025-08-08",2,130,0,0,130,0,130
"High Diffusion Espresso Shower Screen","MV - HD Shower Screen","PSD-HD-MV","2025-08-01","United States","2025-08-05",5,330,-16.5,-49.5,264,0,264
"High Extraction He[%] 54mm Breville Filter Basket - Dosing 18g-20g","Default Title","PSD-HE-54","2025-08-01","Australia","2025-08-07",1,50.41,-5.04,0,45.37,4.53,49.9
"High Diffusion Espresso Shower Screen","LM - HD Shower Screen","PSD-HD-LM","2025-08-01","United States","2025-08-13",1,60.5,0,0,60.5,0,60.5
"Pesado Portafilter Tamping Station","Default Title","PSD-TampingStation","2025-08-01","Australia","2025-08-13",1,107.08,0,0,107.08,10.71,117.79
"Wooden Leva Accents","Iris","PSDleva-Iris","2025-08-01","Singapore","2025-08-09",1,21,0,0,21,0,21
"High Diffusion Espresso Shower Screen","E61 - HD Shower Screen","PSD-HD-E61","2025-08-01","Australia","2025-08-05",1,55.74,0,0,55.74,5.58,61.32
"Naked/Bottomless Portafilter - Head Only (HYBRID)","E61 5mm","PFH00MV-HY","2025-08-01","Australia","2025-08-01",1,55.59,0,0,55.59,5.56,61.15
"Crusher Threaded Pin Assembly for DIY WDT Tool","4 pack of WDT pins","PSD-removablepins","2025-08-01","Australia","2025-08-16",2,1.18,0,0,1.18,0.12,1.3
"Bottomless Breville 54/58 Portafilter (Hybrid)","Breville 58mm / Black / Silver","PF00BR58-BSL-HY","2025-08-01","Australia","2025-08-02",1,88.25,-8.82,0,79.43,7.94,87.37
"Breville 54mm Portafilter & Basket Precision Bundle","Black","PRE-BR54-SET","2025-08-01","United States","2025-08-20",1,222.2,0,0,222.2,0,222.2
"Alloy Modular Stand for Clump Crusher (WDT tool)","Default Title","PSDcrusher-Stand","2025-08-01","United States","2025-08-07",1,18,0,0,18,0,18
"Hybrid Breville 54/58mm Portafilter - Versatile and Easy to Use","Breville 54 / White | Dusk","PF02BR54-WDK-HY","2025-08-01","Australia","2025-08-04",1,109,0,0,109,10.9,119.9
"Bottomless Breville 54/58 Portafilter (Hybrid)","Breville 58mm / Black / Iris","PF00BR58BK-Iris-HY","2025-08-01","Australia","2025-08-10",1,94.89,0,0,94.89,9.49,104.38
"Dosing Cup","58mm Dosing Cup / White","PSDdosingCup-WH","2025-08-01","Australia","2025-08-11",1,20.74,0,0,20.74,2.07,22.81
"Stainless Steel Clump Crusher V2.0 (WDT espresso distribution tool)","Black","V2-PSDcrusher-Black","2025-08-01","Australia","2025-08-03",1,25.94,-3.9,0,22.04,2.2,24.24
"Crusher Threaded Pin Assembly for DIY WDT Tool","WDT pin assembly (0.3mm)","PSD-PinUP","2025-08-01","United States","2025-08-16",2,30.8,0,0,30.8,0,30.8
"Maximum Distribution Bundle","Black","DistributionBundle","2025-08-01","United States","2025-08-11",1,214.85,0,0,214.85,0,214.85
"Sunrise Ceramic Coffee Cup and Saucer Set (White)","Default Title","PSD-CeramicSet","2025-08-01","Australia","2025-08-03",2,17.66,-10.15,0,7.51,0.75,8.26
"53.5 & 58.5mm Puck Diffuser Screen","58.5mm","PSD-puck","2025-08-01","Australia","2025-08-17",1,16.26,0,0,16.26,1.63,17.89
"High Extraction He[%] Filter Baskets for a Fuller Coffee Experience","Pesado He[%] Basket - Large","PSD-HE-LG","2025-08-01","United States","2025-08-05",7,455,-19.5,0,435.5,0,435.5
"Pesado EP Filter Basket","EP-Breville54-18g","EP-BR-18g","2025-08-01","United States","2025-08-13",3,66,-4.4,0,61.6,0,61.6
"Distribution Bundle","58mm Distribution Bundle / Black","DISTR_B","2025-08-01","United States","2025-08-02",1,172.35,0,0,172.35,0,172.35
"High Extraction He[%] Filter Baskets for a Fuller Coffee Experience","Pesado He[%] Basket - Medium","PSD-HE-ME","2025-08-01","United States","2025-08-01",2,125.74,-6.07,0,119.67,3.83,123.5
"Bottomless LM/E61/NS/GA Portafilter (Hybrid)","E61 5mm / Black / Riga","PF00MVBK-Riga-HY","2025-08-01","South Korea","2025-08-10",2,245.08,0,0,245.08,0,245.08
"Alloy Modular Stand for Clump Crusher (WDT tool)","Default Title","PSDcrusher-Stand","2025-08-01","Australia","2025-08-18",1,16.93,0,0,16.93,1.69,18.62
"Naked/Bottomless Portafilter - Head Only (HYBRID)","Breville 54mm","PFH00BR54-HY","2025-08-01","Australia","2025-08-04",1,55.9,0,0,55.9,5.59,61.49
"Wooden Clump Crusher - WDT Distribution Tool for Fluffy Espresso Puck","Iris","PSDcrusherIRIS","2025-08-01","United States","2025-08-03",1,34.35,-3.44,0,30.91,0,30.91
"High Diffusion Espresso Shower Screen","54 - HD Shower Screen","PSD-HD-54","2025-08-01","United States","2025-08-06",32,1650,-5,-50,1595,0,1595
"Bottomless Breville 54/58 Portafilter (Hybrid)","Breville 54mm / Black / Silver","PF00BR54-BSL-HY","2025-08-01","United States","2025-08-08",1,112,-11.2,0,100.8,0,100.8
"Pesado EP Filter Basket","EP-Breville54-20g","EP-BR-20g","2025-08-01","United States","2025-08-09",6,120,-12,0,108,0,108
"Espresso Shot Mirror","Default Title","PSDshot-mirror","2025-08-01","United States","2025-08-18",1,30.8,0,0,30.8,0,30.8
"53.5 & 58.5mm Puck Diffuser Screen","58.5mm","PSD-puck","2025-08-01","United States","2025-08-14",2,44,-2.64,0,41.36,0,41.36
"53.5 & 58.5mm Puck Diffuser Screen","53.5mm","PSD-puck-54","2025-08-01","Australia","2025-08-10",3,48.93,0,0,48.93,4.89,53.82
"Pesado EP Filter Basket","EP-Breville54-18g","EP-BR-18g","2025-08-01","Australia","2025-08-13",3,53.62,-6.25,0,47.37,4.73,52.1
"High Diffusion Espresso Shower Screen","E61 - HD Shower Screen","PSD-HD-E61","2025-08-01","United States","2025-08-16",1,64.9,0,0,64.9,0,64.9
"Magnetic Espresso Dosing Ring","54mm Dosing Ring / White","WH-V2-PSDring-54mm","2025-08-01","United States","2025-08-05",1,22.5,-2.25,0,20.25,0,20.25
"Sunrise Ceramic Coffee Cup and Saucer Set (White)","Default Title","PSD-CeramicSet","2025-08-01","Australia","2025-08-10",2,17.8,0,0,17.8,1.78,19.58
"Bottomless LM/E61/NS/GA Portafilter (Hybrid)","E61 5mm / Black Full POM","PF00MV-FullPOM-HY","2025-08-01","United States","2025-08-03",2,180,0,0,180,0,180
"High Diffusion Espresso Shower Screen","54 - HD Shower Screen","PSD-HD-54","2025-08-01","Australia","2025-08-14",40,1776.24,-32.87,0,1743.37,174.38,1917.75
"High Extraction He[%] Filter Baskets for a Fuller Coffee Experience","Pesado He[%] Basket - Medium","PSD-HE-ME","2025-08-01","Australia","2025-08-14",1,50.13,0,0,50.13,5.02,55.15
"Hybrid LM/E61/NS/GA Portafilter - Versatile Bottomless & Spouted","Gaggia / Black | Riga","PF02GABK-Riga-HY","2025-08-01","Japan","2025-08-01",1,148.19,-17.78,0,130.41,0,130.41
"Hybrid Breville 54/58mm Portafilter - Versatile and Easy to Use","Breville 54 / Black | Bronze","PF02BR54-BBZ-HY","2025-08-01","United States","2025-08-02",1,137,0,0,137,0,137
"Dosing Cup","54mm Dosing Cup / White","PSDdosingCup-WH-54","2025-08-01","Australia","2025-08-01",1,20.59,0,0,20.59,2.06,22.65
"Full Moon Wave - Convex Tamper","Black | Riga","PSDT-WAVE-BKRiga","2025-08-01","United States","2025-08-05",1,114.5,0,0,114.5,0,114.5
"Wooden Clump Crusher - WDT Distribution Tool for Fluffy Espresso Puck","Raya","PSDcrusherRAYA","2025-08-01","Australia","2025-08-10",1,26.08,-2.6,0,23.48,2.35,25.83
"53.5 & 58.5mm Puck Diffuser Screen","53.5mm","PSD-puck-54","2025-08-01","United States","2025-08-18",3,66,0,0,66,0,66
"Sunrise Ceramic Coffee Cup and Saucer Set (White)","Default Title","PSD-CeramicSet","2025-08-01","Australia","2025-08-15",1,8.87,0,0,8.87,0.88,9.75
"Bottomless LM/E61/NS/GA Portafilter (Hybrid)","E61 5mm / White / Riga","PF00MVWH-Riga-HY","2025-08-01","United States","2025-08-14",1,132,0,0,132,0,132
"High Extraction He[%] Filter Baskets for a Fuller Coffee Experience","Pesado He[%] Basket - X-Large","PSD-HE-XL","2025-08-01","United States","2025-08-06",3,185.65,-6.5,0,179.15,9.35,188.5
"High Diffusion Espresso Shower Screen","54 - HD Shower Screen","PSD-HD-54","2025-08-01","Australia","2025-08-11",31,1377.36,-28.41,0,1348.95,134.96,1483.91
"Spring-Loaded Self-Leveling Tamper – Pesado x AD Coffee","Default Title","PSD-ADcoffee-Tamper","2025-08-01","Australia","2025-08-04",1,105.82,-10.58,0,95.24,9.53,104.77
"High Diffusion Espresso Shower Screen","E61 - HD Shower Screen","PSD-HD-E61","2025-08-01","United Arab Emirates","2025-08-20",1,60.44,0,0,60.44,0,60.44
"Pesado Portafilter Tamping Station","Default Title","PSD-TampingStation","2025-08-01","United States","2025-08-02",2,231.61,0,0,231.61,8.37,239.98
"Hybrid LM/E61/NS/GA Portafilter - Versatile Bottomless & Spouted","La Marzocco 6mm / Black | Gold","PF02LM-BGD-HY","2025-08-01","Malaysia","2025-08-07",1,139.81,-16.78,0,123.03,0,123.03
"Bottomless Breville 54/58 Portafilter (Hybrid)","Breville 54mm / Black / Silver","PF00BR54-BSL-HY","2025-08-01","Australia","2025-08-05",1,88.24,0,0,88.24,8.83,97.07
"High Diffusion Espresso Shower Screen","E61 - HD Shower Screen","PSD-HD-E61","2025-08-01","United Kingdom","2025-08-16",1,61,0,0,61,0,61
"Stainless Steel Milk Jug With Round Spout - 16.5oz / 490ml","Default Title","PSDjugWH","2025-08-01","United States","2025-08-08",1,34.35,-6.87,0,27.48,0,27.48
"53.5 & 58.5mm Puck Diffuser Screen","53.5mm","PSD-puck-54","2025-08-01","United States","2025-08-07",1,20,0,0,20,0,20
"Hybrid Breville 54/58mm Portafilter - Versatile and Easy to Use","Breville 58 / Black Full POM","PF02BR58-FullPOM-HY","2025-08-01","United States","2025-08-11",1,115,0,0,115,0,115
"Magnetic Espresso Dosing Ring","54mm Dosing Ring / Black","V2-PSDring-54mm","2025-08-01","United States","2025-08-20",1,24.75,0,0,24.75,0,24.75
"Pesado Portafilter Tamping Station","Default Title","PSD-TampingStation","2025-08-01","Australia","2025-08-01",1,105.27,-12.63,0,92.64,9.26,101.9
"High Diffusion Espresso Shower Screen","LM - HD Shower Screen","PSD-HD-LM","2025-08-01","United States","2025-08-01",1,55,0,0,55,0,55
"Pesado EP Filter Basket","EP-Breville54-18g","EP-BR-18g","2025-08-01","United States","2025-08-08",6,120,-10,0,110,0,110
"Modular Portafilter Handles","Black / Silver","PSDHMODBSL","2025-08-01","Mexico","2025-08-05",3,165,0,0,165,0,165
"Dusk & Haze Clump Crusher (WDT tool)","Haze","PSDcrusher-Haze","2025-08-01","Australia","2025-08-19",1,25.82,0,0,25.82,2.58,28.4
"High Extraction He[%] Filter Baskets for a Fuller Coffee Experience","Pesado He[%] Basket - Large","PSD-HE-LG","2025-08-01","United States","2025-08-16",1,71.5,-8.58,0,62.92,0,62.92
"Hybrid Breville 54/58mm Portafilter - Versatile and Easy to Use","Breville 54 / Black | Black","PF02BR54-BBK-HY","2025-08-01","United States","2025-08-06",1,137,-13.7,0,123.3,0,123.3
"Dosing Bundle","Black","DOSING_B","2025-08-01","United States","2025-08-11",1,52.5,0,0,52.5,0,52.5
"Magnetic Espresso Dosing Ring","54mm Dosing Ring / Black","V2-PSDring-54mm","2025-08-01","Australia","2025-08-03",1,19.68,0,0,19.68,1.97,21.65
"Dosing Cup","58mm Dosing Cup / White","PSDdosingCup-WH","2025-08-01","Qatar","2025-08-19",1,26.89,0,0,26.89,0,26.89
"Breville 54mm Portafilter & Basket Precision Bundle","Black","PRE-BR54-SET","2025-08-01","Australia","2025-08-15",1,148.42,0,0,148.42,14.84,163.26
"Bottomless Breville 54/58 Portafilter (Hybrid)","Breville 58mm / Black / Riga","PF00BR58BK-Riga-HY","2025-08-01","Australia","2025-08-02",1,94.14,0,0,94.14,9.42,103.56
"Impact Gravity Espresso Grounds Distributor (58.4mm)","Black","V2-PSD-distributor","2025-08-01","United Kingdom","2025-08-18",2,246,-24.6,0,221.4,0,221.4
"Stainless Steel Clump Crusher V2.0 (WDT espresso distribution tool)","Silver","V2-PSDcrusher-Silver","2025-08-01","United States","2025-08-11",1,34.35,-3.43,0,30.92,0,30.92
"High Diffusion Espresso Shower Screen","54 - HD Shower Screen","PSD-HD-54","2025-08-01","United States","2025-08-19",28,1540,-17.6,0,1522.4,0,1522.4
"Bottomless LM/E61/NS/GA Portafilter (Hybrid)","E61 5mm / White / Haze","PF00MV-WHZ-HY","2025-08-01","Australia","2025-08-03",1,88.25,0,0,88.25,8.83,97.08
"Pesado EP Filter Basket","EP-Breville54-20g","EP-BR-20g","2025-08-01","United States","2025-08-12",1,20,0,0,20,0,20
"Portafilter with a Double Spout for Espresso Machines","Breville 58 / White | Bronze","PF02BR58-WBZ","2025-08-01","Australia","2025-08-17",1,88.73,0,0,88.73,8.88,97.61
"Hybrid Breville 54/58mm Portafilter - Versatile and Easy to Use","Breville 54 / Black | Silver","PF02BR54-BSL-HY","2025-08-01","United States","2025-08-14",1,150.7,0,0,150.7,0,150.7
"Espresso Shot Mirror","Default Title","PSDshot-mirror","2025-08-01","United States","2025-08-07",2,56,-5.6,0,50.4,0,50.4
"Impact Gravity Espresso Grounds Distributor (58.4mm)","Black","V2-PSD-distributor","2025-08-01","Australia","2025-08-01",1,109.37,-13.12,0,96.25,9.62,105.87
"53.5 & 58.5mm Puck Diffuser Screen","58.5mm","PSD-puck","2025-08-01","United States","2025-08-11",4,80,0,0,80,0,80
"High Extraction He[%] Filter Baskets for a Fuller Coffee Experience","Pesado He[%] Basket - Small","PSD-HE-SM","2025-08-01","Australia","2025-08-11",1,50.42,-5.04,0,45.38,4.53,49.91
"Bottomless Breville 54/58 Portafilter (Hybrid)","Breville 54mm / Black / Black","PF00BR54-BBK-HY","2025-08-01","United States","2025-08-16",1,123.2,0,0,123.2,0,123.2
"53.5 & 58.5mm Puck Diffuser Screen","53.5mm","PSD-puck-54","2025-08-01","Australia","2025-08-15",4,65.04,-1.95,0,63.09,6.32,69.41
"Magnetic Espresso Dosing Ring","54mm Dosing Ring / Black","V2-PSDring-54mm","2025-08-01","United States","2025-08-04",1,22.5,0,0,22.5,0,22.5
"Pesado EP Filter Basket","EP-Breville54-18g","EP-BR-18g","2025-08-01","Australia","2025-08-08",2,35.57,-1.78,0,33.79,3.38,37.17
"High Diffusion Espresso Shower Screen","E61 - HD Shower Screen","PSD-HD-E61","2025-08-01","United States","2025-08-05",3,177,-12.98,0,164.02,0,164.02
"Magnetic Espresso Dosing Ring","58mm Dosing Ring / Black","V2-PSDring-58mm","2025-08-01","Australia","2025-08-05",1,19.67,-2.36,0,17.31,1.73,19.04
"High Diffusion Espresso Shower Screen","MV - HD Shower Screen","PSD-HD-MV","2025-08-01","Australia","2025-08-01",22,1136.58,-32.02,0,1104.56,110.49,1215.05
"53.5 & 58.5mm Puck Diffuser Screen","58.5mm","PSD-puck","2025-08-01","United States","2025-08-12",1,20,0,0,20,0,20
"Bottomless LM/E61/NS/GA Portafilter (Hybrid)","Gaggia / Black / Iris","PF00GABK-Iris-HY","2025-08-01","United States","2025-08-17",1,132,-13.2,0,118.8,0,118.8
"Pesado EP Filter Basket","EP-20g","EP-20g","2025-08-01","Australia","2025-08-18",1,17.7,0,0,17.7,1.77,19.47
"Pesado EP Filter Basket","EP-Breville54-20g","EP-BR-20g","2025-08-01","United States","2025-08-11",5,100,-10,0,90,0,90
"High Extraction He[%] Filter Baskets for a Fuller Coffee Experience","Pesado He[%] Basket - Large","PSD-HE-LG","2025-08-01","Australia","2025-08-03",4,200,-5,0,195,19.51,214.51
"High Extraction He[%] Filter Baskets for a Fuller Coffee Experience","Pesado He[%] Basket - Small","PSD-HE-SM","2025-08-01","Australia","2025-08-12",1,50.25,-6.02,0,44.23,4.42,48.65
"53.5 & 58.5mm Puck Diffuser Screen","53.5mm","PSD-puck-54","2025-08-01","Australia","2025-08-08",2,32.61,-3.58,0,29.03,2.91,31.94
"Pesado 58.5 Portafilter Hybrid Head - Versatile & Easy to Use","LM/E61 & NS/BR58mm Hybrid Attachment Only","PSDHY","2025-08-01","United States","2025-08-10",1,25,0,0,25,0,25
"Pesado 58.5 Portafilter Hybrid Head - Versatile & Easy to Use","Nuova Simonelli Hybrid","PFH02NS-HY","2025-08-01","Japan","2025-08-14",1,94.95,0,0,94.95,0,94.95
"High Diffusion Espresso Shower Screen","E61 - HD Shower Screen","PSD-HD-E61","2025-08-01","United States","2025-08-18",6,389.4,0,0,389.4,0,389.4
"Pesado EP Filter Basket","EP-18g","EP-18g","2025-08-01","United States","2025-08-01",1,20,0,0,20,0,20
"Coffee Tamper: 58.5mm & 53.5mm","58.5mm / White / Riga","PSDTMWHRiga","2025-08-01","United States","2025-08-02",1,97.5,0,0,97.5,0,97.5
"Pesado Black Ripple Set","Precision Barista Jug Sharp Spout","PSDjug-BK","2025-08-01","United States","2025-08-05",1,34.35,0,0,34.35,0,34.35
"Hybrid LM/E61/NS/GA Portafilter - Versatile Bottomless & Spouted","La Marzocco 6mm / Black Full Pom","PF02LM-FullPOM-HY","2025-08-01","Brazil","2025-08-12",1,115,-17.25,0,97.75,0,97.75
"Magnetic Espresso Dosing Ring","58mm Dosing Ring / Black","V2-PSDring-58mm","2025-08-01","Australia","2025-08-18",1,19.84,0,0,19.84,1.99,21.83
"Dusk & Haze Clump Crusher (WDT tool)","Dusk","PSDcrusher-Dusk","2025-08-01","United States","2025-08-02",1,34.35,0,0,34.35,0,34.35
"High Extraction He[%] Filter Baskets for a Fuller Coffee Experience","Pesado He[%] Basket - Medium","PSD-HE-ME","2025-08-01","United States","2025-08-03",3,195,0,0,195,0,195
"High Extraction He[%] Filter Baskets for a Fuller Coffee Experience","Pesado He[%] Basket - Large","PSD-HE-LG","2025-08-01","United States","2025-08-07",2,130,-20.8,0,109.2,0,109.2
"Pesado EP Filter Basket","EP-22g","EP-22g","2025-08-01","Australia","2025-08-01",2,35.3,0,0,35.3,3.54,38.84
"Precision 58mm Breville Bundle: 58mm Portafilter & He[%] Basket","Black","PRE-BR58-SET","2025-08-01","United States","2025-08-13",1,199.98,-23.99,0,175.99,0,175.99
"Modular Puck Screen Holder - Aluminum Matte Black","Default Title","PSD-PuckHolder","2025-08-01","Australia","2025-08-13",1,17.88,-1.79,0,16.09,1.61,17.7
"Stainless Steel Clump Crusher V2.0 (WDT espresso distribution tool)","Black","V2-PSDcrusher-Black","2025-08-01","United States","2025-08-16",1,37.79,0,0,37.79,0,37.79
"High Diffusion Espresso Shower Screen","54 - HD Shower Screen","PSD-HD-54","2025-08-01","United States","2025-08-04",26,1350,-27,-50,1273,0,1273
"Hybrid Breville 54/58mm Portafilter - Versatile and Easy to Use","Breville 54 / Black | Bronze","PF02BR54-BBZ-HY","2025-08-01","Australia","2025-08-03",1,108.82,0,0,108.82,10.88,119.7
"High Diffusion Espresso Shower Screen","54 - HD Shower Screen","PSD-HD-54","2025-08-01","Slovakia","2025-08-20",1,51.14,-5.11,0,46.03,0,46.03
"Pesado EP Filter Basket","EP-20g","EP-20g","2025-08-01","United States","2025-08-10",1,20,-2,0,18,0,18
"Modular Portafilter Handles","Black / Bronze","PSDHMODBBZ","2025-08-01","Poland","2025-08-04",1,56.25,0,0,56.25,0,56.25
"Stainless Steel Milk Jug With Round Spout - 16.5oz / 490ml","Default Title","PSDjugWH","2025-08-01","United States","2025-08-15",1,37.79,-7.55,0,30.24,0,30.24
"53.5 & 58.5mm Puck Diffuser Screen","53.5mm","PSD-puck-54","2025-08-01","United States","2025-08-16",1,22,0,0,22,0,22
"Pesado Black Ripple Set","Precision Barista Jug Sharp Spout","PSDjug-BK","2025-08-01","Australia","2025-08-03",1,31.77,0,0,31.77,3.18,34.95
"Bottomless LM/E61/NS/GA Portafilter (Hybrid)","E61 5mm / Black / Riga","PF00MVBK-Riga-HY","2025-08-01","Australia","2025-08-18",1,94.47,0,0,94.47,9.45,103.92
"Bottomless Breville 54/58 Portafilter (Hybrid)","Breville 54mm / Black / Riga","PF00BR54BK-Riga-HY","2025-08-01","United States","2025-08-17",1,132,0,0,132,0,132
"Coffee Tamper: 58.5mm & 53.5mm","58.5mm / Black / Black","PSDTMBBk","2025-08-01","United States","2025-08-04",1,90,0,0,90,0,90
"High Extraction He[%] Filter Baskets for a Fuller Coffee Experience","Pesado He[%] Basket - X-Large","PSD-HE-XL","2025-08-01","United States","2025-08-17",1,71.5,0,0,71.5,0,71.5
"Pesado Single Dose Coffee Cellar Stand + 4 Pack of Bean Cellars","Default Title","PSD-Beanstand-combo","2025-08-01","United States","2025-08-02",1,75,0,0,75,0,75
"Sunrise Ceramic Coffee Cup and Saucer Set (White)","Default Title","PSD-CeramicSet","2025-08-01","Australia","2025-08-08",1,8.89,0,0,8.89,0.89,9.78
"High Extraction He[%] Filter Baskets for a Fuller Coffee Experience","Pesado He[%] Basket - X-Large","PSD-HE-XL","2025-08-01","Singapore","2025-08-15",1,66.32,-7.96,0,58.36,0,58.36
"High Extraction He[%] Filter Baskets for a Fuller Coffee Experience","Pesado He[%] Basket - Medium","PSD-HE-ME","2025-08-01","Netherlands","2025-08-09",1,66.32,0,0,66.32,0,66.32
"High Extraction He[%] Filter Baskets for a Fuller Coffee Experience","Pesado He[%] Basket - Medium","PSD-HE-ME","2025-08-01","Australia","2025-08-12",4,200.72,0,0,200.72,20.07,220.79
"High Diffusion Espresso Shower Screen","54 - HD Shower Screen","PSD-HD-54","2025-08-01","United States","2025-08-20",20,1100,-5.5,0,1094.5,0,1094.5
"Bottomless LM/E61/NS/GA Portafilter (Hybrid)","La Marzocco 6mm / White / Iris","PF00LMWH-Iris-HY","2025-08-01","Hong Kong","2025-08-09",1,122.42,-12.24,0,110.18,0,110.18
"High Diffusion Espresso Shower Screen","54 - HD Shower Screen","PSD-HD-54","2025-08-01","Australia","2025-08-12",32,1554.32,-9.76,-133.28,1411.28,141.11,1552.39
"Precision Espresso Portafilter & Basket Bundle - LM & E61","E61 5mm / Black","PRE_SETMV","2025-08-01","Australia","2025-08-15",1,143.89,-17.26,0,126.63,12.66,139.29
"Hybrid LM/E61/NS/GA Portafilter - Versatile Bottomless & Spouted","E61 5mm / White | Iris","PF02MVWH-Iris-HY","2025-08-01","Netherlands","2025-08-07",1,148.93,0,0,148.93,0,148.93
"Hybrid LM/E61/NS/GA Portafilter - Versatile Bottomless & Spouted","Gaggia / Black Full Pom","PF02GA-FullPOM-HY","2025-08-01","United States","2025-08-13",1,126.5,0,0,126.5,0,126.5
"53.5 & 58.5mm Puck Diffuser Screen","53.5mm","PSD-puck-54","2025-08-01","United States","2025-08-05",3,60,0,0,60,0,60
"Pesado 58.5 Portafilter Hybrid Head - Versatile & Easy to Use","LM/E61 & NS/BR58mm Hybrid Attachment Only","PSDHY","2025-08-01","Australia","2025-08-07",2,41.51,0,0,41.51,4.14,45.65
"Pesado Portafilter Tamping Station","Default Title","PSD-TampingStation","2025-08-01","Australia","2025-08-03",3,317.89,-15.9,0,301.99,30.2,332.19
"Stainless Steel Milk Jug With Round Spout - 16.5oz / 490ml","Default Title","PSDjugWH","2025-08-01","United States","2025-08-10",2,68.7,0,0,68.7,0,68.7
"Wooden Clump Crusher - WDT Distribution Tool for Fluffy Espresso Puck","Iris","PSDcrusherIRIS","2025-08-01","Hong Kong","2025-08-09",2,70.32,-7.03,0,63.29,0,63.29
"Portafilter with a Double Spout for Espresso Machines","La Marzocco / E61 / Black | Riga","PF02LMBK-Riga","2025-08-01","Australia","2025-08-12",1,94.35,0,0,94.35,9.44,103.79
"Hybrid Breville 54/58mm Portafilter - Versatile and Easy to Use","Breville 58 / Black | Bronze","PF02BR58-BBZ-HY","2025-08-01","Australia","2025-08-03",1,108.93,0,0,108.93,10.89,119.82
"Stand for (WDT) Clump Crusher 2.0","Default Title","V2-PSDcrusher-Stand","2025-08-01","Cambodia","2025-08-03",1,18.47,0,0,18.47,0,18.47
"Sunrise Ceramic Coffee Cup and Saucer Set (White)","Default Title","PSD-CeramicSet","2025-08-01","Australia","2025-08-13",5,44.68,-3.57,0,41.11,4.11,45.22
"Bottomless Breville 54/58 Portafilter (Hybrid)","Breville 58mm / Black / Bronze","PF00BR58-BBZ-HY","2025-08-01","Australia","2025-08-01",1,87.76,0,0,87.76,8.78,96.54
"High Diffusion Espresso Shower Screen","54 - HD Shower Screen","PSD-HD-54","2025-08-01","Australia","2025-08-09",22,978.45,-13.32,0,965.13,96.58,1061.71
"53.5 & 58.5mm Puck Diffuser Screen","58.5mm","PSD-puck","2025-08-01","Israel","2025-08-19",1,20.41,-2.04,0,18.37,0,18.37
"53.5 & 58.5mm Puck Diffuser Screen","58.5mm","PSD-puck","2025-08-01","United States","2025-08-09",1,20,0,0,20,0,20
"Pesado EP Filter Basket","EP-20g","EP-20g","2025-08-01","Australia","2025-08-07",1,17.79,0,0,17.79,1.78,19.57
"Precision Espresso Portafilter & Basket Bundle - LM & E61","E61 5mm / Black","PRE_SETMV","2025-08-01","United States","2025-08-01",1,202,0,0,202,0,202
"Pesado EP Filter Basket","EP-Breville54-20g","EP-BR-20g","2025-08-01","United States","2025-08-14",8,176,-17.6,0,158.4,0,158.4
"Espresso Shot Mirror","Default Title","PSDshot-mirror","2025-08-01","United States","2025-08-05",3,81.71,0,0,81.71,2.29,84
"Impact Gravity Espresso Grounds Distributor (58.4mm)","Black","V2-PSD-distributor","2025-08-01","Australia","2025-08-03",2,219.05,-16.44,0,202.61,20.26,222.87
"High Extraction He[%] Filter Baskets for a Fuller Coffee Experience","Pesado He[%] Basket - Small","PSD-HE-SM","2025-08-01","Australia","2025-08-09",1,50.41,-5.03,0,45.38,4.53,49.91
"High Diffusion Espresso Shower Screen","E61 - HD Shower Screen","PSD-HD-E61","2025-08-01","United States","2025-08-07",5,295,-12.98,0,282.02,0,282.02
"53.5 & 58.5mm Puck Diffuser Screen","53.5mm","PSD-puck-54","2025-08-01","Australia","2025-08-13",1,16.38,0,0,16.38,1.64,18.02
"High Diffusion Espresso Shower Screen","MV - HD Shower Screen","PSD-HD-MV","2025-08-01","Australia","2025-08-03",19,983.88,-22.76,0,961.12,96.15,1057.27
"Pesado EP Filter Basket","EP-Breville54-18g","EP-BR-18g","2025-08-01","Australia","2025-08-10",4,71.15,-7.12,0,64.03,6.4,70.43
"High Diffusion Espresso Shower Screen","E61 - HD Shower Screen","PSD-HD-E61","2025-08-01","Australia","2025-08-07",5,281.69,-5.63,0,276.06,27.61,303.67
"Pesado EP Filter Basket","EP-18g","EP-18g","2025-08-01","Australia","2025-08-16",2,35.49,0,0,35.49,3.55,39.04
"High Extraction He[%] 54mm Breville Filter Basket - Dosing 18g-20g","Default Title","PSD-HE-54","2025-08-01","Australia","2025-08-05",1,50,0,0,50,5,55
"High Diffusion Espresso Shower Screen","MV - HD Shower Screen","PSD-HD-MV","2025-08-01","United States","2025-08-07",6,330,-5.5,0,324.5,0,324.5
"High Diffusion Espresso Shower Screen","LM - HD Shower Screen","PSD-HD-LM","2025-08-01","Spain","2025-08-14",2,114.08,0,0,114.08,0,114.08
"High Diffusion Espresso Shower Screen","LM - HD Shower Screen","PSD-HD-LM","2025-08-01","United States","2025-08-15",5,297.89,0,0,297.89,4.61,302.5
"Portafilter with a Double Spout for Espresso Machines","Breville 54 / Black Full Pom","PF02BR54-FullPOM","2025-08-01","Australia","2025-08-13",1,65.29,0,0,65.29,6.53,71.82
,"",,"2025-08-01","Australia","2025-08-19",3,58.6,0,0,58.6,5.86,64.46
"Bottomless Breville 54/58 Portafilter (Hybrid)","Breville 58mm / White / Iris","PF00BR58WH-Iris-HY","2025-08-01","Singapore","2025-08-10",1,122.92,0,0,122.92,0,122.92
"Dosing Cup","54mm Dosing Cup / White","PSDdosingCup-WH-54","2025-08-01","Australia","2025-08-10",1,20.75,0,0,20.75,2.07,22.82
"High Extraction He[%] 54mm Breville Filter Basket - Dosing 18g-20g","Default Title","PSD-HE-54","2025-08-01","United States","2025-08-16",2,143,-8.58,0,134.42,0,134.42
"Pesado EP Filter Basket","EP-Breville54-20g","EP-BR-20g","2025-08-01","Australia","2025-08-04",1,17.64,-1.76,0,15.88,1.58,17.46
"Pesado EP Filter Basket","EP-20g","EP-20g","2025-08-01","United States","2025-08-03",3,60,-9.88,0,50.12,0,50.12
"High Diffusion Espresso Shower Screen","E61 - HD Shower Screen","PSD-HD-E61","2025-08-01","Kazakhstan","2025-08-10",4,241.36,0,0,241.36,0,241.36
"Precision 58mm Breville Bundle: 58mm Portafilter & He[%] Basket","Black","PRE-BR58-SET","2025-08-01","Australia","2025-08-04",1,158.72,0,0,158.72,15.87,174.59
"Pesado EP Filter Basket","EP-22g","EP-22g","2025-08-01","United States","2025-08-05",1,20,-2,0,18,0,18
"Alloy Modular Stand for Clump Crusher (WDT tool)","Default Title","PSDcrusher-Stand","2025-08-01","United States","2025-08-16",1,19.8,0,0,19.8,0,19.8
"Hybrid Breville 54/58mm Portafilter - Versatile and Easy to Use","Breville 54 / Black | Dusk","PF02BR54-BDK-HY","2025-08-01","Australia","2025-08-15",1,109.37,0,0,109.37,10.94,120.31
"Portafilter with a Double Spout for Espresso Machines","Breville 54 / Black | Riga","PF02BR54BK-Riga","2025-08-01","Australia","2025-08-12",0,94.76,0,-94.76,0,0,0
"53.5 & 58.5mm Puck Diffuser Screen","58.5mm","PSD-puck","2025-08-01","Australia","2025-08-06",3,48.77,-1.95,0,46.82,4.69,51.51
"High Extraction He[%] 54mm Breville Filter Basket - Dosing 18g-20g","Default Title","PSD-HE-54","2025-08-01","Australia","2025-08-16",2,100.56,0,0,100.56,10.06,110.62
"Pesado EP Filter Basket","EP-18g","EP-18g","2025-08-01","Australia","2025-08-05",1,17.61,-2.11,0,15.5,1.55,17.05
"High Diffusion Espresso Shower Screen","E61 - HD Shower Screen","PSD-HD-E61","2025-08-01","Australia","2025-08-18",1,56.3,0,0,56.3,5.63,61.93
"Bottomless Breville 54/58 Portafilter (Hybrid)","Breville 54mm / Black / Dusk","PF00BR54-BDK-HY","2025-08-01","Australia","2025-08-04",1,94.17,0,0,94.17,9.42,103.59
"High Diffusion Espresso Shower Screen","MV - HD Shower Screen","PSD-HD-MV","2025-08-01","United States","2025-08-18",7,419.88,-5.68,0,414.2,3.25,417.45
"Modular Portafilter Handles","White / Dusk","PSDHMODWDK","2025-08-01","Romania","2025-08-18",1,56.31,0,0,56.31,0,56.31
"Dosing Cup","54mm Dosing Cup / Black","PSDdosingCup-BK-54","2025-08-01","United States","2025-08-08",1,26.25,0,0,26.25,0,26.25
"Impact Gravity Espresso Grounds Distributor (58.4mm)","Black","V2-PSD-distributor","2025-08-01","United States","2025-08-18",3,396,0,0,396,0,396
"Spring-Loaded Self-Leveling Tamper – Pesado x AD Coffee","Default Title","PSD-ADcoffee-Tamper","2025-08-01","Denmark","2025-08-02",1,122.51,-14.7,0,107.81,0,107.81
"Bottomless Breville 54/58 Portafilter (Hybrid)","Breville 54mm / Black / Haze","PF00BR54-BHZ-HY","2025-08-01","Australia","2025-08-06",1,94.42,0,0,94.42,9.45,103.87
"Pesado EP Filter Basket","EP-Breville54-20g","EP-BR-20g","2025-08-01","Australia","2025-08-17",2,35.51,-3.89,0,31.62,3.15,34.77
"High Extraction He[%] 54mm Breville Filter Basket - Dosing 18g-20g","Default Title","PSD-HE-54","2025-08-01","United States","2025-08-05",4,260,0,0,260,0,260
"Precision 58mm Breville Bundle: 58mm Portafilter & He[%] Basket","Black","PRE-BR58-SET","2025-08-01","Australia","2025-08-17",2,297.08,-32.67,0,264.41,26.44,290.85
"Crusher Threaded Pin Assembly for DIY WDT Tool","4 pack of WDT pins","PSD-removablepins","2025-08-01","Australia","2025-08-07",2,1.18,0,0,1.18,0.12,1.3
"Bottomless Breville 54/58 Portafilter (Hybrid)","Breville 54mm / Black Full POM","PF00BR54-FullPOM-HY","2025-08-01","United States","2025-08-17",2,198,-19.8,0,178.2,0,178.2
"Wooden Clump Crusher - WDT Distribution Tool for Fluffy Espresso Puck","Riga","PSDcrusherRIGA","2025-08-01","United States","2025-08-19",1,37.79,-4.53,0,33.26,0,33.26
"High Extraction He[%] Filter Baskets for a Fuller Coffee Experience","Pesado He[%] Basket - Small","PSD-HE-SM","2025-08-01","Singapore","2025-08-09",1,66.9,0,0,66.9,0,66.9
"Modular Puck Screen Holder - Aluminum Matte Black","Default Title","PSD-PuckHolder","2025-08-01","Australia","2025-08-01",1,17.54,-2.1,0,15.44,1.54,16.98
"Magnetic Espresso Dosing Ring","54mm Dosing Ring / Black","V2-PSDring-54mm","2025-08-01","Australia","2025-08-08",3,59.57,0,0,59.57,5.97,65.54
"Pesado EP Filter Basket","EP-Breville54-18g","EP-BR-18g","2025-08-01","United States","2025-08-03",2,60,-6,-18,36,0,36
"Portafilter with a Double Spout for Espresso Machines","Breville 54 / Black | Silver","PF02BR54-BSL","2025-08-01","United States","2025-08-10",1,112,0,0,112,0,112
"High Extraction He[%] Filter Baskets for a Fuller Coffee Experience","Pesado He[%] Basket - Medium","PSD-HE-ME","2025-08-01","United States","2025-08-15",1,71.5,-7.15,0,64.35,0,64.35
"Pesado EP Filter Basket","EP-18g","EP-18g","2025-08-01","United States","2025-08-13",1,22,-2.64,0,19.36,0,19.36
"High Diffusion Espresso Shower Screen","LM - HD Shower Screen","PSD-HD-LM","2025-08-01","Australia","2025-08-18",1,52.15,-6.25,0,45.9,4.59,50.49
"High Diffusion Espresso Shower Screen","MV - HD Shower Screen","PSD-HD-MV","2025-08-01","Australia","2025-08-10",27,1408.91,-20.84,0,1388.07,138.84,1526.91
"Pesado EP Filter Basket","EP-Breville54-18g","EP-BR-18g","2025-08-01","Australia","2025-08-03",5,88.25,-9.15,0,79.1,7.91,87.01
"Impact Gravity Espresso Grounds Distributor (58.4mm)","Black","V2-PSD-distributor","2025-08-01","Australia","2025-08-10",1,109.67,0,0,109.67,10.97,120.64
"Breville 54mm Portafilter & Basket Precision Bundle","Black","PRE-BR54-SET","2025-08-01","United States","2025-08-19",2,444.4,-22.22,0,422.18,0,422.18
"High Extraction He[%] Filter Baskets for a Fuller Coffee Experience","Pesado He[%] Basket - Large","PSD-HE-LG","2025-08-01","Australia","2025-08-15",3,150.86,-15.07,0,135.79,13.57,149.36
"Stand for (WDT) Clump Crusher 2.0","Default Title","V2-PSDcrusher-Stand","2025-08-01","Australia","2025-08-14",1,16.87,0,0,16.87,1.69,18.56
"Breville 54mm Portafilter & Basket Precision Bundle","Black","PRE-BR54-SET","2025-08-01","Australia","2025-08-01",1,158.85,-19.06,0,139.79,13.98,153.77
"High Extraction He[%] Filter Baskets for a Fuller Coffee Experience","Pesado He[%] Basket - Medium","PSD-HE-ME","2025-08-01","United States","2025-08-10",2,130,-6.5,0,123.5,0,123.5
"53.5 & 58.5mm Puck Diffuser Screen","53.5mm","PSD-puck-54","2025-08-01","Australia","2025-08-01",2,32.33,-1.94,0,30.39,3.03,33.42
"High Diffusion Espresso Shower Screen","MV - HD Shower Screen","PSD-HD-MV","2025-08-01","Australia","2025-08-15",15,780.81,-6.24,0,774.57,77.49,852.06
"Bottomless Breville 54/58 Portafilter (Hybrid)","Breville 54mm / White / Iris","PF00BR54WH-Iris-HY","2025-08-01","Singapore","2025-08-09",1,122.89,0,0,122.89,0,122.89
"High Extraction He[%] Filter Baskets for a Fuller Coffee Experience","Pesado He[%] Basket - X-Large","PSD-HE-XL","2025-08-01","Australia","2025-08-17",-1,0,0,-45.26,-45.26,-4.52,-49.78
"Spring-Loaded Self-Leveling Tamper – Pesado x AD Coffee","Default Title","PSD-ADcoffee-Tamper","2025-08-01","United States","2025-08-13",1,132,0,0,132,0,132
"Pesado EP Filter Basket","EP-Breville54-20g","EP-BR-20g","2025-08-01","Australia","2025-08-20",3,52.64,-5.25,0,47.39,4.73,52.12
"Sunrise Ceramic Coffee Cup and Saucer Set (White)","Default Title","PSD-CeramicSet","2025-08-01","Singapore","2025-08-16",1,10.91,0,0,10.91,0,10.91
"Depth Adjuster","Default Title","PSdepth","2025-08-01","Australia","2025-08-16",1,30.17,0,0,30.17,3.02,33.19
"Precision Espresso Portafilter & Basket Bundle - LM & E61","E61 5mm / Black","PRE_SETMV","2025-08-01","United States","2025-08-13",1,199.98,0,0,199.98,0,199.98
"Impact Gravity Espresso Grounds Distributor (58.4mm)","Black","V2-PSD-distributor","2025-08-01","Australia","2025-08-15",1,109.54,0,0,109.54,10.96,120.5
"Pesado EP Filter Basket","EP-Breville54-20g","EP-BR-20g","2025-08-01","United States","2025-08-02",4,80,-8.4,0,71.6,0,71.6
"Bottomless Breville 54/58 Portafilter (Hybrid)","Breville 54mm / Black / Silver","PF00BR54-BSL-HY","2025-08-01","United States","2025-08-03",1,112,-28,0,84,0,84
"High Extraction He[%] Filter Baskets for a Fuller Coffee Experience","Pesado He[%] Basket - Large","PSD-HE-LG","2025-08-01","Australia","2025-08-10",1,50.4,0,0,50.4,5.04,55.44
"Stainless Steel Clump Crusher V2.0 (WDT espresso distribution tool)","Black","V2-PSDcrusher-Black","2025-08-01","Australia","2025-08-01",1,25.74,-3.09,0,22.65,2.26,24.91
"Stainless Steel Milk Jug With Round Spout - 16.5oz / 490ml","Default Title","PSDjugWH","2025-08-01","Australia","2025-08-07",1,32.02,-3.84,0,28.18,2.82,31
"Bottomless Breville 54/58 Portafilter (Hybrid)","Breville 54mm / Black Full POM","PF00BR54-FullPOM-HY","2025-08-01","United States","2025-08-20",1,99,0,0,99,0,99
"Sunrise Ceramic Coffee Cup and Saucer Set (White)","Default Title","PSD-CeramicSet","2025-08-01","Australia","2025-08-01",2,17.65,0,0,17.65,1.77,19.42
"Hybrid Breville 54/58mm Portafilter - Versatile and Easy to Use","Breville 54 / Black | Dusk","PF02BR54-BDK-HY","2025-08-01","Australia","2025-08-10",1,109.69,-10.97,0,98.72,9.87,108.59
"53.5 & 58.5mm Puck Diffuser Screen","58.5mm","PSD-puck","2025-08-01","Australia","2025-08-19",1,16.23,0,0,16.23,1.62,17.85
"Magnetic Espresso Dosing Ring","54mm Dosing Ring / Black","V2-PSDring-54mm","2025-08-01","Australia","2025-08-01",1,19.71,0,0,19.71,1.97,21.68
"Pesado EP Filter Basket","EP-Breville54-18g","EP-BR-18g","2025-08-01","United States","2025-08-10",4,80,-8,0,72,0,72
"High Extraction He[%] Filter Baskets for a Fuller Coffee Experience","Pesado He[%] Basket - Large","PSD-HE-LG","2025-08-01","United States","2025-08-18",1,67.23,-6.72,0,60.51,3.84,64.35
"Precision 58mm Breville Bundle: 58mm Portafilter & He[%] Basket","Black","PRE-BR58-SET","2025-08-01","United States","2025-08-08",2,388.15,-20.2,0,367.95,15.85,383.8
"High Diffusion Espresso Shower Screen","54 - HD Shower Screen","PSD-HD-54","2025-08-01","United States","2025-08-17",25,1375,-28.58,0,1346.42,0,1346.42
"Dosing Cup","58mm Dosing Cup / White","PSDdosingCup-WH","2025-08-01","United States","2025-08-11",1,26.25,-2.62,0,23.63,0,23.63
"Stand for (WDT) Clump Crusher 2.0","Default Title","V2-PSDcrusher-Stand","2025-08-01","Australia","2025-08-02",2,33.66,0,0,33.66,3.36,37.02
"53.5 & 58.5mm Puck Diffuser Screen","58.5mm","PSD-puck","2025-08-01","Australia","2025-08-07",5,81.51,-7.15,0,74.36,7.44,81.8
"Stand for (WDT) Clump Crusher 2.0","Default Title","V2-PSDcrusher-Stand","2025-08-01","United States","2025-08-05",1,18,0,0,18,0,18
"Pesado Portafilter Tamping Station","Default Title","PSD-TampingStation","2025-08-01","Hong Kong","2025-08-16",1,122.43,0,0,122.43,0,122.43
"Modular Handle Set","Black | Bronze","PSDMODHSET-BBZ","2025-08-01","Singapore","2025-08-15",1,115.48,-13.86,0,101.62,0,101.62
"Pesado Single Dose Coffee Cellar Stand + 4 Pack of Bean Cellars","Default Title","PSD-Beanstand-combo","2025-08-01","United States","2025-08-15",1,74.25,0,0,74.25,0,74.25
"Dosing Bundle","Black","DOSING_B","2025-08-01","Hong Kong","2025-08-16",1,48.31,0,0,48.31,0,48.31
"Bottomless LM/E61/NS/GA Portafilter (Hybrid)","E61 5mm / Black / Riga","PF00MVBK-Riga-HY","2025-08-01","Australia","2025-08-07",2,189.56,0,0,189.56,18.96,208.52
"High Extraction He[%] Filter Baskets for a Fuller Coffee Experience","Pesado He[%] Basket - Small","PSD-HE-SM","2025-08-01","United States","2025-08-15",1,71.5,0,0,71.5,0,71.5
"High Diffusion Espresso Shower Screen","54 - HD Shower Screen","PSD-HD-54","2025-08-01","Australia","2025-08-01",29,1319.02,-19.32,-43.83,1255.87,125.56,1381.43
"Impact Gravity Espresso Grounds Distributor (58.4mm)","White","WH-V2-PSD-distributor","2025-08-01","Australia","2025-08-05",1,109.42,0,0,109.42,10.94,120.36
"Precision 58mm Breville Bundle: 58mm Portafilter & He[%] Basket","Black","PRE-BR58-SET","2025-08-01","Australia","2025-08-16",1,148.49,-14.84,0,133.65,13.36,147.01
"High Extraction He[%] 54mm Breville Filter Basket - Dosing 18g-20g","Default Title","PSD-HE-54","2025-08-01","United States","2025-08-04",7,455,-7.8,0,447.2,0,447.2
"Pesado EP Filter Basket","EP-Breville54-20g","EP-BR-20g","2025-08-01","Australia","2025-08-16",5,88.75,-8.85,0,79.9,7.95,87.85
"Hybrid Breville 54/58mm Portafilter - Versatile and Easy to Use","Breville 54 / Black | Riga","PF02BR54BK-Riga-HY","2025-08-01","United States","2025-08-13",1,146.84,0,0,146.84,12.66,159.5
"Crusher Threaded Pin Assembly for DIY WDT Tool","4 pack of WDT pins","PSD-removablepins","2025-08-01","Australia","2025-08-06",1,0.59,0,0,0.59,0.06,0.65
"Pesado Black Ripple Set","Black Ripple Set","PSDBlackRippleSet","2025-08-01","United States","2025-08-09",1,60.6,0,0,60.6,0,60.6
"Pesado EP Filter Basket","EP-18g","EP-18g","2025-08-01","Australia","2025-08-04",1,17.63,0,0,17.63,1.77,19.4
"High Extraction He[%] 54mm Breville Filter Basket - Dosing 18g-20g","Default Title","PSD-HE-54","2025-08-01","Australia","2025-08-17",2,100.69,-5.03,0,95.66,9.56,105.22
"High Diffusion Espresso Shower Screen","E61 - HD Shower Screen","PSD-HD-E61","2025-08-01","Australia","2025-08-19",5,279.57,0,0,279.57,27.97,307.54
"High Diffusion Espresso Shower Screen","MV - HD Shower Screen","PSD-HD-MV","2025-08-01","United States","2025-08-19",4,242,0,0,242,0,242
"Modular Portafilter Handles","Black / Riga","PSDHMODBKRIGA","2025-08-01","United States","2025-08-09",1,55,0,0,55,0,55
"High Extraction He[%] Filter Baskets for a Fuller Coffee Experience","Pesado He[%] Basket - Medium","PSD-HE-ME","2025-08-01","United States","2025-08-14",-1,0,0,-57.2,-57.2,0,-57.2
"Single-Dose Coffee Tubes (Bean Cellar 4-Pack)","Default Title","PSD-beantube","2025-08-01","United Kingdom","2025-08-12",3,84.63,0,0,84.63,0,84.63
"Pesado EP Filter Basket","EP-Breville54-18g","EP-BR-18g","2025-08-01","United States","2025-08-02",3,60,-6.4,0,53.6,0,53.6
"Dosing Bundle","Black","DOSING_B","2025-08-01","United States","2025-08-01",1,52.5,-5.25,0,47.25,0,47.25
"Pesado EP Filter Basket","EP-20g","EP-20g","2025-08-01","Saudi Arabia","2025-08-09",3,61.56,0,0,61.56,0,61.56
"Impact Gravity Espresso Grounds Distributor (58.4mm)","White","WH-V2-PSD-distributor","2025-08-01","United States","2025-08-11",1,120,-12,0,108,0,108
"Magnetic Espresso Dosing Ring","54mm Dosing Ring / White","WH-V2-PSDring-54mm","2025-08-01","Australia","2025-08-01",1,19.71,0,0,19.71,1.97,21.68
"Stand for (WDT) Clump Crusher 2.0","Default Title","V2-PSDcrusher-Stand","2025-08-01","Australia","2025-08-10",1,16.95,-1.69,0,15.26,1.53,16.79
"Hybrid Breville 54/58mm Portafilter - Versatile and Easy to Use","Breville 54 / White | Riga","PF02BR54WH-Riga-HY","2025-08-01","United States","2025-08-05",1,145,0,0,145,0,145
"High Extraction He[%] 54mm Breville Filter Basket - Dosing 18g-20g","Default Title","PSD-HE-54","2025-08-01","Hong Kong","2025-08-16",1,66.32,0,0,66.32,0,66.32
"Pesado EP Filter Basket","EP-22g","EP-22g","2025-08-01","Australia","2025-08-12",1,17.74,-1.77,0,15.97,1.59,17.56
"Bottomless Breville 54/58 Portafilter (Hybrid)","Breville 54mm / Black Full POM","PF00BR54-FullPOM-HY","2025-08-01","United States","2025-08-16",1,99,-9.9,0,89.1,0,89.1
"53.5 & 58.5mm Puck Diffuser Screen","58.5mm","PSD-puck","2025-08-01","United States","2025-08-01",2,40,0,0,40,0,40
"High Extraction He[%] 54mm Breville Filter Basket - Dosing 18g-20g","Default Title","PSD-HE-54","2025-08-01","United States","2025-08-20",1,71.5,-7.15,0,64.35,0,64.35
"High Extraction He[%] Filter Baskets for a Fuller Coffee Experience","Pesado He[%] Basket - Large","PSD-HE-LG","2025-08-01","Australia","2025-08-14",0,50.21,-5.01,-50.73,-5.53,-0.55,-6.08
"Pesado EP Filter Basket","EP-20g","EP-20g","2025-08-01","Singapore","2025-08-16",1,21.04,0,0,21.04,0,21.04
"Impact Gravity Espresso Grounds Distributor (58.4mm)","Black","V2-PSD-distributor","2025-08-01","Australia","2025-08-11",1,109.13,0,0,109.13,10.91,120.04
"High Extraction He[%] Filter Baskets for a Fuller Coffee Experience","Pesado He[%] Basket - Small","PSD-HE-SM","2025-08-01","Australia","2025-08-01",1,50.01,-5,0,45.01,4.5,49.51
"Gravity Coffee Distributor 53.5mm","54 mm","PSD-distributor-54m","2025-08-01","Australia","2025-08-08",1,88.98,0,0,88.98,8.9,97.88
"Breville 54mm Portafilter & Basket Precision Bundle","Black","PRE-BR54-SET","2025-08-01","United States","2025-08-18",1,222.2,-22.22,0,199.98,0,199.98
"High Diffusion Espresso Shower Screen","MV - HD Shower Screen","PSD-HD-MV","2025-08-01","Australia","2025-08-11",21,1152.23,-85.53,-51.76,1014.94,101.5,1116.44
"Spring-Loaded Self-Leveling Tamper – Pesado x AD Coffee","Default Title","PSD-ADcoffee-Tamper","2025-08-01","United States","2025-08-09",1,120,0,0,120,0,120
"Pesado EP Filter Basket","EP-18g","EP-18g","2025-08-01","Australia","2025-08-20",1,17.57,0,0,17.57,1.76,19.33
"High Extraction He[%] Filter Baskets for a Fuller Coffee Experience","Pesado He[%] Basket - X-Large","PSD-HE-XL","2025-08-01","Australia","2025-08-05",1,49.88,0,0,49.88,4.99,54.87
"Pesado EP Filter Basket","EP-Breville54-18g","EP-BR-18g","2025-08-01","Australia","2025-08-02",9,158.87,-15.86,0,143.01,14.3,157.31
"High Diffusion Espresso Shower Screen","E61 - HD Shower Screen","PSD-HD-E61","2025-08-01","Brazil","2025-08-12",1,59,-8.85,0,50.15,0,50.15
"Magnetic Espresso Dosing Ring","58mm Dosing Ring / Black","V2-PSDring-58mm","2025-08-01","United States","2025-08-13",1,24.75,-2.47,0,22.28,0,22.28
"Hybrid LM/E61/NS/GA Portafilter - Versatile Bottomless & Spouted","La Marzocco 6mm / Black | Silver","PF02LM-BSL-HY","2025-08-01","United States","2025-08-01",5,685,0,0,685,0,685
"Bottomless Breville 54/58 Portafilter (Hybrid)","Breville 54mm / Black / Bronze","PF00BR54-BBZ-HY","2025-08-01","United States","2025-08-15",1,123.2,0,0,123.2,0,123.2
"High Diffusion Espresso Shower Screen","E61 - HD Shower Screen","PSD-HD-E61","2025-08-01","Switzerland","2025-08-09",1,60.63,0,0,60.63,0,60.63
"Hybrid LM/E61/NS/GA Portafilter - Versatile Bottomless & Spouted","Gaggia / Black Full Pom","PF02GA-FullPOM-HY","2025-08-01","Australia","2025-08-07",1,91.75,0,0,91.75,9.17,100.92
"High Extraction He[%] Filter Baskets for a Fuller Coffee Experience","Pesado He[%] Basket - Large","PSD-HE-LG","2025-08-01","Australia","2025-08-11",1,50.32,-6.03,0,44.29,4.43,48.72
"Modular Puck Screen Holder - Aluminum Matte Black","Default Title","PSD-PuckHolder","2025-08-01","United States","2025-08-18",1,22,0,0,22,0,22
"Breville 54mm Portafilter & Basket Precision Bundle","Black","PRE-BR54-SET","2025-08-01","United States","2025-08-07",1,202,0,0,202,0,202
"High Extraction He[%] Filter Baskets for a Fuller Coffee Experience","Pesado He[%] Basket - Large","PSD-HE-LG","2025-08-01","Philippines","2025-08-10",1,66.81,0,0,66.81,0,66.81
"Dosing Cup","54mm Dosing Cup / Black","PSDdosingCup-BK-54","2025-08-01","Australia","2025-08-04",1,20.6,0,0,20.6,2.06,22.66
"Pesado EP Filter Basket","EP-Breville54-20g","EP-BR-20g","2025-08-01","United States","2025-08-03",4,80,-8,0,72,0,72
"High Diffusion Espresso Shower Screen","MV - HD Shower Screen","PSD-HD-MV","2025-08-01","Australia","2025-08-14",22,1145.81,-25.02,0,1120.79,112.09,1232.88
"High Extraction He[%] Filter Baskets for a Fuller Coffee Experience","Pesado He[%] Basket - X-Large","PSD-HE-XL","2025-08-01","Australia","2025-08-16",4,201.12,-5.02,0,196.1,19.61,215.71
"High Extraction He[%] 54mm Breville Filter Basket - Dosing 18g-20g","Default Title","PSD-HE-54","2025-08-01","Australia","2025-08-20",2,99.51,0,0,99.51,9.95,109.46
"Pesado EP Filter Basket","EP-18g","EP-18g","2025-08-01","United States","2025-08-09",1,18.74,0,0,18.74,1.26,20
"53.5 & 58.5mm Puck Diffuser Screen","58.5mm","PSD-puck","2025-08-01","Australia","2025-08-18",4,64.93,-3.24,0,61.69,6.16,67.85
"High Diffusion Espresso Shower Screen","E61 - HD Shower Screen","PSD-HD-E61","2025-08-01","France","2025-08-06",1,60.5,-7.26,0,53.24,0,53.24
"Impact Gravity Espresso Grounds Distributor (58.4mm)","White","WH-V2-PSD-distributor","2025-08-01","United States","2025-08-07",1,120,-14.4,0,105.6,0,105.6
"Dusk & Haze Clump Crusher (WDT tool)","Dusk","PSDcrusher-Dusk","2025-08-01","Australia","2025-08-08",1,26.08,0,0,26.08,2.61,28.69
"Pesado Single Dose Coffee Cellar Stand + 4 Pack of Bean Cellars","Default Title","PSD-Beanstand-combo","2025-08-01","United States","2025-08-10",1,75,0,0,75,0,75
"Bottomless Breville 54/58 Portafilter (Hybrid)","Breville 54mm / Raya","PF00BR54-Raya-HY","2025-08-01","United States","2025-08-01",1,120,0,0,120,0,120
"Depth Adjuster","Default Title","PSdepth","2025-08-01","United States","2025-08-03",1,45,-4.5,0,40.5,0,40.5
"Dosing Cup","58mm Dosing Cup / White","PSDdosingCup-WH","2025-08-01","Australia","2025-08-08",2,41.51,0,0,41.51,4.15,45.66
"Pesado EP Filter Basket","EP-Breville54-20g","EP-BR-20g","2025-08-01","Australia","2025-08-05",2,35.26,-1.76,0,33.5,3.35,36.85
"Precision 58mm Breville Bundle: 58mm Portafilter & He[%] Basket","Black","PRE-BR58-SET","2025-08-01","Australia","2025-08-05",2,317.55,-15.84,0,301.71,30.18,331.89
"High Extraction He[%] 54mm Breville Filter Basket - Dosing 18g-20g","Default Title","PSD-HE-54","2025-08-01","United States","2025-08-17",6,429,-8.58,0,420.42,0,420.42
"Portafilter with a Double Spout for Espresso Machines","Breville 58 / Black | Black","PF02BR58-BBK","2025-08-01","United States","2025-08-20",1,123.2,-24.64,0,98.56,0,98.56
"Dosing Cup","54mm Dosing Cup / Black","PSDdosingCup-BK-54","2025-08-01","United States","2025-08-12",1,26.25,-3.15,0,23.1,0,23.1
"Pesado Portafilter Tamping Station","Default Title","PSD-TampingStation","2025-08-01","United States","2025-08-13",1,121.51,0,0,121.51,10.48,131.99
"High Diffusion Espresso Shower Screen","E61 - HD Shower Screen","PSD-HD-E61","2025-08-01","Australia","2025-08-06",3,168.3,-5.6,0,162.7,16.27,178.97
"Bottomless LM/E61/NS/GA Portafilter (Hybrid)","E61 5mm / Black / Riga","PF00MVBK-Riga-HY","2025-08-01","United States","2025-08-16",1,132,0,0,132,0,132
"High Extraction He[%] 54mm Breville Filter Basket - Dosing 18g-20g","Default Title","PSD-HE-54","2025-08-01","Australia","2025-08-04",4,200.13,-4.99,0,195.14,19.52,214.66
"Hybrid Breville 54/58mm Portafilter - Versatile and Easy to Use","Breville 54 / White | Silver","PF02BR54-WSL-HY","2025-08-01","United States","2025-08-05",1,137,-13.7,0,123.3,0,123.3
"High Diffusion Espresso Shower Screen","LM - HD Shower Screen","PSD-HD-LM","2025-08-01","United States","2025-08-14",1,60.5,0,0,60.5,0,60.5
"High Diffusion Espresso Shower Screen","MV - HD Shower Screen","PSD-HD-MV","2025-08-01","United States","2025-08-06",7,385,-5.5,0,379.5,0,379.5
"Pesado EP Filter Basket","EP-Breville54-18g","EP-BR-18g","2025-08-01","Australia","2025-08-14",1,17.79,-2.13,0,15.66,1.57,17.23
"Pesado Black Ripple Set","Precision Barista Jug Sharp Spout","PSDjug-BK","2025-08-01","United States","2025-08-04",1,34.35,-3.44,0,30.91,0,30.91
"High Diffusion Espresso Shower Screen","E61 - HD Shower Screen","PSD-HD-E61","2025-08-01","United States","2025-08-19",6,384.87,0,0,384.87,4.53,389.4
"Magnetic Espresso Dosing Ring","54mm Dosing Ring / Black","V2-PSDring-54mm","2025-08-01","United States","2025-08-18",2,49.5,-2.48,0,47.02,0,47.02
"Stainless Steel Clump Crusher V2.0 (WDT espresso distribution tool)","Bronze","V2-PSDcrusher-Bronze","2025-08-01","United States","2025-08-02",1,34.35,0,0,34.35,0,34.35
"53.5 & 58.5mm Puck Diffuser Screen","58.5mm","PSD-puck","2025-08-01","United States","2025-08-13",1,22,0,0,22,0,22
"High Extraction He[%] Filter Baskets for a Fuller Coffee Experience","Pesado He[%] Basket - Small","PSD-HE-SM","2025-08-01","Australia","2025-08-13",1,50.56,-5.05,0,45.51,4.55,50.06
"High Extraction He[%] Filter Baskets for a Fuller Coffee Experience","Pesado He[%] Basket - Medium","PSD-HE-ME","2025-08-01","Italy","2025-08-03",1,67.15,0,0,67.15,0,67.15
"Bottomless Breville 54/58 Portafilter (Hybrid)","Breville 54mm / Black / Silver","PF00BR54-BSL-HY","2025-08-01","United States","2025-08-11",1,112,-11.2,0,100.8,0,100.8
"High Extraction He[%] Filter Baskets for a Fuller Coffee Experience","Pesado He[%] Basket - Large","PSD-HE-LG","2025-08-01","Australia","2025-08-02",3,150.03,-10,0,140.03,14,154.03
"Pesado EP Filter Basket","EP-Breville54-20g","EP-BR-20g","2025-08-01","United States","2025-08-10",3,60,-6,0,54,0,54
"High Diffusion Espresso Shower Screen","LM - HD Shower Screen","PSD-HD-LM","2025-08-01","Vietnam","2025-08-08",1,56.14,0,0,56.14,0,56.14
"High Diffusion Espresso Shower Screen","54 - HD Shower Screen","PSD-HD-54","2025-08-01","United States","2025-08-05",29,1450,-16,0,1434,0,1434
"Pesado EP Filter Basket","EP-22g","EP-22g","2025-08-01","Singapore","2025-08-15",1,21.07,-2.53,0,18.54,0,18.54
"Coffee Tamper: 58.5mm & 53.5mm","53.5mm / Black / Iris","PSDT-53.5-BKIris","2025-08-01","United States","2025-08-03",1,97.5,-9.75,0,87.75,0,87.75
"Hybrid Breville 54/58mm Portafilter - Versatile and Easy to Use","Breville 54 / Black | Bronze","PF02BR54-BBZ-HY","2025-08-01","Hong Kong","2025-08-16",1,139.81,0,0,139.81,0,139.81
"Spring-Loaded Self-Leveling Tamper – Pesado x AD Coffee","Default Title","PSD-ADcoffee-Tamper","2025-08-01","Netherlands","2025-08-01",1,122.58,0,0,122.58,0,122.58
"Stand for (WDT) Clump Crusher 2.0","Default Title","V2-PSDcrusher-Stand","2025-08-01","New Zealand","2025-08-19",1,18.46,0,0,18.46,0,18.46
"High Diffusion Espresso Shower Screen","E61 - HD Shower Screen","PSD-HD-E61","2025-08-01","Qatar","2025-08-19",1,60.37,0,0,60.37,0,60.37
"Pesado EP Filter Basket","EP-Breville54-18g","EP-BR-18g","2025-08-01","United States","2025-08-14",1,22,0,0,22,0,22
"High Extraction He[%] Filter Baskets for a Fuller Coffee Experience","Pesado He[%] Basket - Large","PSD-HE-LG","2025-08-01","United States","2025-08-06",3,195,-20.8,0,174.2,0,174.2
"Hybrid Breville 54/58mm Portafilter - Versatile and Easy to Use","Breville 54 / Black | Black","PF02BR54-BBK-HY","2025-08-01","United States","2025-08-16",1,137,-13.7,0,123.3,0,123.3
"High Extraction He[%] Filter Baskets for a Fuller Coffee Experience","Pesado He[%] Basket - Medium","PSD-HE-ME","2025-08-01","United States","2025-08-02",1,65,0,0,65,0,65
"High Diffusion Espresso Shower Screen","MV - HD Shower Screen","PSD-HD-MV","2025-08-01","South Korea","2025-08-02",1,58.31,0,0,58.31,0,58.31
"53.5 & 58.5mm Puck Diffuser Screen","53.5mm","PSD-puck-54","2025-08-01","United States","2025-08-17",1,22,0,0,22,0,22
"Precision 58mm Breville Bundle: 58mm Portafilter & He[%] Basket","White","PRE-BR58-WHSET","2025-08-01","Australia","2025-08-19",1,164.62,0,0,164.62,16.46,181.08
"Spring-Loaded Self-Leveling Tamper – Pesado x AD Coffee","Default Title","PSD-ADcoffee-Tamper","2025-08-01","Hong Kong","2025-08-09",2,244.84,-24.48,0,220.36,0,220.36
"Espresso Shot Mirror","Default Title","PSDshot-mirror","2025-08-01","Spain","2025-08-06",2,57.78,0,0,57.78,0,57.78
"Crusher Threaded Pin Assembly for DIY WDT Tool","4 pack of WDT pins","PSD-removablepins","2025-08-01","France","2025-08-06",6,6.66,-0.77,0,5.89,0,5.89
"High Extraction He[%] Filter Baskets for a Fuller Coffee Experience","Pesado He[%] Basket - Small","PSD-HE-SM","2025-08-01","United States","2025-08-03",1,65,0,0,65,0,65
"Spring-Loaded Self-Leveling Tamper – Pesado x AD Coffee","Default Title","PSD-ADcoffee-Tamper","2025-08-01","Australia","2025-08-18",1,106.57,0,0,106.57,10.65,117.22
"High Diffusion Espresso Shower Screen","54 - HD Shower Screen","PSD-HD-54","2025-08-01","Australia","2025-08-13",28,1249.95,-13.38,0,1236.57,123.66,1360.23
"Breville 54mm Portafilter & Basket Precision Bundle","White","PRE-BR54-WHSET","2025-08-01","United States","2025-08-16",1,199.98,0,0,199.98,0,199.98
"Espresso Shot Mirror","Default Title","PSDshot-mirror","2025-08-01","Australia","2025-08-01",2,47.52,-2.84,0,44.68,4.46,49.14
"High Extraction He[%] Filter Baskets for a Fuller Coffee Experience","Pesado He[%] Basket - Medium","PSD-HE-ME","2025-08-01","Australia","2025-08-13",1,50.66,-5.06,0,45.6,4.56,50.16
"Sunrise Ceramic Coffee Cup and Saucer Set (White)","Default Title","PSD-CeramicSet","2025-08-01","Australia","2025-08-09",3,26.69,0,0,26.69,2.67,29.36
"High Extraction He[%] Filter Baskets for a Fuller Coffee Experience","Pesado He[%] Basket - X-Large","PSD-HE-XL","2025-08-01","United States","2025-08-16",2,143,-7.15,0,135.85,0,135.85
"High Diffusion Espresso Shower Screen","LM - HD Shower Screen","PSD-HD-LM","2025-08-01","United States","2025-08-02",1,55,-5.5,0,49.5,0,49.5
"Bottomless LM/E61/NS/GA Portafilter (Hybrid)","La Marzocco 6mm / Black / Silver","PF00LM-BSL-HY","2025-08-01","United States","2025-08-11",1,112,-11.2,0,100.8,0,100.8
"Stainless Steel Milk Jug With Round Spout - 16.5oz / 490ml","Default Title","PSDjugWH","2025-08-01","United States","2025-08-11",1,34.35,0,0,34.35,0,34.35
"Wooden Clump Crusher - WDT Distribution Tool for Fluffy Espresso Puck","Riga","PSDcrusherRIGA","2025-08-01","Japan","2025-08-01",1,35.22,-4.23,0,30.99,0,30.99
"Gravity Coffee Distributor 53.5mm","54 mm","PSD-distributor-54m","2025-08-01","South Korea","2025-08-06",1,111.65,-13.4,0,98.25,0,98.25
"Bottomless Breville 54/58 Portafilter (Hybrid)","Breville 58mm / White / Bronze","PF00BR58-WBZ-HY","2025-08-01","Australia","2025-08-10",1,88.95,0,0,88.95,8.9,97.85
"Wooden Clump Crusher - WDT Distribution Tool for Fluffy Espresso Puck","Riga","PSDcrusherRIGA","2025-08-01","Australia","2025-08-18",1,26.07,0,0,26.07,2.61,28.68
"High Diffusion Espresso Shower Screen","54 - HD Shower Screen","PSD-HD-54","2025-08-01","Australia","2025-08-08",31,1378.5,-31.98,0,1346.52,134.75,1481.27
"Stainless Steel Clump Crusher V2.0 (WDT espresso distribution tool)","Black","V2-PSDcrusher-Black","2025-08-01","United States","2025-08-20",1,37.79,0,0,37.79,0,37.79
"High Extraction He[%] Filter Baskets for a Fuller Coffee Experience","Pesado He[%] Basket - Medium","PSD-HE-ME","2025-08-01","Australia","2025-08-08",1,50.41,-5.03,0,45.38,4.53,49.91
"High Diffusion Espresso Shower Screen","E61 - HD Shower Screen","PSD-HD-E61","2025-08-01","Saudi Arabia","2025-08-16",1,60.23,-6.02,0,54.21,0,54.21
"High Extraction He[%] Filter Baskets for a Fuller Coffee Experience","Pesado He[%] Basket - Medium","PSD-HE-ME","2025-08-01","Hong Kong","2025-08-09",2,132.74,-13.27,0,119.47,0,119.47
"Pesado Black Ripple Set","Precision Barista Jug Sharp Spout","PSDjug-BK","2025-08-01","United States","2025-08-17",1,37.79,-3.78,0,34.01,0,34.01
"High Diffusion Espresso Shower Screen","MV - HD Shower Screen","PSD-HD-MV","2025-08-01","Australia","2025-08-02",20,1035.57,-11.38,0,1024.19,102.45,1126.64
"53.5 & 58.5mm Puck Diffuser Screen","53.5mm","PSD-puck-54","2025-08-01","United States","2025-08-20",2,44,0,0,44,0,44
"Gravity Coffee Distributor 53.5mm","54 mm","PSD-distributor-54m","2025-08-01","United States","2025-08-12",2,220,-24.2,0,195.8,0,195.8
"High Diffusion Espresso Shower Screen","E61 - HD Shower Screen","PSD-HD-E61","2025-08-01","United States","2025-08-06",5,295,-12.98,0,282.02,0,282.02
"53.5 & 58.5mm Puck Diffuser Screen","53.5mm","PSD-puck-54","2025-08-01","Australia","2025-08-12",3,48.82,0,0,48.82,4.88,53.7
"Hybrid Breville 54/58mm Portafilter - Versatile and Easy to Use","Breville 54 / Black | Silver","PF02BR54-BSL-HY","2025-08-01","Australia","2025-08-08",1,109.8,-10.98,0,98.82,9.88,108.7
"Pesado EP Filter Basket","EP-20g","EP-20g","2025-08-01","Australia","2025-08-06",1,17.69,0,0,17.69,1.77,19.46
"53.5 & 58.5mm Puck Diffuser Screen","58.5mm","PSD-puck","2025-08-01","United States","2025-08-08",1,20,-2.4,0,17.6,0,17.6
"Pesado EP Filter Basket","EP-Breville54-20g","EP-BR-20g","2025-08-01","United States","2025-08-15",4,88,-8.8,0,79.2,0,79.2
"Stainless Steel Clump Crusher V2.0 (WDT espresso distribution tool)","Silver","V2-PSDcrusher-Silver","2025-08-01","United States","2025-08-08",1,34.35,0,0,34.35,0,34.35
"Precision 58mm Breville Bundle: 58mm Portafilter & He[%] Basket","Black","PRE-BR58-SET","2025-08-01","United States","2025-08-09",2,404,0,0,404,0,404
"El Rocio Manus S Espresso Machine","Black","MANUSBK","2025-08-01","Australia","2025-08-19",1,1385.94,0,0,1385.94,0,1385.94
"Stainless Steel Clump Crusher V2.0 (WDT espresso distribution tool)","Black","V2-PSDcrusher-Black","2025-08-01","United States","2025-08-04",1,34.35,0,0,34.35,0,34.35
"Pesado Black Ripple Set","58mm Dosing Cup","PSDdosingCup-BK","2025-08-01","Australia","2025-08-12",1,20.74,-2.49,0,18.25,1.83,20.08
"High Diffusion Espresso Shower Screen","54 - HD Shower Screen","PSD-HD-54","2025-08-01","United States","2025-08-16",26,1430,-18.7,0,1411.3,0,1411.3
"Bottomless Breville 54/58 Portafilter (Hybrid)","Breville 58mm / Black / Riga","PF00BR58BK-Riga-HY","2025-08-01","Australia","2025-08-01",1,94.13,0,0,94.13,9.42,103.55
"Stand for (WDT) Clump Crusher 2.0","Default Title","V2-PSDcrusher-Stand","2025-08-01","Australia","2025-08-03",1,16.83,0,0,16.83,1.68,18.51
"Pesado Single Dose Coffee Cellar Stand + 4 Pack of Bean Cellars","Default Title","PSD-Beanstand-combo","2025-08-01","Australia","2025-08-05",1,67.55,0,0,67.55,6.75,74.3
"Magnetic Espresso Dosing Ring","58mm Dosing Ring / Black","V2-PSDring-58mm","2025-08-01","United States","2025-08-01",1,22.5,0,0,22.5,0,22.5
"High Extraction He[%] Filter Baskets for a Fuller Coffee Experience","Pesado He[%] Basket - Large","PSD-HE-LG","2025-08-01","United States","2025-08-19",4,286,-7.15,0,278.85,0,278.85
"53.5 & 58.5mm Puck Diffuser Screen","53.5mm","PSD-puck-54","2025-08-01","Slovakia","2025-08-20",1,20.88,-2.08,0,18.8,0,18.8
"Pesado EP Filter Basket","EP-Breville54-18g","EP-BR-18g","2025-08-01","United States","2025-08-11",3,60,-4,0,56,0,56
"High Diffusion Espresso Shower Screen","E61 - HD Shower Screen","PSD-HD-E61","2025-08-01","Hong Kong","2025-08-17",1,60.19,0,0,60.19,0,60.19
"Bottomless Breville 54/58 Portafilter (Hybrid)","Breville 58mm / White / Iris","PF00BR58WH-Iris-HY","2025-08-01","Australia","2025-08-06",1,94.61,0,0,94.61,9.46,104.07
"Modular Portafilter Handles","Black / Black","PSDHMODBBK","2025-08-01","United States","2025-08-20",1,60.5,-6.05,0,54.45,0,54.45
"High Extraction He[%] Filter Baskets for a Fuller Coffee Experience","Pesado He[%] Basket - Medium","PSD-HE-ME","2025-08-01","United States","2025-08-18",1,71.5,0,0,71.5,0,71.5
"Distribution Bundle","58mm Distribution Bundle / Black","DISTR_B","2025-08-01","United States","2025-08-17",1,170.62,0,0,170.62,0,170.62
"Dusk & Haze Clump Crusher (WDT tool)","Dusk","PSDcrusher-Dusk","2025-08-01","United States","2025-08-19",1,37.79,0,0,37.79,0,37.79
"Magnetic Espresso Dosing Ring","58mm Dosing Ring / Black","V2-PSDring-58mm","2025-08-01","United States","2025-08-04",2,45,-2.7,0,42.3,0,42.3
"Coffee Tamper: 58.5mm & 53.5mm","58.5mm / Black / Riga","PSDTMBKRiga","2025-08-01","Australia","2025-08-20",1,76.16,0,0,76.16,7.62,83.78
"Bottomless Breville 54/58 Portafilter (Hybrid)","Breville 54mm / Black Full POM","PF00BR54-FullPOM-HY","2025-08-01","United States","2025-08-12",2,189,-11.88,0,177.12,0,177.12
"Depth Adjuster","Default Title","PSdepth","2025-08-01","Australia","2025-08-01",1,29.83,-3.58,0,26.25,2.62,28.87
"Espresso Shot Mirror","Default Title","PSDshot-mirror","2025-08-01","United States","2025-08-01",3,81.74,-2.79,0,78.95,2.26,81.21
"High Extraction He[%] Filter Baskets for a Fuller Coffee Experience","Pesado He[%] Basket - Large","PSD-HE-LG","2025-08-01","Australia","2025-08-18",1,50.37,0,0,50.37,5.04,55.41
"Bottomless LM/E61/NS/GA Portafilter (Hybrid)","E61 5mm / Black / Bronze","PF00MV-BBZ-HY","2025-08-01","United States","2025-08-17",1,123.2,0,0,123.2,0,123.2
"Pesado EP Filter Basket","EP-20g","EP-20g","2025-08-01","Australia","2025-08-03",1,19.45,-19.45,0,0,0,0
"Pesado Portafilter Tamping Station","Default Title","PSD-TampingStation","2025-08-01","United States","2025-08-20",1,131.99,0,0,131.99,0,131.99
"Breville 54mm Portafilter & Basket Precision Bundle","Black","PRE-BR54-SET","2025-08-01","United States","2025-08-14",1,199.98,0,0,199.98,0,199.98
"High Extraction He[%] Filter Baskets for a Fuller Coffee Experience","Pesado He[%] Basket - X-Large","PSD-HE-XL","2025-08-01","Australia","2025-08-09",2,100.81,-11.07,0,89.74,8.97,98.71
"Magnetic Espresso Dosing Ring","54mm Dosing Ring / Black","V2-PSDring-54mm","2025-08-01","United States","2025-08-02",1,22.5,0,0,22.5,0,22.5
"Single-Dose Coffee Tubes (Bean Cellar 4-Pack)","Default Title","PSD-beantube","2025-08-01","United States","2025-08-14",2,59.4,0,0,59.4,0,59.4
"Magnetic Espresso Dosing Ring","58mm Dosing Ring / Black","V2-PSDring-58mm","2025-08-01","Australia","2025-08-03",5,98.59,-2.95,0,95.64,9.56,105.2
"High Diffusion Espresso Shower Screen","E61 - HD Shower Screen","PSD-HD-E61","2025-08-01","United States","2025-08-03",1,59,0,0,59,0,59
"High Diffusion Espresso Shower Screen","LM - HD Shower Screen","PSD-HD-LM","2025-08-01","Australia","2025-08-15",3,156.08,-6.24,0,149.84,14.99,164.83
"High Diffusion Espresso Shower Screen","MV - HD Shower Screen","PSD-HD-MV","2025-08-01","Australia","2025-08-07",25,1303.92,-45.89,0,1258.03,125.82,1383.85
"Portafilter with a Double Spout for Espresso Machines","Breville 54 / White Full Pom","PF02BR54-WHPOM","2025-08-01","Australia","2025-08-07",1,65.11,0,0,65.11,6.51,71.62
"Bottomless LM/E61/NS/GA Portafilter (Hybrid)","Gaggia / Black / Riga","PF00GABK-Riga-HY","2025-08-01","United States","2025-08-19",1,132,-13.2,0,118.8,0,118.8
"53.5 & 58.5mm Puck Diffuser Screen","58.5mm","PSD-puck","2025-08-01","Australia","2025-08-11",1,16.28,0,0,16.28,1.63,17.91
"Stand for (WDT) Clump Crusher 2.0","Default Title","V2-PSDcrusher-Stand","2025-08-01","United States","2025-08-09",1,18,-1.8,0,16.2,0,16.2
"Hybrid Breville 54/58mm Portafilter - Versatile and Easy to Use","Breville 54 / Black | Dusk","PF02BR54-BDK-HY","2025-08-01","Australia","2025-08-18",1,109.63,0,0,109.63,10.97,120.6
"High Diffusion Espresso Shower Screen","E61 - HD Shower Screen","PSD-HD-E61","2025-08-01","Peru","2025-08-18",2,120.82,-12.08,0,108.74,0,108.74
"Pesado Black Ripple Set","Black Ripple Set","PSDBlackRippleSet","2025-08-01","Australia","2025-08-01",1,52.05,-6.24,0,45.81,4.58,50.39
"High Extraction He[%] Filter Baskets for a Fuller Coffee Experience","Pesado He[%] Basket - Small","PSD-HE-SM","2025-08-01","United States","2025-08-19",-1,0,0,-71.5,-71.5,0,-71.5
"Pesado EP Filter Basket","EP-Breville54-20g","EP-BR-20g","2025-08-01","Australia","2025-08-12",2,35.4,-3.54,0,31.86,3.18,35.04
"High Extraction He[%] 54mm Breville Filter Basket - Dosing 18g-20g","Default Title","PSD-HE-54","2025-08-01","United States","2025-08-08",5,321.26,-7.8,0,313.46,3.74,317.2
"Bottomless LM/E61/NS/GA Portafilter (Hybrid)","La Marzocco 6mm / Black / Iris","PF00LMBK-Iris-HY","2025-08-01","Hong Kong","2025-08-09",1,122.42,-12.24,0,110.18,0,110.18
"Precision 58mm Breville Bundle: 58mm Portafilter & He[%] Basket","Black","PRE-BR58-SET","2025-08-01","Australia","2025-08-12",2,319.9,-19.15,0,300.75,30.08,330.83
"Dosing Cup","54mm Dosing Cup / Black","PSDdosingCup-BK-54","2025-08-01","United States","2025-08-05",1,26.25,0,0,26.25,0,26.25
"Crusher Threaded Pin Assembly for DIY WDT Tool","4 pack of WDT pins","PSD-removablepins","2025-08-01","Australia","2025-08-10",1,0.59,0,0,0.59,0.06,0.65
"High Diffusion Espresso Shower Screen","MV - HD Shower Screen","PSD-HD-MV","2025-08-01","United States","2025-08-15",8,484,0,0,484,0,484
"Pesado 58.5 Portafilter Hybrid Head - Versatile & Easy to Use","LM/E61 & NS/BR58mm Hybrid Attachment Only","PSDHY","2025-08-01","Australia","2025-08-03",1,22.69,-22.69,0,0,0,0
"53.5 & 58.5mm Puck Diffuser Screen","53.5mm","PSD-puck-54","2025-08-01","United States","2025-08-01",3,60,-2.4,0,57.6,0,57.6
"Precision 58mm Breville Bundle: 58mm Portafilter & He[%] Basket","White","PRE-BR58-WHSET","2025-08-01","United States","2025-08-15",2,399.96,0,0,399.96,0,399.96
"High Diffusion Espresso Shower Screen","LM - HD Shower Screen","PSD-HD-LM","2025-08-01","United States","2025-08-07",7,385,-17.6,0,367.4,0,367.4
"Coffee Tamper: 58.5mm & 53.5mm","53.5mm / Black / Bronze","PSDT-53.5-BBZ","2025-08-01","Australia","2025-08-14",1,70.88,0,0,70.88,7.09,77.97
"High Diffusion Espresso Shower Screen","E61 - HD Shower Screen","PSD-HD-E61","2025-08-01","Australia","2025-08-15",2,112.35,0,0,112.35,11.24,123.59
"Bottomless Breville 54/58 Portafilter (Hybrid)","Breville 54mm / Black Full POM","PF00BR54-FullPOM-HY","2025-08-01","Australia","2025-08-14",1,65.47,-6.54,0,58.93,5.89,64.82
"Magnetic Espresso Dosing Ring","58mm Dosing Ring / White","WH-V2-PSDring-58mm","2025-08-01","United States","2025-08-11",1,22.5,-2.25,0,20.25,0,20.25
"53.5 & 58.5mm Puck Diffuser Screen","58.5mm","PSD-puck","2025-08-01","Australia","2025-08-14",2,32.5,0,0,32.5,3.24,35.74
"Hybrid Breville 54/58mm Portafilter - Versatile and Easy to Use","Breville 54 / Black Full POM","PF02BR54-FullPOM-HY","2025-08-01","United States","2025-08-12",2,230,-34.5,0,195.5,0,195.5
"Pesado Portafilter Tamping Station","Default Title","PSD-TampingStation","2025-08-01","Hong Kong","2025-08-09",2,244.84,-24.48,0,220.36,0,220.36
"High Extraction He[%] Filter Baskets for a Fuller Coffee Experience","Pesado He[%] Basket - Large","PSD-HE-LG","2025-08-01","United Kingdom","2025-08-17",1,66.47,0,0,66.47,0,66.47
"Wooden Clump Crusher - WDT Distribution Tool for Fluffy Espresso Puck","Riga","PSDcrusherRIGA","2025-08-01","Australia","2025-08-02",1,25.89,0,0,25.89,2.59,28.48
"High Extraction He[%] Filter Baskets for a Fuller Coffee Experience","Pesado He[%] Basket - Small","PSD-HE-SM","2025-08-01","United States","2025-08-06",2,130,-6.5,0,123.5,0,123.5
"Bottomless LM/E61/NS/GA Portafilter (Hybrid)","La Marzocco 6mm / White / Dusk","PF00LM-WDK-HY","2025-08-01","United States","2025-08-05",3,360,0,0,360,0,360
"Alloy Modular Stand for Clump Crusher (WDT tool)","Default Title","PSDcrusher-Stand","2025-08-01","United States","2025-08-08",2,36,-2.16,0,33.84,0,33.84
"Crusher Threaded Pin Assembly for DIY WDT Tool","4 pack of WDT pins","PSD-removablepins","2025-08-01","Australia","2025-08-15",1,0.59,0,0,0.59,0.06,0.65
"High Extraction He[%] 54mm Breville Filter Basket - Dosing 18g-20g","Default Title","PSD-HE-54","2025-08-01","United States","2025-08-13",6,500.5,0,-65,435.5,0,435.5
"Precision 58mm Breville Bundle: 58mm Portafilter & He[%] Basket","Black","PRE-BR58-SET","2025-08-01","Australia","2025-08-09",1,160.11,0,0,160.11,16.02,176.13
"Pesado EP Filter Basket","EP-Breville54-20g","EP-BR-20g","2025-08-01","Australia","2025-08-09",4,71.16,-3.56,0,67.6,6.76,74.36
"Single-Dose Coffee Tubes (Bean Cellar 4-Pack)","Default Title","PSD-beantube","2025-08-01","United States","2025-08-18",1,29.7,0,0,29.7,0,29.7
"High Extraction He[%] Filter Baskets for a Fuller Coffee Experience","Pesado He[%] Basket - Medium","PSD-HE-ME","2025-08-01","Oman","2025-08-06",1,65,0,0,65,0,65
"Impact Gravity Espresso Grounds Distributor (58.4mm)","Black","V2-PSD-distributor","2025-08-01","United States","2025-08-10",2,229.34,-10.93,0,218.41,9.59,228
"Bottomless LM/E61/NS/GA Portafilter (Hybrid)","Gaggia / White / Silver","PF00GA-WSL-HY","2025-08-01","United States","2025-08-15",1,123.2,-14.78,0,108.42,0,108.42
"Coffee Tamper: 58.5mm & 53.5mm","58.5mm / White / Silver","PSDTMWSl","2025-08-01","United States","2025-08-11",1,90,-9,0,81,0,81
"High Diffusion Espresso Shower Screen","LM - HD Shower Screen","PSD-HD-LM","2025-08-01","United States","2025-08-18",0,60.5,0,-48.4,12.1,0,12.1
"Pesado Portafilter Tamping Station","Default Title","PSD-TampingStation","2025-08-01","Australia","2025-08-18",1,106.67,0,0,106.67,10.67,117.34
"High Diffusion Espresso Shower Screen","MV - HD Shower Screen","PSD-HD-MV","2025-08-01","United States","2025-08-10",9,490.8,0,0,490.8,4.2,495
"High Diffusion Espresso Shower Screen","MV - HD Shower Screen","PSD-HD-MV","2025-08-01","South Korea","2025-08-07",1,58.74,-7.05,0,51.69,0,51.69
"High Diffusion Espresso Shower Screen","E61 - HD Shower Screen","PSD-HD-E61","2025-08-01","Australia","2025-08-10",2,112.61,0,0,112.61,11.27,123.88
"High Extraction He[%] 54mm Breville Filter Basket - Dosing 18g-20g","Default Title","PSD-HE-54","2025-08-01","Australia","2025-08-08",3,151.28,-10.07,0,141.21,14.11,155.32
"Magnetic Espresso Dosing Ring","58mm Dosing Ring / Black","V2-PSDring-58mm","2025-08-01","United States","2025-08-17",1,24.75,-2.47,0,22.28,0,22.28
"Maximum Distribution Bundle","Black","DistributionBundle","2025-08-01","Switzerland","2025-08-16",1,198.38,0,0,198.38,0,198.38
"High Extraction He[%] Filter Baskets for a Fuller Coffee Experience","Pesado He[%] Basket - Medium","PSD-HE-ME","2025-08-01","United States","2025-08-07",4,260,-6.5,0,253.5,0,253.5
"Stainless Steel Clump Crusher V2.0 (WDT espresso distribution tool)","Black","V2-PSDcrusher-Black","2025-08-01","Cambodia","2025-08-03",1,35.2,0,0,35.2,0,35.2
"High Extraction He[%] Filter Baskets for a Fuller Coffee Experience","Pesado He[%] Basket - Large","PSD-HE-LG","2025-08-01","United States","2025-08-03",2,130,-6.5,0,123.5,0,123.5
"Precision Distribution Bundle","Default Title","Prec_Dist_Bundle","2025-08-01","Australia","2025-08-15",1,120.49,0,0,120.49,12.05,132.54
"High Extraction He[%] Filter Baskets for a Fuller Coffee Experience","Pesado He[%] Basket - Large","PSD-HE-LG","2025-08-01","Australia","2025-08-07",2,100.86,-10.07,0,90.79,9.07,99.86
"Modular Puck Screen Holder - Aluminum Matte Black","Default Title","PSD-PuckHolder","2025-08-01","United States","2025-08-14",1,22,0,0,22,0,22
"Wooden Clump Crusher - WDT Distribution Tool for Fluffy Espresso Puck","Raya","PSDcrusherRAYA","2025-08-01","United States","2025-08-08",1,34.35,0,0,34.35,0,34.35
"Hybrid Breville 54/58mm Portafilter - Versatile and Easy to Use","Breville 54 / Black | Iris","PF02BR54BK-Iris-HY","2025-08-01","United States","2025-08-14",1,159.5,0,0,159.5,0,159.5
"Spouted Portafilter - Head Only","LM/E61","PFHLM","2025-08-01","United States","2025-08-09",1,67.5,0,0,67.5,0,67.5
"Pesado EP Filter Basket","EP-18g","EP-18g","2025-08-01","United States","2025-08-05",2,40,0,0,40,0,40
"High Diffusion Espresso Shower Screen","MV - HD Shower Screen","PSD-HD-MV","2025-08-01","Australia","2025-08-18",22,1144.84,-21.86,0,1122.98,112.31,1235.29
"Pesado Black Ripple Set","Precision Barista Jug Sharp Spout","PSDjug-BK","2025-08-01","United States","2025-08-01",2,68.7,-3.44,0,65.26,0,65.26
"Coffee Tamper: 58.5mm & 53.5mm","58.5mm / Raya","PSDTWRaya","2025-08-01","United States","2025-08-05",1,97.5,-9.75,0,87.75,0,87.75
"High Diffusion Espresso Shower Screen","MV - HD Shower Screen","PSD-HD-MV","2025-08-01","United States","2025-08-03",11,605,0,0,605,0,605
"High Diffusion Espresso Shower Screen","E61 - HD Shower Screen","PSD-HD-E61","2025-08-01","Australia","2025-08-03",2,223.61,0,-113.77,109.84,11,120.84
"High Extraction He[%] 54mm Breville Filter Basket - Dosing 18g-20g","Default Title","PSD-HE-54","2025-08-01","Australia","2025-08-01",0,49.72,-5.96,-44.2,-0.44,-0.04,-0.48
"Bottomless Breville 54/58 Portafilter (Hybrid)","Breville 54mm / White / Gold","PF00BR54-WGD-HY","2025-08-01","United States","2025-08-01",1,112,0,0,112,0,112
"Pesado 58.5 Portafilter Hybrid Head - Versatile & Easy to Use","LM/E61 & NS/BR58mm Hybrid Attachment Only","PSDHY","2025-08-01","Australia","2025-08-15",1,20.69,0,0,20.69,2.07,22.76
"53.5 & 58.5mm Puck Diffuser Screen","53.5mm","PSD-puck-54","2025-08-01","United States","2025-08-13",2,44,0,0,44,0,44
"Impact Gravity Espresso Grounds Distributor (58.4mm)","Black","V2-PSD-distributor","2025-08-01","United States","2025-08-03",1,120,-12,0,108,0,108
"Bottomless Breville 54/58 Portafilter (Hybrid)","Breville 54mm / Black / Silver","PF00BR54-BSL-HY","2025-08-01","Australia","2025-08-15",1,88.73,0,0,88.73,8.88,97.61
"Hybrid Breville 54/58mm Portafilter - Versatile and Easy to Use","Breville 58 / Black | Riga","PF02BR58BK-Riga-HY","2025-08-01","Australia","2025-08-11",1,115.46,-13.85,0,101.61,10.16,111.77
"Modular Tamper Handle: Customize Your Tamper for Coffee","Black / Bronze","PSDTHMODBBZ","2025-08-01","Poland","2025-08-04",1,47.06,0,0,47.06,0,47.06
,"",,"2025-08-01","Italy","2025-08-03",1,0,0,0,0,0,0
"High Diffusion Espresso Shower Screen","LM - HD Shower Screen","PSD-HD-LM","2025-08-01","Sweden","2025-08-15",1,56.18,0,0,56.18,0,56.18
"Bottomless Breville 54/58 Portafilter (Hybrid)","Breville 54mm / White / Bronze","PF00BR54-WBZ-HY","2025-08-01","Australia","2025-08-08",1,88.98,0,0,88.98,8.9,97.88
"High Extraction He[%] Filter Baskets for a Fuller Coffee Experience","Pesado He[%] Basket - Medium","PSD-HE-ME","2025-08-01","Australia","2025-08-17",1,50.33,0,0,50.33,5.03,55.36
"Hybrid LM/E61/NS/GA Portafilter - Versatile Bottomless & Spouted","Nuova Simonelli / Black Full Pom","PF02NS-FullPOM-HY","2025-08-01","United States","2025-08-05",2,230,-46,0,184,0,184
"High Diffusion Espresso Shower Screen","54 - HD Shower Screen","PSD-HD-54","2025-08-01","Australia","2025-08-17",17,798.82,-15.08,-43.82,739.92,74.03,813.95
"High Diffusion Espresso Shower Screen","MV - HD Shower Screen","PSD-HD-MV","2025-08-01","Malaysia","2025-08-09",1,56.14,0,0,56.14,0,56.14
"Sunrise Ceramic Coffee Cup and Saucer Set (White)","Default Title","PSD-CeramicSet","2025-08-01","Australia","2025-08-05",1,8.81,0,0,8.81,0.88,9.69
"Single-Dose Coffee Tubes (Bean Cellar 4-Pack)","Default Title","PSD-beantube","2025-08-01","Australia","2025-08-14",1,23.62,0,0,23.62,2.37,25.99
"Magnetic Espresso Dosing Ring","58mm Dosing Ring / Black","V2-PSDring-58mm","2025-08-01","Australia","2025-08-15",1,19.8,0,0,19.8,1.98,21.78
"High Diffusion Espresso Shower Screen","E61 - HD Shower Screen","PSD-HD-E61","2025-08-01","United States","2025-08-15",6,389.4,0,0,389.4,0,389.4
"53.5 & 58.5mm Puck Diffuser Screen","53.5mm","PSD-puck-54","2025-08-01","Australia","2025-08-05",2,32.31,-1.6,0,30.71,3.07,33.78
"Magnetic Espresso Dosing Ring","54mm Dosing Ring / Black","V2-PSDring-54mm","2025-08-01","United States","2025-08-14",1,24.75,0,0,24.75,0,24.75
"Modular Portafilter Handles","Black / Dusk","PSDHMODBDK","2025-08-01","United States","2025-08-09",1,55,-5.5,0,49.5,0,49.5
"Hybrid Breville 54/58mm Portafilter - Versatile and Easy to Use","Breville 54 / Black Full POM","PF02BR54-FullPOM-HY","2025-08-01","Australia","2025-08-17",1,91.74,0,0,91.74,9.17,100.91
"53.5 & 58.5mm Puck Diffuser Screen","58.5mm","PSD-puck","2025-08-01","United States","2025-08-17",6,176,-2.64,-36,137.36,0,137.36
"Hybrid Breville 54/58mm Portafilter - Versatile and Easy to Use","Breville 54 / Black | Silver","PF02BR54-BSL-HY","2025-08-01","United States","2025-08-04",1,137,0,0,137,0,137
"Pesado EP Filter Basket","EP-Breville54-20g","EP-BR-20g","2025-08-01","United States","2025-08-06",1,20,-2,0,18,0,18
"Coffee Tamper: 58.5mm & 53.5mm","58.5mm / Black / Gold","PSDTMBGd","2025-08-01","Australia","2025-08-04",1,70.61,0,0,70.61,7.06,77.67
"Breville 54mm Portafilter & Basket Precision Bundle","Black","PRE-BR54-SET","2025-08-01","Australia","2025-08-05",1,158.99,0,0,158.99,15.9,174.89
"High Diffusion Espresso Shower Screen","54 - HD Shower Screen","PSD-HD-54","2025-08-01","United States","2025-08-09",34,1700,-26,0,1674,0,1674
"High Diffusion Espresso Shower Screen","E61 - HD Shower Screen","PSD-HD-E61","2025-08-01","Philippines","2025-08-14",2,122.66,0,0,122.66,0,122.66
"Precision 58mm Breville Bundle: 58mm Portafilter & He[%] Basket","Black","PRE-BR58-SET","2025-08-01","United States","2025-08-16",1,199.98,0,0,199.98,0,199.98
"High Extraction He[%] Filter Baskets for a Fuller Coffee Experience","Pesado He[%] Basket - Large","PSD-HE-LG","2025-08-01","United States","2025-08-10",2,130,-13,0,117,0,117
"Pesado EP Filter Basket","EP-Breville54-18g","EP-BR-18g","2025-08-01","United States","2025-08-18",1,22,-2.64,0,19.36,0,19.36
"Precision Cut Espresso & Coffee Tamper Base for Maximum Yield","58mm Base Black","BKPSDTBase","2025-08-01","France","2025-08-06",1,51.18,-6.14,0,45.04,0,45.04
"Hybrid Breville 54/58mm Portafilter - Versatile and Easy to Use","Breville 54 / Black | Black","PF02BR54-BBK-HY","2025-08-01","United States","2025-08-12",1,137,-13.7,0,123.3,0,123.3
"High Diffusion Espresso Shower Screen","E61 - HD Shower Screen","PSD-HD-E61","2025-08-01","United States","2025-08-10",2,177,-11.8,-59,106.2,0,106.2
"53.5 & 58.5mm Puck Diffuser Screen","53.5mm","PSD-puck-54","2025-08-01","Australia","2025-08-16",1,16.26,-1.62,0,14.64,1.46,16.1
"Magnetic Espresso Dosing Ring","54mm Dosing Ring / Black","V2-PSDring-54mm","2025-08-01","United States","2025-08-11",1,22.5,0,0,22.5,0,22.5
"Coffee Tamper: 58.5mm & 53.5mm","58.5mm / Black / Iris","PSDTMBKIris","2025-08-01","Hong Kong","2025-08-09",1,99.49,-9.95,0,89.54,0,89.54
"Magnetic Espresso Dosing Ring","58mm Dosing Ring / Black","V2-PSDring-58mm","2025-08-01","Japan","2025-08-01",1,23.26,-2.79,0,20.47,0,20.47
"53.5 & 58.5mm Puck Diffuser Screen","58.5mm","PSD-puck","2025-08-01","United States","2025-08-04",1,20,0,0,20,0,20
"Stainless Steel Clump Crusher V2.0 (WDT espresso distribution tool)","Silver","V2-PSDcrusher-Silver","2025-08-01","Spain","2025-08-14",1,36.07,0,0,36.07,0,36.07
"Pesado EP Filter Basket","EP-Breville54-20g","EP-BR-20g","2025-08-01","United States","2025-08-19",6,132,-13.2,0,118.8,0,118.8
"Bottomless Breville 54/58 Portafilter (Hybrid)","Breville 54mm / Black / Silver","PF00BR54-BSL-HY","2025-08-01","United States","2025-08-18",1,123.2,0,0,123.2,0,123.2
"Hybrid Breville 54/58mm Portafilter - Versatile and Easy to Use","Breville 54 / Black | Silver","PF02BR54-BSL-HY","2025-08-01","United States","2025-08-17",1,150.7,-15.07,0,135.63,0,135.63
"Hybrid Breville 54/58mm Portafilter - Versatile and Easy to Use","Breville 58 / Black | Bronze","PF02BR58-BBZ-HY","2025-08-01","Australia","2025-08-20",1,108.2,0,0,108.2,10.82,119.02
"Pesado Single Dose Coffee Cellar Stand + 4 Pack of Bean Cellars","Default Title","PSD-Beanstand-combo","2025-08-01","Australia","2025-08-09",1,68.2,0,0,68.2,6.82,75.02
"High Diffusion Espresso Shower Screen","54 - HD Shower Screen","PSD-HD-54","2025-08-01","Australia","2025-08-20",13,570.49,-4.39,0,566.1,56.63,622.73
"Stainless Steel Clump Crusher V2.0 (WDT espresso distribution tool)","Black","V2-PSDcrusher-Black","2025-08-01","United States","2025-08-08",1,34.35,0,0,34.35,0,34.35
"Precision 58mm Breville Bundle: 58mm Portafilter & He[%] Basket","Black","PRE-BR58-SET","2025-08-01","United States","2025-08-05",1,202,0,0,202,0,202
"High Diffusion Espresso Shower Screen","54 - HD Shower Screen","PSD-HD-54","2025-08-01","United States","2025-08-12",32,1625,-24.6,0,1600.4,0,1600.4
"Breville 54mm Portafilter & Basket Precision Bundle","Black","PRE-BR54-SET","2025-08-01","Australia","2025-08-16",1,148.54,0,0,148.54,14.86,163.4
"High Extraction He[%] Filter Baskets for a Fuller Coffee Experience","Pesado He[%] Basket - Medium","PSD-HE-ME","2025-08-01","Australia","2025-08-20",2,99.43,0,0,99.43,9.94,109.37
"Metallic Stainless Steel Leva Accents","Silver","V2-PSDleva-silver","2025-08-01","Singapore","2025-08-09",1,21,0,0,21,0,21
"High Diffusion Espresso Shower Screen","LM - HD Shower Screen","PSD-HD-LM","2025-08-01","United Kingdom","2025-08-05",2,114.34,0,0,114.34,0,114.34
"Pesado EP Filter Basket","EP-Breville54-18g","EP-BR-18g","2025-08-01","United States","2025-08-07",7,140,-12.4,0,127.6,0,127.6
"High Extraction He[%] Filter Baskets for a Fuller Coffee Experience","Pesado He[%] Basket - Large","PSD-HE-LG","2025-08-01","United States","2025-08-15",2,137.55,0,0,137.55,5.45,143
"Hybrid Breville 54/58mm Portafilter - Versatile and Easy to Use","Breville 54 / Black | Black","PF02BR54-BBK-HY","2025-08-01","United States","2025-08-09",1,137,-13.7,0,123.3,0,123.3
"Pesado EP Filter Basket","EP-18g","EP-18g","2025-08-01","Australia","2025-08-01",1,17.65,0,0,17.65,1.77,19.42
"Hybrid LM/E61/NS/GA Portafilter - Versatile Bottomless & Spouted","E61 5mm / White | Silver","PF02MV-WSL-HY","2025-08-01","United States","2025-08-03",1,137,-13.7,0,123.3,0,123.3
"Stainless Steel Milk Jug With Round Spout - 16.5oz / 490ml","Default Title","PSDjugWH","2025-08-01","United States","2025-08-07",2,68.7,-13.74,0,54.96,0,54.96
"53.5 & 58.5mm Puck Diffuser Screen","53.5mm","PSD-puck-54","2025-08-01","United States","2025-08-08",2,40,0,0,40,0,40
"Crusher Threaded Pin Assembly for DIY WDT Tool","4 pack of WDT pins","PSD-removablepins","2025-08-01","Australia","2025-08-03",1,0.59,0,0,0.59,0.06,0.65
"53.5 & 58.5mm Puck Diffuser Screen","58.5mm","PSD-puck","2025-08-01","United States","2025-08-20",1,22,0,0,22,0,22
"High Extraction He[%] 54mm Breville Filter Basket - Dosing 18g-20g","Default Title","PSD-HE-54","2025-08-01","United States","2025-08-01",2,130,-6.5,0,123.5,0,123.5
"Hybrid Breville 54/58mm Portafilter - Versatile and Easy to Use","Breville 54 / Black Full POM","PF02BR54-FullPOM-HY","2025-08-01","Australia","2025-08-20",1,90.65,-9.06,0,81.59,8.16,89.75
"High Extraction He[%] Filter Baskets for a Fuller Coffee Experience","Pesado He[%] Basket - Small","PSD-HE-SM","2025-08-01","Australia","2025-08-20",1,49.68,-4.97,0,44.71,4.47,49.18
"High Diffusion Espresso Shower Screen","54 - HD Shower Screen","PSD-HD-54","2025-08-01","Australia","2025-08-04",18,794.38,-4.4,0,789.98,79.03,869.01
"Stainless Steel Clump Crusher V2.0 (WDT espresso distribution tool)","Silver","V2-PSDcrusher-Silver","2025-08-01","United States","2025-08-20",1,37.79,0,0,37.79,0,37.79
"High Extraction He[%] Filter Baskets for a Fuller Coffee Experience","Pesado He[%] Basket - X-Large","PSD-HE-XL","2025-08-01","United States","2025-08-09",1,65,-6.5,0,58.5,0,58.5
"Precision 58mm Breville Bundle: 58mm Portafilter & He[%] Basket","Black","PRE-BR58-SET","2025-08-01","Australia","2025-08-01",1,158.85,-15.88,0,142.97,14.3,157.27
"Coffee Tamper: 58.5mm & 53.5mm","58.5mm / White / Iris","PSDTMWHIris","2025-08-01","Hong Kong","2025-08-09",1,99.49,-9.95,0,89.54,0,89.54
"Pesado EP Filter Basket","EP-Breville54-20g","EP-BR-20g","2025-08-01","Australia","2025-08-01",5,88.05,-8.78,0,79.27,7.93,87.2
"High Extraction He[%] Filter Baskets for a Fuller Coffee Experience","Pesado He[%] Basket - Small","PSD-HE-SM","2025-08-01","Mexico","2025-08-05",1,65,0,0,65,0,65
"Pesado 58.5 Portafilter Hybrid Head - Versatile & Easy to Use","LM/E61 & NS/BR58mm Hybrid Attachment Only","PSDHY","2025-08-01","Australia","2025-08-14",1,20.67,0,0,20.67,2.07,22.74
"53.5 & 58.5mm Puck Diffuser Screen","53.5mm","PSD-puck-54","2025-08-01","United States","2025-08-12",1,22,-2.64,0,19.36,0,19.36
"Bottomless LM/E61/NS/GA Portafilter (Hybrid)","Nuova Simonelli / Black Full POM","PF00NS-FullPOM-HY","2025-08-01","United States","2025-08-12",1,99,0,0,99,0,99
"Wooden Clump Crusher - WDT Distribution Tool for Fluffy Espresso Puck","Raya","PSDcrusherRAYA","2025-08-01","Australia","2025-08-04",2,51.77,-5.18,0,46.59,4.66,51.25
"Pesado EP Filter Basket","EP-18g","EP-18g","2025-08-01","Singapore","2025-08-10",1,21.03,0,0,21.03,0,21.03
"High Diffusion Espresso Shower Screen","MV - HD Shower Screen","PSD-HD-MV","2025-08-01","United States","2025-08-02",1,55,-6.6,0,48.4,0,48.4
"Pesado Black Ripple Set","Black Ripple Set","PSDBlackRippleSet","2025-08-01","Singapore","2025-08-16",1,56.1,0,0,56.1,0,56.1
"Bottomless Breville 54/58 Portafilter (Hybrid)","Breville 54mm / Black / Riga","PF00BR54BK-Riga-HY","2025-08-01","United States","2025-08-13",1,132,0,0,132,0,132
"High Diffusion Espresso Shower Screen","E61 - HD Shower Screen","PSD-HD-E61","2025-08-01","Australia","2025-08-02",1,55.9,0,0,55.9,5.59,61.49
"High Extraction He[%] Filter Baskets for a Fuller Coffee Experience","Pesado He[%] Basket - X-Large","PSD-HE-XL","2025-08-01","United States","2025-08-13",1,71.5,0,0,71.5,0,71.5
"Stand for (WDT) Clump Crusher 2.0","Default Title","V2-PSDcrusher-Stand","2025-08-01","Spain","2025-08-14",1,18.59,0,0,18.59,0,18.59
"Bottomless LM/E61/NS/GA Portafilter (Hybrid)","E61 5mm / Black / Gold","PF00MV-BGD-HY","2025-08-01","United States","2025-08-12",1,112,0,0,112,0,112
"High Extraction He[%] Filter Baskets for a Fuller Coffee Experience","Pesado He[%] Basket - Medium","PSD-HE-ME","2025-08-01","Australia","2025-08-16",1,50.28,-5.02,0,45.26,4.52,49.78
"High Diffusion Espresso Shower Screen","54 - HD Shower Screen","PSD-HD-54","2025-08-01","Australia","2025-08-16",37,1641.29,-13.29,0,1628,162.96,1790.96
"Hybrid Breville 54/58mm Portafilter - Versatile and Easy to Use","Breville 54 / Black Full POM","PF02BR54-FullPOM-HY","2025-08-01","United States","2025-08-05",1,115,0,0,115,0,115
"Pesado EP Filter Basket","EP-Breville54-20g","EP-BR-20g","2025-08-01","United States","2025-08-07",4,80,-4,0,76,0,76
"High Diffusion Espresso Shower Screen","E61 - HD Shower Screen","PSD-HD-E61","2025-08-01","United Arab Emirates","2025-08-15",1,60.44,0,0,60.44,0,60.44
"53.5 & 58.5mm Puck Diffuser Screen","58.5mm","PSD-puck","2025-08-01","United States","2025-08-16",4,88,-2.64,0,85.36,0,85.36
"Bottomless Breville 54/58 Portafilter (Hybrid)","Breville 54mm / Black / Black","PF00BR54-BBK-HY","2025-08-01","United States","2025-08-11",1,112,0,0,112,0,112
"High Diffusion Espresso Shower Screen","LM - HD Shower Screen","PSD-HD-LM","2025-08-01","Romania","2025-08-18",1,56.31,0,0,56.31,0,56.31
"Pesado EP Filter Basket","EP-Breville54-18g","EP-BR-18g","2025-08-01","Australia","2025-08-19",2,35.38,0,0,35.38,3.54,38.92
"Depth Adjuster","Default Title","PSdepth","2025-08-01","Australia","2025-08-10",0,30.24,-3.62,-26.62,0,0,0
"Precision Espresso Portafilter & Basket Bundle - LM & E61","E61 5mm / Black","PRE_SETMV","2025-08-01","Peru","2025-08-18",2,412.44,-41.24,0,371.2,0,371.2
"53.5 & 58.5mm Puck Diffuser Screen","53.5mm","PSD-puck-54","2025-08-01","Australia","2025-08-04",3,48.58,0,0,48.58,4.86,53.44
"Magnetic Espresso Dosing Ring","58mm Dosing Ring / Black","V2-PSDring-58mm","2025-08-01","Australia","2025-08-14",2,39.73,0,0,39.73,3.98,43.71
"High Diffusion Espresso Shower Screen","E61 - HD Shower Screen","PSD-HD-E61","2025-08-01","United States","2025-08-14",2,129.8,0,0,129.8,0,129.8
"Hybrid Breville 54/58mm Portafilter - Versatile and Easy to Use","Breville 54 / Black | Black","PF02BR54-BBK-HY","2025-08-01","United States","2025-08-13",1,137,-13.7,0,123.3,0,123.3
"Magnetic Espresso Dosing Ring","58mm Dosing Ring / White","WH-V2-PSDring-58mm","2025-08-01","Australia","2025-08-05",1,19.71,0,0,19.71,1.97,21.68
"Coffee Tamper: 58.5mm & 53.5mm","53.5mm / Black / Gold","PSDT-53.5-BGD","2025-08-01","Australia","2025-08-06",1,70.79,0,0,70.79,7.08,77.87
"High Extraction He[%] Filter Baskets for a Fuller Coffee Experience","Pesado He[%] Basket - Large","PSD-HE-LG","2025-08-01","United States","2025-08-11",3,195,-14.3,0,180.7,0,180.7
"Sunrise Ceramic Coffee Cup and Saucer Set (White)","Default Title","PSD-CeramicSet","2025-08-01","Australia","2025-08-20",1,8.79,0,0,8.79,0.88,9.67
"Bottomless LM/E61/NS/GA Portafilter (Hybrid)","Gaggia / Black Full POM","PF00GA-FullPOM-HY","2025-08-01","United States","2025-08-17",1,99,-11.88,0,87.12,0,87.12
"High Diffusion Espresso Shower Screen","LM - HD Shower Screen","PSD-HD-LM","2025-08-01","United Arab Emirates","2025-08-15",1,56.36,0,0,56.36,0,56.36
"Precision 58mm Breville Bundle: 58mm Portafilter & He[%] Basket","Black","PRE-BR58-SET","2025-08-01","United States","2025-08-17",-1,0,0,-181.8,-181.8,0,-181.8
"High Diffusion Espresso Shower Screen","54 - HD Shower Screen","PSD-HD-54","2025-08-01","United States","2025-08-08",36,1800,-21,0,1779,0,1779
"Pesado EP Filter Basket","EP-20g","EP-20g","2025-08-01","Australia","2025-08-11",1,19.57,-19.57,0,0,0,0
"Pesado EP Filter Basket","EP-Breville54-20g","EP-BR-20g","2025-08-01","United States","2025-08-18",2,44,-2.2,0,41.8,0,41.8
"Hybrid Breville 54/58mm Portafilter - Versatile and Easy to Use","Breville 54 / Black Full POM","PF02BR54-FullPOM-HY","2025-08-01","Australia","2025-08-05",1,91.16,0,0,91.16,9.11,100.27
"High Extraction He[%] Filter Baskets for a Fuller Coffee Experience","Pesado He[%] Basket - Small","PSD-HE-SM","2025-08-01","Australia","2025-08-05",1,49.9,-4.99,0,44.91,4.49,49.4
"Hybrid Breville 54/58mm Portafilter - Versatile and Easy to Use","Breville 54 / White | Black","PF02BR54-WBK-HY","2025-08-01","Australia","2025-08-08",1,109.69,0,0,109.69,10.97,120.66
"Modular Puck Screen Holder - Aluminum Matte Black","Default Title","PSD-PuckHolder","2025-08-01","United States","2025-08-03",3,60,-4.4,0,55.6,0,55.6
"Espresso Shot Mirror","Default Title","PSDshot-mirror","2025-08-01","United States","2025-08-09",2,54.23,0,0,54.23,1.77,56
"53.5 & 58.5mm Puck Diffuser Screen","58.5mm","PSD-puck","2025-08-01","United States","2025-08-05",1,20,-2,0,18,0,18
"Pesado EP Filter Basket","EP-Breville54-18g","EP-BR-18g","2025-08-01","Australia","2025-08-06",6,106.33,-10.62,0,95.71,9.55,105.26
"53.5 & 58.5mm Puck Diffuser Screen","53.5mm","PSD-puck-54","2025-08-01","Australia","2025-08-17",3,48.8,-1.95,0,46.85,4.69,51.54
"High Diffusion Espresso Shower Screen","E61 - HD Shower Screen","PSD-HD-E61","2025-08-01","New Zealand","2025-08-07",1,61.96,0,0,61.96,0,61.96
"Magnetic Espresso Dosing Ring","54mm Dosing Ring / Black","V2-PSDring-54mm","2025-08-01","United States","2025-08-10",1,22.5,0,0,22.5,0,22.5
"Bottomless Breville 54/58 Portafilter (Hybrid)","Breville 58mm / White / Black","PF00BR58-WBK-HY","2025-08-01","Australia","2025-08-13",1,89.36,0,0,89.36,8.94,98.3
"Magnetic Espresso Dosing Ring","58mm Dosing Ring / Black","V2-PSDring-58mm","2025-08-01","Australia","2025-08-11",1,19.87,0,0,19.87,1.99,21.86
"Dosing Bundle","Black","DOSING_B","2025-08-01","Australia","2025-08-07",1,40.64,0,0,40.64,4.07,44.71
"High Diffusion Espresso Shower Screen","E61 - HD Shower Screen","PSD-HD-E61","2025-08-01","United States","2025-08-11",4,236,0,0,236,0,236
"Hybrid Breville 54/58mm Portafilter - Versatile and Easy to Use","Breville 58 / Black | Silver","PF02BR58-BSL-HY","2025-08-01","Australia","2025-08-07",1,109.69,-10.97,0,98.72,9.88,108.6
"Pesado EP Filter Basket","EP-Breville54-18g","EP-BR-18g","2025-08-01","United States","2025-08-06",4,80,-8,0,72,0,72
"High Diffusion Espresso Shower Screen","LM - HD Shower Screen","PSD-HD-LM","2025-08-01","Mexico","2025-08-05",1,55,0,0,55,0,55
"High Extraction He[%] Filter Baskets for a Fuller Coffee Experience","Pesado He[%] Basket - Large","PSD-HE-LG","2025-08-01","United States","2025-08-14",2,143,-7.15,0,135.85,0,135.85
"Breville 54mm Portafilter & Basket Precision Bundle","Black","PRE-BR54-SET","2025-08-01","Australia","2025-08-17",1,148.54,-17.82,0,130.72,13.07,143.79
"High Diffusion Espresso Shower Screen","MV - HD Shower Screen","PSD-HD-MV","2025-08-01","Saudi Arabia","2025-08-09",1,56.22,0,0,56.22,0,56.22
"Modular Puck Screen Holder - Aluminum Matte Black","Default Title","PSD-PuckHolder","2025-08-01","Australia","2025-08-04",1,17.64,-1.76,0,15.88,1.58,17.46
"Alloy Modular Stand for Clump Crusher (WDT tool)","Default Title","PSDcrusher-Stand","2025-08-01","Australia","2025-08-09",1,16.96,0,0,16.96,1.7,18.66
"High Diffusion Espresso Shower Screen","54 - HD Shower Screen","PSD-HD-54","2025-08-01","United States","2025-08-13",29,1595,-19.8,0,1575.2,0,1575.2
,"",,"2025-08-01","Australia","2025-08-03",1,0,0,0,0,0,0
"Pesado EP Filter Basket","EP-20g","EP-20g","2025-08-01","United States","2025-08-19",1,22,-2.2,0,19.8,0,19.8
"Crusher Threaded Pin Assembly for DIY WDT Tool","4 pack of WDT pins","PSD-removablepins","2025-08-01","Australia","2025-08-02",2,1.18,0,0,1.18,0.12,1.3
"Alloy Modular Stand for Clump Crusher (WDT tool)","Default Title","PSDcrusher-Stand","2025-08-01","Singapore","2025-08-15",1,18.73,-2.25,0,16.48,0,16.48
"Impact Gravity Espresso Grounds Distributor (58.4mm)","Black","V2-PSD-distributor","2025-08-01","Hong Kong","2025-08-09",1,122.42,-12.24,0,110.18,0,110.18
"53.5 & 58.5mm Puck Diffuser Screen","53.5mm","PSD-puck-54","2025-08-01","United States","2025-08-09",3,60,-2,0,58,0,58
"Wooden Clump Crusher - WDT Distribution Tool for Fluffy Espresso Puck","Iris","PSDcrusherIRIS","2025-08-01","Australia","2025-08-14",1,25.95,0,0,25.95,2.6,28.55
"53.5 & 58.5mm Puck Diffuser Screen","58.5mm","PSD-puck","2025-08-01","Australia","2025-08-03",4,64.8,-5.66,0,59.14,5.92,65.06
"High Extraction He[%] Filter Baskets for a Fuller Coffee Experience","Pesado He[%] Basket - Medium","PSD-HE-ME","2025-08-01","Australia","2025-08-05",1,49.92,-5.99,0,43.93,4.39,48.32
"Coffee Tamper: 58.5mm & 53.5mm","53.5mm / White / Silver","PSDT-53.5-WSL","2025-08-01","Australia","2025-08-20",1,70.14,-7.01,0,63.13,6.31,69.44
"High Diffusion Espresso Shower Screen","54 - HD Shower Screen","PSD-HD-54","2025-08-01","Australia","2025-08-05",27,1189.57,-9.68,0,1179.89,118.01,1297.9
"Stainless Steel Clump Crusher V2.0 (WDT espresso distribution tool)","Black","V2-PSDcrusher-Black","2025-08-01","Australia","2025-08-17",1,26.05,0,0,26.05,2.6,28.65
"Naked/Bottomless Portafilter - Head Only (HYBRID)","Breville 54mm","PFH00BR54-HY","2025-08-01","United States","2025-08-19",1,74.25,0,0,74.25,0,74.25
"Pesado Single Dose Coffee Cellar Stand + 4 Pack of Bean Cellars","Default Title","PSD-Beanstand-combo","2025-08-01","Australia","2025-08-01",1,67.26,-8.07,0,59.19,5.92,65.11
"Pesado EP Filter Basket","EP-22g","EP-22g","2025-08-01","Australia","2025-08-17",2,35.54,-10.65,0,24.89,2.48,27.37
,"",,"2025-08-01","Romania","2025-08-19",1,0,0,0,0,0,0
"Magnetic Espresso Dosing Ring","58mm Dosing Ring / Black","V2-PSDring-58mm","2025-08-01","United States","2025-08-05",1,22.5,0,0,22.5,0,22.5
"Magnetic Espresso Dosing Ring","54mm Dosing Ring / Black","V2-PSDring-54mm","2025-08-01","Australia","2025-08-04",1,19.71,0,0,19.71,1.97,21.68
"Coffee Tamper: 58.5mm & 53.5mm","58.5mm / White / Iris","PSDTMWHIris","2025-08-01","United States","2025-08-15",1,107.25,-12.87,0,94.38,0,94.38
"Magnetic Espresso Dosing Ring","58mm Dosing Ring / Black","V2-PSDring-58mm","2025-08-01","Australia","2025-08-02",1,19.71,0,0,19.71,1.97,21.68
"High Diffusion Espresso Shower Screen","MV - HD Shower Screen","PSD-HD-MV","2025-08-01","Australia","2025-08-06",29,1507.18,-28.04,0,1479.14,147.88,1627.02
"High Diffusion Espresso Shower Screen","E61 - HD Shower Screen","PSD-HD-E61","2025-08-01","United States","2025-08-02",6,349.89,0,0,349.89,4.11,354
"Spring-Loaded Self-Leveling Tamper – Pesado x AD Coffee","Default Title","PSD-ADcoffee-Tamper","2025-08-01","United States","2025-08-04",1,120,0,0,120,0,120
"Magnetic Espresso Dosing Ring","54mm Dosing Ring / Black","V2-PSDring-54mm","2025-08-01","United States","2025-08-03",1,22.5,-2.25,0,20.25,0,20.25
"High Extraction He[%] Filter Baskets for a Fuller Coffee Experience","Pesado He[%] Basket - Large","PSD-HE-LG","2025-08-01","Australia","2025-08-19",1,50.15,0,0,50.15,5.02,55.17
"Impact Gravity Espresso Grounds Distributor (58.4mm)","Black","V2-PSD-distributor","2025-08-01","Australia","2025-08-06",1,109.17,0,0,109.17,10.92,120.09
"Breville 54mm Portafilter & Basket Precision Bundle","Black","PRE-BR54-SET","2025-08-01","United States","2025-08-15",2,399.96,-23.99,0,375.97,0,375.97
"Precision Espresso Portafilter & Basket Bundle - LM & E61","E61 5mm / Black","PRE_SETMV","2025-08-01","United States","2025-08-04",1,202,0,0,202,0,202
"High Extraction He[%] Filter Baskets for a Fuller Coffee Experience","Pesado He[%] Basket - Small","PSD-HE-SM","2025-08-01","United States","2025-08-18",2,143,-7.15,0,135.85,0,135.85
"Espresso Shot Mirror","Default Title","PSDshot-mirror","2025-08-01","Australia","2025-08-16",2,47.92,0,0,47.92,4.78,52.7
"Hybrid Breville 54/58mm Portafilter - Versatile and Easy to Use","Breville 54 / Black | Bronze","PF02BR54-BBZ-HY","2025-08-01","United States","2025-08-16",1,150.7,0,0,150.7,0,150.7
"Coffee Tamper: 58.5mm & 53.5mm","53.5mm / Black / Dusk","PSDT-53.5-BDK","2025-08-01","Australia","2025-08-08",1,71.14,0,0,71.14,7.11,78.25
"Stainless Steel Milk Jug With Round Spout - 16.5oz / 490ml","Default Title","PSDjugWH","2025-08-01","Australia","2025-08-14",1,32.16,-6.43,0,25.73,2.57,28.3
"High Diffusion Espresso Shower Screen","MV - HD Shower Screen","PSD-HD-MV","2025-08-01","Germany","2025-08-07",1,56.98,-5.69,0,51.29,0,51.29
"Bottomless Breville 54/58 Portafilter (Hybrid)","Breville 58mm / Black Full POM","PF00BR58-FullPOM-HY","2025-08-01","Australia","2025-08-17",1,65.07,0,0,65.07,6.51,71.58
"Magnetic Espresso Dosing Ring","58mm Dosing Ring / White","WH-V2-PSDring-58mm","2025-08-01","United States","2025-08-15",1,24.75,0,0,24.75,0,24.75
"Stand for (WDT) Clump Crusher 2.0","Default Title","V2-PSDcrusher-Stand","2025-08-01","United States","2025-08-08",2,36,0,0,36,0,36
"53.5 & 58.5mm Puck Diffuser Screen","58.5mm","PSD-puck","2025-08-01","Australia","2025-08-10",3,48.9,-1.62,0,47.28,4.73,52.01
"Crusher Threaded Pin Assembly for DIY WDT Tool","4 pack of WDT pins","PSD-removablepins","2025-08-01","United States","2025-08-19",2,2.2,0,0,2.2,0,2.2
"Pesado 58.5 Portafilter Hybrid Head - Versatile & Easy to Use","Breville 54mm Hybrid Attachment Only","PSDHY-BR","2025-08-01","Australia","2025-08-17",1,20.72,0,0,20.72,2.07,22.79
"Pesado Black Ripple Set","Black Ripple Set","PSDBlackRippleSet","2025-08-01","United States","2025-08-04",1,60.6,0,0,60.6,0,60.6
"High Diffusion Espresso Shower Screen","LM - HD Shower Screen","PSD-HD-LM","2025-08-01","United States","2025-08-06",1,55,0,0,55,0,55
"High Extraction He[%] 54mm Breville Filter Basket - Dosing 18g-20g","Default Title","PSD-HE-54","2025-08-01","Australia","2025-08-12",0,100.72,-5.03,-95.69,0,0,0
"High Diffusion Espresso Shower Screen","LM - HD Shower Screen","PSD-HD-LM","2025-08-01","Spain","2025-08-07",1,57.15,0,0,57.15,0,57.15
"High Diffusion Espresso Shower Screen","MV - HD Shower Screen","PSD-HD-MV","2025-08-01","United States","2025-08-14",7,423.5,-67.76,0,355.74,0,355.74
"Hybrid LM/E61/NS/GA Portafilter - Versatile Bottomless & Spouted","E61 5mm / Black | Silver","PF02MV-BSL-HY","2025-08-01","United States","2025-08-12",1,137,-13.7,0,123.3,0,123.3
"High Extraction He[%] 54mm Breville Filter Basket - Dosing 18g-20g","Default Title","PSD-HE-54","2025-08-01","United States","2025-08-09",4,260,-20.8,0,239.2,0,239.2
"Pesado EP Filter Basket","EP-Breville54-20g","EP-BR-20g","2025-08-01","Australia","2025-08-13",2,35.76,-4.47,0,31.29,3.13,34.42
"Crusher Threaded Pin Assembly for DIY WDT Tool","4 pack of WDT pins","PSD-removablepins","2025-08-01","Australia","2025-08-11",3,1.77,0,0,1.77,0.18,1.95
"Dosing Cup","58mm Dosing Cup / White","PSDdosingCup-WH","2025-08-01","Australia","2025-08-05",1,20.59,0,0,20.59,2.06,22.65
"Bottomless Breville 54/58 Portafilter (Hybrid)","Breville 58mm / Black / Silver","PF00BR58-BSL-HY","2025-08-01","New Zealand","2025-08-20",1,96.5,-9.65,0,86.85,0,86.85
"High Diffusion Espresso Shower Screen","E61 - HD Shower Screen","PSD-HD-E61","2025-08-01","Bulgaria","2025-08-18",1,60.22,0,0,60.22,0,60.22
"High Diffusion Espresso Shower Screen","54 - HD Shower Screen","PSD-HD-54","2025-08-01","Singapore","2025-08-06",-1,0,0,-51.5,-51.5,0,-51.5
"High Extraction He[%] Filter Baskets for a Fuller Coffee Experience","Pesado He[%] Basket - Small","PSD-HE-SM","2025-08-01","United States","2025-08-07",1,65,-6.5,0,58.5,0,58.5
"53.5 & 58.5mm Puck Diffuser Screen","58.5mm","PSD-puck","2025-08-01","Australia","2025-08-15",3,48.75,-1.95,0,46.8,4.69,51.49
"Pesado EP Filter Basket","EP-18g","EP-18g","2025-08-01","Australia","2025-08-12",1,17.78,-2.13,0,15.65,1.56,17.21
"High Diffusion Espresso Shower Screen","E61 - HD Shower Screen","PSD-HD-E61","2025-08-01","Australia","2025-08-11",2,112.57,0,0,112.57,11.26,123.83
"High Extraction He[%] 54mm Breville Filter Basket - Dosing 18g-20g","Default Title","PSD-HE-54","2025-08-01","Australia","2025-08-09",1,50.41,0,0,50.41,5.04,55.45
"High Diffusion Espresso Shower Screen","LM - HD Shower Screen","PSD-HD-LM","2025-08-01","United States","2025-08-19",4,242,0,0,242,0,242
"High Diffusion Espresso Shower Screen","MV - HD Shower Screen","PSD-HD-MV","2025-08-01","United States","2025-08-11",12,715,-17.6,-55,642.4,0,642.4
"Portafilter with a Double Spout for Espresso Machines","La Marzocco / E61 / Black | Black","PF02LM-BBK","2025-08-01","United States","2025-08-18",1,123.2,0,0,123.2,0,123.2
"Crusher Threaded Pin Assembly for DIY WDT Tool","4 pack of WDT pins","PSD-removablepins","2025-08-01","Australia","2025-08-14",1,0.59,0,0,0.59,0.06,0.65
"Impact Gravity Espresso Grounds Distributor (58.4mm)","Black","V2-PSD-distributor","2025-08-01","United States","2025-08-11",1,120,0,0,120,0,120
"High Extraction He[%] 54mm Breville Filter Basket - Dosing 18g-20g","Default Title","PSD-HE-54","2025-08-01","United States","2025-08-12",1,136.5,-8.58,-58.5,69.42,0,69.42
"Pesado EP Filter Basket","EP-Breville54-20g","EP-BR-20g","2025-08-01","Australia","2025-08-08",2,35.57,-3.56,0,32.01,3.2,35.21
"53.5 & 58.5mm Puck Diffuser Screen","58.5mm","PSD-puck","2025-08-01","South Korea","2025-08-02",1,20.88,0,0,20.88,0,20.88
"High Diffusion Espresso Shower Screen","54 - HD Shower Screen","PSD-HD-54","2025-08-01","United States","2025-08-01",30,1495.97,-30,0,1465.97,4.03,1470
"Modular Puck Screen Holder - Aluminum Matte Black","Default Title","PSD-PuckHolder","2025-08-01","United States","2025-08-13",1,22,0,0,22,0,22
"Breville 54mm Portafilter & Basket Precision Bundle","Black","PRE-BR54-SET","2025-08-01","United States","2025-08-08",1,202,0,0,202,0,202
"Hybrid Breville 54/58mm Portafilter - Versatile and Easy to Use","Breville 54 / Black | Iris","PF02BR54BK-Iris-HY","2025-08-01","United States","2025-08-13",1,145,-14.5,0,130.5,0,130.5
"Gravity Coffee Distributor 53.5mm","54 mm","PSD-distributor-54m","2025-08-01","Australia","2025-08-18",1,88.9,0,0,88.9,8.89,97.79
"High Diffusion Espresso Shower Screen","54 - HD Shower Screen","PSD-HD-54","2025-08-01","United States","2025-08-03",30,1696.18,-19.61,-200,1476.57,3.43,1480
"Coffee Tamper: 58.5mm & 53.5mm","58.5mm / Black / Bronze","PSDTMBBZ","2025-08-01","Australia","2025-08-20",1,70.18,0,0,70.18,7.02,77.2
"Pesado EP Filter Basket","EP-18g","EP-18g","2025-08-01","Brazil","2025-08-12",1,20,-3,0,17,0,17
"Bottomless Breville 54/58 Portafilter (Hybrid)","Breville 54mm / Black Full POM","PF00BR54-FullPOM-HY","2025-08-01","United States","2025-08-10",1,90,0,0,90,0,90
"Precision Cut Espresso & Coffee Tamper Base for Maximum Yield","58mm Base Black","BKPSDTBase","2025-08-01","Australia","2025-08-05",1,41.17,0,0,41.17,4.12,45.29
"Wooden Clump Crusher - WDT Distribution Tool for Fluffy Espresso Puck","Riga","PSDcrusherRIGA","2025-08-01","United States","2025-08-08",1,34.35,0,0,34.35,0,34.35
"High Extraction He[%] Filter Baskets for a Fuller Coffee Experience","Pesado He[%] Basket - Medium","PSD-HE-ME","2025-08-01","United States","2025-08-04",4,260,-20.8,0,239.2,0,239.2
"Dusk & Haze Clump Crusher (WDT tool)","Haze","PSDcrusher-Haze","2025-08-01","Australia","2025-08-03",1,25.89,0,0,25.89,2.59,28.48
"Magnetic Espresso Dosing Ring","54mm Dosing Ring / Black","V2-PSDring-54mm","2025-08-01","Australia","2025-08-19",1,19.65,-2.35,0,17.3,1.73,19.03
"High Diffusion Espresso Shower Screen","MV - HD Shower Screen","PSD-HD-MV","2025-08-01","Australia","2025-08-04",20,1041.13,-79.79,0,961.34,96.13,1057.47
"High Diffusion Espresso Shower Screen","LM - HD Shower Screen","PSD-HD-LM","2025-08-01","Australia","2025-08-12",5,260.35,-5.19,0,255.16,25.5,280.66
"Crusher Threaded Pin Assembly for DIY WDT Tool","WDT pin assembly (0.3mm)","PSD-PinUP","2025-08-01","Australia","2025-08-14",1,14.77,0,0,14.77,1.48,16.25
"High Diffusion Espresso Shower Screen","LM - HD Shower Screen","PSD-HD-LM","2025-08-01","United States","2025-08-20",1,60.5,0,0,60.5,0,60.5
"High Extraction He[%] Filter Baskets for a Fuller Coffee Experience","Pesado He[%] Basket - X-Large","PSD-HE-XL","2025-08-01","Australia","2025-08-10",1,50.41,-5.03,0,45.38,4.53,49.91
"Breville 54mm Portafilter & Basket Precision Bundle","Black","PRE-BR54-SET","2025-08-01","United States","2025-08-13",2,399.96,0,0,399.96,0,399.96
"Impact Gravity Espresso Grounds Distributor (58.4mm)","Black","V2-PSD-distributor","2025-08-01","Australia","2025-08-04",1,109.35,-10.93,0,98.42,9.84,108.26
"High Extraction He[%] Filter Baskets for a Fuller Coffee Experience","Pesado He[%] Basket - Medium","PSD-HE-ME","2025-08-01","United States","2025-08-17",5,357.5,-14.3,0,343.2,0,343.2
"Bottomless LM/E61/NS/GA Portafilter (Hybrid)","Nuova Simonelli / White Full POM","PF00NS-WHPOM-HY","2025-08-01","United States","2025-08-07",2,180,0,0,180,0,180
"Pesado Portafilter Tamping Station","Default Title","PSD-TampingStation","2025-08-01","Australia","2025-08-04",1,105.82,-10.58,0,95.24,9.53,104.77
"High Diffusion Espresso Shower Screen","LM - HD Shower Screen","PSD-HD-LM","2025-08-01","United States","2025-08-04",2,110,-11,0,99,0,99
"Hybrid Breville 54/58mm Portafilter - Versatile and Easy to Use","Breville 58 / Black | Black","PF02BR58-BBK-HY","2025-08-01","Australia","2025-08-03",1,108.85,-13.06,0,95.79,9.58,105.37
"High Extraction He[%] 54mm Breville Filter Basket - Dosing 18g-20g","Default Title","PSD-HE-54","2025-08-01","Australia","2025-08-14",3,151,-5.06,0,145.94,14.59,160.53
"High Diffusion Espresso Shower Screen","E61 - HD Shower Screen","PSD-HD-E61","2025-08-01","Australia","2025-08-12",2,112.43,0,0,112.43,11.25,123.68
"High Diffusion Espresso Shower Screen","MV - HD Shower Screen","PSD-HD-MV","2025-08-01","United States","2025-08-12",7,390.5,-12.1,0,378.4,0,378.4
"Precision Cut Espresso & Coffee Tamper Base for Maximum Yield","58mm Base","PSDTBase","2025-08-01","United States","2025-08-16",1,55,0,0,55,0,55
"53.5 & 58.5mm Puck Diffuser Screen","53.5mm","PSD-puck-54","2025-08-01","United States","2025-08-02",4,80,0,0,80,0,80
"High Diffusion Espresso Shower Screen","MV - HD Shower Screen","PSD-HD-MV","2025-08-01","Australia","2025-08-20",9,463.58,-15.43,0,448.15,44.81,492.96
"High Diffusion Espresso Shower Screen","E61 - HD Shower Screen","PSD-HD-E61","2025-08-01","Spain","2025-08-06",2,122.62,0,0,122.62,0,122.62
"Portafilter with a Double Spout for Espresso Machines","Nuova Simonelli / Black | Silver","PF02NS-BSL","2025-08-01","Switzerland","2025-08-08",1,112.8,0,0,112.8,0,112.8
"Crusher Threaded Pin Assembly for DIY WDT Tool","4 pack of WDT pins","PSD-removablepins","2025-08-01","Australia","2025-08-09",2,1.18,0,0,1.18,0.12,1.3
"Precision 58mm Breville Bundle: 58mm Portafilter & He[%] Basket","Black","PRE-BR58-SET","2025-08-01","Australia","2025-08-15",1,148.54,0,0,148.54,14.86,163.4
"Pesado Portafilter Tamping Station","Default Title","PSD-TampingStation","2025-08-01","United States","2025-08-07",1,119.99,0,0,119.99,0,119.99
"Impact Gravity Espresso Grounds Distributor (58.4mm)","Black","V2-PSD-distributor","2025-08-01","United States","2025-08-12",2,240,0,0,240,0,240
"High Extraction He[%] 54mm Breville Filter Basket - Dosing 18g-20g","Default Title","PSD-HE-54","2025-08-01","United States","2025-08-11",2,130,-6.5,0,123.5,0,123.5
"Espresso Shot Mirror","Default Title","PSDshot-mirror","2025-08-01","Japan","2025-08-01",1,28.57,-3.43,0,25.14,0,25.14
"Pesado EP Filter Basket","EP-Breville54-20g","EP-BR-20g","2025-08-01","Australia","2025-08-15",8,141.95,-14.51,0,127.44,12.71,140.15
"Impact Gravity Espresso Grounds Distributor (58.4mm)","White","WH-V2-PSD-distributor","2025-08-01","Australia","2025-08-10",1,109.11,-10.9,0,98.21,9.82,108.03
"Pesado 58.5 Portafilter Hybrid Head - Versatile & Easy to Use","Breville 54mm Hybrid Attachment Only","PSDHY-BR","2025-08-01","Australia","2025-08-19",1,20.65,0,0,20.65,2.06,22.71
"Hybrid Breville 54/58mm Portafilter - Versatile and Easy to Use","Breville 54 / Black | Dusk","PF02BR54-BDK-HY","2025-08-01","Australia","2025-08-17",-1,0,0,-109.37,-109.37,-10.94,-120.31
"Stainless Steel Milk Jug With Round Spout - 16.5oz / 490ml","Default Title","PSDjugWH","2025-08-01","South Korea","2025-08-10",1,35.32,-7.06,0,28.26,0,28.26
"Coffee Tamper: 58.5mm & 53.5mm","58.5mm / Black / Riga","PSDTMBKRiga","2025-08-01","Australia","2025-08-07",1,77.13,0,0,77.13,7.71,84.84
"53.5 & 58.5mm Puck Diffuser Screen","58.5mm","PSD-puck","2025-08-01","Australia","2025-08-08",3,48.91,0,0,48.91,4.89,53.8
"High Diffusion Espresso Shower Screen","E61 - HD Shower Screen","PSD-HD-E61","2025-08-01","Australia","2025-08-09",2,112.66,0,0,112.66,11.28,123.94
"High Extraction He[%] 54mm Breville Filter Basket - Dosing 18g-20g","Default Title","PSD-HE-54","2025-08-01","Australia","2025-08-11",1,50.33,0,0,50.33,5.04,55.37
"Pesado Black Ripple Set","Black Ripple Set","PSDBlackRippleSet","2025-08-01","United States","2025-08-19",2,133.32,0,0,133.32,0,133.32
"High Diffusion Espresso Shower Screen","LM - HD Shower Screen","PSD-HD-LM","2025-08-01","United States","2025-08-17",3,181.5,0,0,181.5,0,181.5
"High Diffusion Espresso Shower Screen","MV - HD Shower Screen","PSD-HD-MV","2025-08-01","United States","2025-08-09",9,495,0,0,495,0,495
"Full Moon Wave - Convex Tamper","Black | Dusk","PSDT-WAVE-BDk","2025-08-01","Australia","2025-08-14",-1,0,0,-86.54,-86.54,-8.65,-95.19
"High Extraction He[%] Filter Baskets for a Fuller Coffee Experience","Pesado He[%] Basket - Large","PSD-HE-LG","2025-08-01","Australia","2025-08-20",2,99.47,0,0,99.47,9.95,109.42
"Bottomless LM/E61/NS/GA Portafilter (Hybrid)","Gaggia / Black / Riga","PF00GABK-Riga-HY","2025-08-01","Australia","2025-08-09",1,94.89,0,0,94.89,9.49,104.38
"Impact Gravity Espresso Grounds Distributor (58.4mm)","Black","V2-PSD-distributor","2025-08-01","United States","2025-08-09",1,120,-12,0,108,0,108
"Precision 58mm Breville Bundle: 58mm Portafilter & He[%] Basket","Black","PRE-BR58-SET","2025-08-01","Australia","2025-08-10",2,320.2,0,0,320.2,32.03,352.23
"Pesado Portafilter Tamping Station","Default Title","PSD-TampingStation","2025-08-01","United States","2025-08-18",1,131.99,-13.19,0,118.8,0,118.8
"Pesado EP Filter Basket","EP-Breville54-20g","EP-BR-20g","2025-08-01","Australia","2025-08-10",4,71.15,-7.47,0,63.68,6.37,70.05
"High Extraction He[%] 54mm Breville Filter Basket - Dosing 18g-20g","Default Title","PSD-HE-54","2025-08-01","United States","2025-08-14",3,214.5,-14.3,0,200.2,0,200.2
"53.5 & 58.5mm Puck Diffuser Screen","58.5mm","PSD-puck","2025-08-01","Australia","2025-08-13",5,81.84,-4.89,0,76.95,7.69,84.64
"High Extraction He[%] Filter Baskets for a Fuller Coffee Experience","Pesado He[%] Basket - Medium","PSD-HE-ME","2025-08-01","United States","2025-08-20",1,71.5,-14.3,0,57.2,0,57.2
"Bottomless LM/E61/NS/GA Portafilter (Hybrid)","La Marzocco 6mm / Black / Iris","PF00LMBK-Iris-HY","2025-08-01","United States","2025-08-15",1,121.94,0,0,121.94,10.06,132
"Coffee Tamper: 58.5mm & 53.5mm","58.5mm / Black / Silver","PSDTMBSl","2025-08-01","United Kingdom","2025-08-18",1,92.08,0,0,92.08,0,92.08
"Pesado 58.5 Portafilter Hybrid Head - Versatile & Easy to Use","E61 5mm Hybrid","PFH02MV-HY","2025-08-01","United Kingdom","2025-08-02",1,95.62,-9.56,0,86.06,0,86.06
"High Diffusion Espresso Shower Screen","E61 - HD Shower Screen","PSD-HD-E61","2025-08-01","Saudi Arabia","2025-08-03",1,60.25,-6.02,0,54.23,0,54.23
"Precision Espresso Portafilter & Basket Bundle - LM & E61","E61 5mm / Black","PRE_SETMV","2025-08-01","Germany","2025-08-19",1,206.56,0,0,206.56,0,206.56
"Pesado Black Ripple Set","Precision Barista Jug Sharp Spout","PSDjug-BK","2025-08-01","Australia","2025-08-20",1,31.59,-3.15,0,28.44,2.84,31.28
"Bottomless Breville 54/58 Portafilter (Hybrid)","Breville 58mm / White Full POM","PF00BR58-WHPOM-HY","2025-08-01","Australia","2025-08-06",1,65.01,-7.8,0,57.21,5.72,62.93
"High Diffusion Espresso Shower Screen","MV - HD Shower Screen","PSD-HD-MV","2025-08-01","Australia","2025-08-17",13,676.95,-21.84,0,655.11,65.53,720.64
"Portafilter with a Double Spout for Espresso Machines","Breville 54 / White Full Pom","PF02BR54-WHPOM","2025-08-01","Australia","2025-08-17",1,65.07,0,0,65.07,6.51,71.58
"Bottomless LM/E61/NS/GA Portafilter (Hybrid)","E61 5mm / Black / Riga","PF00MVBK-Riga-HY","2025-08-01","Australia","2025-08-05",1,93.96,-11.27,0,82.69,8.27,90.96
"High Extraction He[%] Filter Baskets for a Fuller Coffee Experience","Pesado He[%] Basket - X-Large","PSD-HE-XL","2025-08-01","Australia","2025-08-15",1,50.24,0,0,50.24,5.03,55.27
"Pesado EP Filter Basket","EP-Breville54-18g","EP-BR-18g","2025-08-01","Hong Kong","2025-08-01",1,20.51,-2.05,0,18.46,0,18.46
"Magnetic Espresso Dosing Ring","58mm Dosing Ring / Black","V2-PSDring-58mm","2025-08-01","United States","2025-08-16",1,24.75,-2.97,0,21.78,0,21.78
"High Extraction He[%] Filter Baskets for a Fuller Coffee Experience","Pesado He[%] Basket - Medium","PSD-HE-ME","2025-08-01","United States","2025-08-06",4,260,0,0,260,0,260
"Magnetic Espresso Dosing Ring","54mm Dosing Ring / Black","V2-PSDring-54mm","2025-08-01","Australia","2025-08-17",1,19.82,0,0,19.82,1.99,21.81
"High Extraction He[%] Filter Baskets for a Fuller Coffee Experience","Pesado He[%] Basket - Large","PSD-HE-LG","2025-08-01","United States","2025-08-02",3,190.46,-14.3,0,176.16,4.54,180.7
"High Extraction He[%] Filter Baskets for a Fuller Coffee Experience","Pesado He[%] Basket - X-Large","PSD-HE-XL","2025-08-01","Australia","2025-08-13",2,101.28,0,0,101.28,10.14,111.42
"Impact Gravity Espresso Grounds Distributor (58.4mm)","White","WH-V2-PSD-distributor","2025-08-01","United States","2025-08-04",1,120,-12,0,108,0,108
"High Diffusion Espresso Shower Screen","MV - HD Shower Screen","PSD-HD-MV","2025-08-01","Australia","2025-08-19",17,880.28,-25.92,0,854.36,85.4,939.76
"Crusher Threaded Pin Assembly for DIY WDT Tool","WDT pin assembly (0.3mm)","PSD-PinUP","2025-08-01","Australia","2025-08-09",1,14.83,0,0,14.83,1.48,16.31
"High Extraction He[%] Filter Baskets for a Fuller Coffee Experience","Pesado He[%] Basket - Large","PSD-HE-LG","2025-08-01","Australia","2025-08-06",2,100.42,-5.01,0,95.41,9.54,104.95
"Breville 54mm Portafilter & Basket Precision Bundle","Black","PRE-BR54-SET","2025-08-01","United States","2025-08-10",1,202,-20.2,0,181.8,0,181.8
"Modular Puck Screen Holder - Aluminum Matte Black","Default Title","PSD-PuckHolder","2025-08-01","United States","2025-08-15",1,22,0,0,22,0,22
"Sunrise Ceramic Coffee Cup and Saucer Set (White)","Default Title","PSD-CeramicSet","2025-08-01","Australia","2025-08-06",1,8.86,0,0,8.86,0.88,9.74
"High Extraction He[%] Filter Baskets for a Fuller Coffee Experience","Pesado He[%] Basket - Medium","PSD-HE-ME","2025-08-01","Australia","2025-08-18",1,50.16,-5.01,0,45.15,4.51,49.66
"High Diffusion Espresso Shower Screen","54 - HD Shower Screen","PSD-HD-54","2025-08-01","Australia","2025-08-18",32,1462.79,-15.04,-44.49,1403.26,140.39,1543.65
"Coffee Tamper: 58.5mm & 53.5mm","53.5mm / Raya","PSDT-53.5-Raya","2025-08-01","United States","2025-08-18",1,107.25,0,0,107.25,0,107.25
"Espresso Shot Mirror","Default Title","PSDshot-mirror","2025-08-01","Israel","2025-08-19",1,28.69,-2.87,0,25.82,0,25.82
"High Extraction He[%] 54mm Breville Filter Basket - Dosing 18g-20g","Default Title","PSD-HE-54","2025-08-01","Australia","2025-08-02",5,249.71,-11.96,0,237.75,23.77,261.52
"53.5 & 58.5mm Puck Diffuser Screen","53.5mm","PSD-puck-54","2025-08-01","United States","2025-08-14",2,44,-2.64,0,41.36,0,41.36
"Pesado EP Filter Basket","EP-Breville54-18g","EP-BR-18g","2025-08-01","United States","2025-08-17",1,22,-2.2,0,19.8,0,19.8
"High Extraction He[%] Filter Baskets for a Fuller Coffee Experience","Pesado He[%] Basket - Large","PSD-HE-LG","2025-08-01","United States","2025-08-09",2,125.89,-6.5,0,119.39,4.11,123.5
"High Diffusion Espresso Shower Screen","54 - HD Shower Screen","PSD-HD-54","2025-08-01","United States","2025-08-10",23,1150,-26,0,1124,0,1124
"Stainless Steel Clump Crusher V2.0 (WDT espresso distribution tool)","Silver","V2-PSDcrusher-Silver","2025-08-01","United States","2025-08-18",1,37.79,-3.78,0,34.01,0,34.01
"Modular Puck Screen Holder - Aluminum Matte Black","Default Title","PSD-PuckHolder","2025-08-01","Australia","2025-08-19",1,17.6,0,0,17.6,1.76,19.36
"Hybrid Breville 54/58mm Portafilter - Versatile and Easy to Use","Breville 58 / White | Dusk","PF02BR58-WDK-HY","2025-08-01","United States","2025-08-06",1,145,-14.5,0,130.5,0,130.5
"Breville 54mm Portafilter & Basket Precision Bundle","Black","PRE-BR54-SET","2025-08-01","Australia","2025-08-06",1,159.38,-15.93,0,143.45,14.34,157.79
"Bottomless Breville 54/58 Portafilter (Hybrid)","Breville 54mm / Black Full POM","PF00BR54-FullPOM-HY","2025-08-01","United States","2025-08-03",1,90,-9,0,81,0,81
"High Extraction He[%] Filter Baskets for a Fuller Coffee Experience","Pesado He[%] Basket - Small","PSD-HE-SM","2025-08-01","Australia","2025-08-18",1,50.19,-5.01,0,45.18,4.51,49.69
"Dosing Cup","54mm Dosing Cup / Black","PSDdosingCup-BK-54","2025-08-01","Australia","2025-08-02",2,41.18,0,0,41.18,4.12,45.3
"Pesado EP Filter Basket","EP-Breville54-20g","EP-BR-20g","2025-08-01","United States","2025-08-05",2,60,-6,-20,34,0,34
"Pesado EP Filter Basket","EP-20g","EP-20g","2025-08-01","Australia","2025-08-12",1,17.69,0,0,17.69,1.77,19.46
"53.5 & 58.5mm Puck Diffuser Screen","58.5mm","PSD-puck","2025-08-01","United States","2025-08-18",2,44,-2.2,0,41.8,0,41.8
"High Diffusion Espresso Shower Screen","E61 - HD Shower Screen","PSD-HD-E61","2025-08-01","United States","2025-08-12",5,300.9,0,0,300.9,0,300.9
"Pesado EP Filter Basket","EP-Breville54-18g","EP-BR-18g","2025-08-01","Australia","2025-08-17",1,17.74,0,0,17.74,1.78,19.52
"High Diffusion Espresso Shower Screen","54 - HD Shower Screen","PSD-HD-54","2025-08-01","Hong Kong","2025-08-01",1,51.08,0,0,51.08,0,51.08
"High Extraction He[%] Filter Baskets for a Fuller Coffee Experience","Pesado He[%] Basket - Large","PSD-HE-LG","2025-08-01","United States","2025-08-12",2,130,-7.8,0,122.2,0,122.2
"Single-Dose Coffee Tubes (Bean Cellar 4-Pack)","Default Title","PSD-beantube","2025-08-01","United States","2025-08-10",3,81,0,0,81,0,81
"Pesado EP Filter Basket","EP-Breville54-18g","EP-BR-18g","2025-08-01","United States","2025-08-04",1,20,-2,0,18,0,18
"Magnetic Espresso Dosing Ring","58mm Dosing Ring / White","WH-V2-PSDring-58mm","2025-08-01","Australia","2025-08-18",1,19.85,0,0,19.85,1.99,21.84
"Impact Gravity Espresso Grounds Distributor (58.4mm)","Black","V2-PSD-distributor","2025-08-01","Saudi Arabia","2025-08-11",1,122.57,0,0,122.57,0,122.57
"Dosing Bundle","Black","DOSING_B","2025-08-01","United States","2025-08-07",1,52.5,0,0,52.5,0,52.5
"Stainless Steel Clump Crusher V2.0 (WDT espresso distribution tool)","Silver","V2-PSDcrusher-Silver","2025-08-01","United States","2025-08-07",1,34.35,0,0,34.35,0,34.35
"Precision 58mm Breville Bundle: 58mm Portafilter & He[%] Basket","Black","PRE-BR58-SET","2025-08-01","United States","2025-08-06",1,202,0,0,202,0,202
"Stainless Steel Milk Jug With Round Spout - 16.5oz / 490ml","Default Title","PSDjugWH","2025-08-01","Malaysia","2025-08-13",1,35.1,-7.02,0,28.08,0,28.08
"Alloy Modular Stand for Clump Crusher (WDT tool)","Default Title","PSDcrusher-Stand","2025-08-01","Spain","2025-08-14",1,18.59,0,0,18.59,0,18.59
"High Diffusion Espresso Shower Screen","54 - HD Shower Screen","PSD-HD-54","2025-08-01","United States","2025-08-15",33,1815,-41.8,0,1773.2,0,1773.2
"Portafilter with a Double Spout for Espresso Machines","Breville 58 / Black Full Pom","PF02BR58-FullPOM","2025-08-01","Australia","2025-08-07",1,65.16,0,0,65.16,6.52,71.68
"Bottomless Breville 54/58 Portafilter (Hybrid)","Breville 58mm / Black / Silver","PF00BR58-BSL-HY","2025-08-01","United States","2025-08-10",1,112,-11.2,0,100.8,0,100.8
"Bottomless Breville 54/58 Portafilter (Hybrid)","Breville 54mm / Black / Silver","PF00BR54-BSL-HY","2025-08-01","United States","2025-08-17",1,123.2,0,0,123.2,0,123.2
"Modular Puck Screen Holder - Aluminum Matte Black","Default Title","PSD-PuckHolder","2025-08-01","United States","2025-08-01",1,20,0,0,20,0,20
"High Extraction He[%] Filter Baskets for a Fuller Coffee Experience","Pesado He[%] Basket - Small","PSD-HE-SM","2025-08-01","Australia","2025-08-07",3,151.11,-15.09,0,136.02,13.6,149.62
"53.5 & 58.5mm Puck Diffuser Screen","58.5mm","PSD-puck","2025-08-01","United States","2025-08-07",4,80,0,0,80,0,80
"Hybrid Breville 54/58mm Portafilter - Versatile and Easy to Use","Breville 54 / Black Full POM","PF02BR54-FullPOM-HY","2025-08-01","Australia","2025-08-07",1,91.93,-9.19,0,82.74,8.27,91.01
"Pesado EP Filter Basket","EP-Breville54-20g","EP-BR-20g","2025-08-01","United States","2025-08-16",4,88,-7.04,0,80.96,0,80.96
"High Diffusion Espresso Shower Screen","E61 - HD Shower Screen","PSD-HD-E61","2025-08-01","United States","2025-08-09",5,295,-12.98,0,282.02,0,282.02
"High Extraction He[%] Filter Baskets for a Fuller Coffee Experience","Pesado He[%] Basket - X-Large","PSD-HE-XL","2025-08-01","Australia","2025-08-03",1,50,-5,0,45,4.5,49.5
"Pesado 58.5 Portafilter Hybrid Head - Versatile & Easy to Use","LM/E61 & NS/BR58mm Hybrid Attachment Only","PSDHY","2025-08-01","United States","2025-08-17",1,27.5,0,0,27.5,0,27.5
"53.5 & 58.5mm Puck Diffuser Screen","53.5mm","PSD-puck-54","2025-08-01","Australia","2025-08-19",7,113.29,-1.61,0,111.68,11.15,122.83
"Pesado EP Filter Basket","EP-Breville54-18g","EP-BR-18g","2025-08-01","Australia","2025-08-04",2,35.26,-3.52,0,31.74,3.16,34.9
"Magnetic Espresso Dosing Ring","54mm Dosing Ring / Black","V2-PSDring-54mm","2025-08-01","United States","2025-08-08",3,67.5,0,0,67.5,0,67.5
"Stainless Steel Milk Jug With Round Spout - 16.5oz / 490ml","Default Title","PSDjugWH","2025-08-01","United States","2025-08-20",1,37.79,0,0,37.79,0,37.79
"Magnetic Espresso Dosing Ring","58mm Dosing Ring / White","WH-V2-PSDring-58mm","2025-08-01","Hong Kong","2025-08-09",1,23.06,-2.31,0,20.75,0,20.75
"53.5 & 58.5mm Puck Diffuser Screen","58.5mm","PSD-puck","2025-08-01","Australia","2025-08-01",3,48.43,-1.92,0,46.51,4.66,51.17
"High Extraction He[%] Filter Baskets for a Fuller Coffee Experience","Pesado He[%] Basket - X-Large","PSD-HE-XL","2025-08-01","United States","2025-08-10",2,130,-6.5,0,123.5,0,123.5
"Bottomless Breville 54/58 Portafilter (Hybrid)","Breville 54mm / Black Full POM","PF00BR54-FullPOM-HY","2025-08-01","Australia","2025-08-01",1,64.35,-7.72,0,56.63,5.66,62.29
"High Diffusion Espresso Shower Screen","E61 - HD Shower Screen","PSD-HD-E61","2025-08-01","Saudi Arabia","2025-08-15",1,60.22,0,0,60.22,0,60.22
"Sunrise Ceramic Coffee Cup and Saucer Set (White)","Default Title","PSD-CeramicSet","2025-08-01","Australia","2025-08-19",4,35.38,-0.88,0,34.5,3.45,37.95
"High Extraction He[%] Filter Baskets for a Fuller Coffee Experience","Pesado He[%] Basket - Medium","PSD-HE-ME","2025-08-01","Australia","2025-08-07",1,50.35,0,0,50.35,5.04,55.39
"High Diffusion Espresso Shower Screen","54 - HD Shower Screen","PSD-HD-54","2025-08-01","Australia","2025-08-07",19,844.88,-8.88,0,836,83.61,919.61
"Stainless Steel Clump Crusher V2.0 (WDT espresso distribution tool)","Black","V2-PSDcrusher-Black","2025-08-01","Australia","2025-08-19",1,25.73,-2.57,0,23.16,2.32,25.48
"Precision Espresso Portafilter & Basket Bundle - LM & E61","La Marzocco 6mm / Black","PRE_SET","2025-08-01","Denmark","2025-08-02",1,206.05,-24.73,0,181.32,0,181.32
"High Extraction He[%] 54mm Breville Filter Basket - Dosing 18g-20g","Default Title","PSD-HE-54","2025-08-01","United States","2025-08-02",6,390,-15.6,0,374.4,0,374.4
"Pesado EP Filter Basket","EP-20g","EP-20g","2025-08-01","United States","2025-08-17",1,22,0,0,22,0,22
"53.5 & 58.5mm Puck Diffuser Screen","53.5mm","PSD-puck-54","2025-08-01","South Korea","2025-08-06",1,20.91,0,0,20.91,0,20.91
"Pesado EP Filter Basket","EP-18g","EP-18g","2025-08-01","Australia","2025-08-02",1,17.65,0,0,17.65,1.77,19.42
"Stainless Steel Milk Jug With Round Spout - 16.5oz / 490ml","Default Title","PSDjugWH","2025-08-01","Saudi Arabia","2025-08-19",1,35.18,-7.04,0,28.14,0,28.14
"53.5 & 58.5mm Puck Diffuser Screen","53.5mm","PSD-puck-54","2025-08-01","United States","2025-08-11",2,40,0,0,40,0,40
"Bottomless LM/E61/NS/GA Portafilter (Hybrid)","La Marzocco 6mm / Black / Silver","PF00LM-BSL-HY","2025-08-01","United States","2025-08-04",1,112,-11.2,0,100.8,0,100.8
"Pesado Black Ripple Set","Black Ripple Set","PSDBlackRippleSet","2025-08-01","Australia","2025-08-15",1,47.42,-5.69,0,41.73,4.18,45.91
"High Diffusion Espresso Shower Screen","54 - HD Shower Screen","PSD-HD-54","2025-08-01","Australia","2025-08-19",43,1896.29,-36.1,0,1860.19,186.11,2046.3
"High Extraction He[%] Filter Baskets for a Fuller Coffee Experience","Pesado He[%] Basket - Medium","PSD-HE-ME","2025-08-01","Australia","2025-08-19",2,100.27,-5,0,95.27,9.53,104.8
"Bottomless LM/E61/NS/GA Portafilter (Hybrid)","Nuova Simonelli / Black / Riga","PF00NSBK-RIGA-HY","2025-08-01","Australia","2025-08-02",2,188.29,0,0,188.29,18.83,207.12
"Sunrise Ceramic Coffee Cup and Saucer Set (White)","Default Title","PSD-CeramicSet","2025-08-01","Australia","2025-08-07",1,8.9,0,0,8.9,0.89,9.79
"Pesado 58.5 Portafilter Hybrid Head - Versatile & Easy to Use","Breville 54mm Hybrid Attachment Only","PSDHY-BR","2025-08-01","United States","2025-08-12",1,25,-2.5,0,22.5,0,22.5
"Bottomless LM/E61/NS/GA Portafilter (Hybrid)","La Marzocco 6mm / Black / Silver","PF00LM-BSL-HY","2025-08-01","United States","2025-08-16",1,123.2,-12.32,0,110.88,0,110.88
"High Diffusion Espresso Shower Screen","MV - HD Shower Screen","PSD-HD-MV","2025-08-01","United States","2025-08-01",5,271.4,-10.64,0,260.76,3.24,264
"High Diffusion Espresso Shower Screen","E61 - HD Shower Screen","PSD-HD-E61","2025-08-01","Australia","2025-08-01",1,55.89,0,0,55.89,5.59,61.48
"Bottomless Breville 54/58 Portafilter (Hybrid)","Breville 54mm / White / Gold","PF00BR54-WGD-HY","2025-08-01","United States","2025-08-03",1,112,-13.44,0,98.56,0,98.56
"High Extraction He[%] 54mm Breville Filter Basket - Dosing 18g-20g","Default Title","PSD-HE-54","2025-08-01","Australia","2025-08-03",0,49.96,0,-50.13,-0.17,-0.01,-0.18
"53.5 & 58.5mm Puck Diffuser Screen","53.5mm","PSD-puck-54","2025-08-01","United States","2025-08-15",1,22,-2.64,0,19.36,0,19.36
"Pesado EP Filter Basket","EP-Breville54-20g","EP-BR-20g","2025-08-01","United States","2025-08-20",3,66,-4.4,0,61.6,0,61.6
"Portafilter with a Double Spout for Espresso Machines","Breville 58 / Black | Silver","PF02BR58-BSL","2025-08-01","United States","2025-08-17",1,123.2,-12.32,0,110.88,0,110.88
"Pesado EP Filter Basket","EP-20g","EP-20g","2025-08-01","United States","2025-08-05",1,20,0,0,20,0,20
"Pesado EP Filter Basket","EP-Breville54-20g","EP-BR-20g","2025-08-01","Australia","2025-08-02",2,35.3,-3.52,0,31.78,3.18,34.96
"Pesado Single Dose Coffee Cellar Stand + 4 Pack of Bean Cellars","Default Title","PSD-Beanstand-combo","2025-08-01","Australia","2025-08-14",1,61.14,0,0,61.14,6.11,67.25
"Pesado Black Ripple Set","58mm Dosing Cup","PSDdosingCup-BK","2025-08-01","Australia","2025-08-07",1,20.8,0,0,20.8,2.08,22.88
"Stainless Steel Clump Crusher V2.0 (WDT espresso distribution tool)","Black","V2-PSDcrusher-Black","2025-08-01","United States","2025-08-15",1,37.79,0,0,37.79,0,37.79
"High Diffusion Espresso Shower Screen","54 - HD Shower Screen","PSD-HD-54","2025-08-01","United States","2025-08-11",31,1550,-16,0,1534,0,1534
"Coffee Tamper: 58.5mm & 53.5mm","58.5mm / Black / Gold","PSDTMBGd","2025-08-01","Australia","2025-08-06",-1,0,0,-70.61,-70.61,-7.06,-77.67
"High Diffusion Espresso Shower Screen","54 - HD Shower Screen","PSD-HD-54","2025-08-01","South Korea","2025-08-06",1,54.07,0,0,54.07,0,54.07
"Impact Gravity Espresso Grounds Distributor (58.4mm)","Black","V2-PSD-distributor","2025-08-01","Canada","2025-08-17",1,123,-12.3,0,110.7,0,110.7
"Dosing Bundle","Black","DOSING_B","2025-08-01","United States","2025-08-19",1,57.75,0,0,57.75,0,57.75
"High Extraction He[%] Filter Baskets for a Fuller Coffee Experience","Pesado He[%] Basket - Large","PSD-HE-LG","2025-08-01","United States","2025-08-08",1,65,0,0,65,0,65
"High Diffusion Espresso Shower Screen","E61 - HD Shower Screen","PSD-HD-E61","2025-08-01","United States","2025-08-13",2,129.8,0,0,129.8,0,129.8
"53.5 & 58.5mm Puck Diffuser Screen","53.5mm","PSD-puck-54","2025-08-01","Australia","2025-08-07",1,16.29,0,0,16.29,1.63,17.92
"Pesado 58.5 Portafilter Hybrid Head - Versatile & Easy to Use","LM/E61 & NS/BR58mm Hybrid Attachment Only","PSDHY","2025-08-01","United States","2025-08-05",2,50,0,0,50,0,50
"Magnetic Espresso Dosing Ring","54mm Dosing Ring / Black","V2-PSDring-54mm","2025-08-01","United States","2025-08-12",1,22.5,-2.7,0,19.8,0,19.8
"Pesado EP Filter Basket","EP-Breville54-18g","EP-BR-18g","2025-08-01","Australia","2025-08-16",1,17.75,-1.77,0,15.98,1.59,17.57
"Magnetic Espresso Dosing Ring","58mm Dosing Ring / Black","V2-PSDring-58mm","2025-08-01","Australia","2025-08-13",1,19.93,-2.39,0,17.54,1.75,19.29
"Spouted Portafilter - Head Only","LM/E61","PFHLM","2025-08-01","Romania","2025-08-18",1,69,0,0,69,0,69
"Espresso Shot Mirror","Default Title","PSDshot-mirror","2025-08-01","United States","2025-08-15",1,30.8,0,0,30.8,0,30.8
"Pesado EP Filter Basket","EP-Breville54-20g","EP-BR-20g","2025-08-01","United States","2025-08-04",1,20,0,0,20,0,20
"53.5 & 58.5mm Puck Diffuser Screen","58.5mm","PSD-puck","2025-08-01","Netherlands","2025-08-01",1,20.77,0,0,20.77,0,20.77
"Bottomless Breville 54/58 Portafilter (Hybrid)","Breville 58mm / Black / Riga","PF00BR58BK-Riga-HY","2025-08-01","United States","2025-08-13",1,132,-15.84,0,116.16,0,116.16
"53.5 & 58.5mm Puck Diffuser Screen","58.5mm","PSD-puck","2025-08-01","United States","2025-08-19",1,22,0,0,22,0,22
"Pesado EP Filter Basket","EP-20g","EP-20g","2025-08-01","Australia","2025-08-13",1,17.88,-1.79,0,16.09,1.61,17.7
"Hybrid Breville 54/58mm Portafilter - Versatile and Easy to Use","Breville 54 / Black | Silver","PF02BR54-BSL-HY","2025-08-01","United States","2025-08-06",1,137,0,0,137,0,137
"High Extraction He[%] Filter Baskets for a Fuller Coffee Experience","Pesado He[%] Basket - Small","PSD-HE-SM","2025-08-01","Australia","2025-08-19",2,100.29,-10.02,0,90.27,9.02,99.29
"High Diffusion Espresso Shower Screen","54 - HD Shower Screen","PSD-HD-54","2025-08-01","United States","2025-08-14",27,1485,-12.1,0,1472.9,0,1472.9
"High Diffusion Espresso Shower Screen","E61 - HD Shower Screen","PSD-HD-E61","2025-08-01","Chile","2025-08-03",1,59,-5.9,0,53.1,0,53.1
"Bottomless LM/E61/NS/GA Portafilter (Hybrid)","E61 5mm / Black Full POM","PF00MV-FullPOM-HY","2025-08-01","Australia","2025-08-07",1,65.31,0,0,65.31,6.53,71.84
"Pesado EP Filter Basket","EP-Breville54-18g","EP-BR-18g","2025-08-01","United States","2025-08-05",1,20,-2,0,18,0,18
"High Diffusion Espresso Shower Screen","MV - HD Shower Screen","PSD-HD-MV","2025-08-01","New Zealand","2025-08-20",1,56.62,-5.66,0,50.96,0,50.96
"Crusher Threaded Pin Assembly for DIY WDT Tool","WDT pin assembly (0.3mm)","PSD-PinUP","2025-08-01","Singapore","2025-08-15",1,14.82,-1.78,0,13.04,0,13.04
"High Diffusion Espresso Shower Screen","MV - HD Shower Screen","PSD-HD-MV","2025-08-01","United Kingdom","2025-08-15",1,56.93,0,0,56.93,0,56.93
"Gravity Coffee Distributor 53.5mm","54 mm","PSD-distributor-54m","2025-08-01","United States","2025-08-18",2,242,-12.1,0,229.9,0,229.9
"High Diffusion Espresso Shower Screen","E61 - HD Shower Screen","PSD-HD-E61","2025-08-01","United States","2025-08-08",5,290.37,0,0,290.37,4.63,295
"Pesado Black Ripple Set","Precision Barista Jug Sharp Spout","PSDjug-BK","2025-08-01","United States","2025-08-15",1,37.79,-4.53,0,33.26,0,33.26
"53.5 & 58.5mm Puck Diffuser Screen","53.5mm","PSD-puck-54","2025-08-01","Australia","2025-08-18",1,16.24,0,0,16.24,1.62,17.86
"Hybrid LM/E61/NS/GA Portafilter - Versatile Bottomless & Spouted","E61 5mm / Black | Silver","PF02MV-BSL-HY","2025-08-01","Australia","2025-08-10",1,109.61,0,0,109.61,10.96,120.57
"Pesado EP Filter Basket","EP-Breville54-18g","EP-BR-18g","2025-08-01","Australia","2025-08-05",3,52.91,-5.28,0,47.63,4.75,52.38
"Magnetic Espresso Dosing Ring","54mm Dosing Ring / Black","V2-PSDring-54mm","2025-08-01","United States","2025-08-09",1,22.5,-2.7,0,19.8,0,19.8
"Magnetic Espresso Dosing Ring","58mm Dosing Ring / Black","V2-PSDring-58mm","2025-08-01","Australia","2025-08-08",1,19.86,-1.99,0,17.87,1.79,19.66
"High Extraction He[%] Filter Baskets for a Fuller Coffee Experience","Pesado He[%] Basket - X-Large","PSD-HE-XL","2025-08-01","Australia","2025-08-02",1,50.01,0,0,50.01,5,55.01
"High Extraction He[%] Filter Baskets for a Fuller Coffee Experience","Pesado He[%] Basket - Small","PSD-HE-SM","2025-08-01","Australia","2025-08-06",1,50.25,0,0,50.25,5.03,55.28
"53.5 & 58.5mm Puck Diffuser Screen","58.5mm","PSD-puck","2025-08-01","United States","2025-08-06",1,20,0,0,20,0,20
"Bottomless Breville 54/58 Portafilter (Hybrid)","Breville 58mm / Black / Silver","PF00BR58-BSL-HY","2025-08-01","United States","2025-08-11",1,112,-13.44,0,98.56,0,98.56
"Pesado EP Filter Basket","EP-Breville54-20g","EP-BR-20g","2025-08-01","United States","2025-08-17",4,88,-8.8,0,79.2,0,79.2
"Naked/Bottomless Portafilter - Head Only (HYBRID)","E61 5mm","PFH00MV-HY","2025-08-01","United States","2025-08-11",1,67.5,0,0,67.5,0,67.5
"Distribution Bundle","58mm Distribution Bundle / Black","DISTR_B","2025-08-01","Australia","2025-08-15",1,126.51,0,0,126.51,12.65,139.16
"High Diffusion Espresso Shower Screen","54 - HD Shower Screen","PSD-HD-54","2025-08-01","Australia","2025-08-06",28,1240.09,-14.14,0,1225.95,122.66,1348.61
"High Extraction He[%] Filter Baskets for a Fuller Coffee Experience","Pesado He[%] Basket - Medium","PSD-HE-ME","2025-08-01","Australia","2025-08-06",5,250.91,-10.02,0,240.89,24.08,264.97
"High Extraction He[%] Filter Baskets for a Fuller Coffee Experience","Pesado He[%] Basket - X-Large","PSD-HE-XL","2025-08-01","United States","2025-08-11",1,65,0,0,65,0,65
"Impact Gravity Espresso Grounds Distributor (58.4mm)","White","WH-V2-PSD-distributor","2025-08-01","United States","2025-08-02",1,120,0,0,120,0,120
"Single-Dose Coffee Tubes (Bean Cellar 4-Pack)","Default Title","PSD-beantube","2025-08-01","Australia","2025-08-09",1,23.72,0,0,23.72,2.37,26.09
"Bottomless LM/E61/NS/GA Portafilter (Hybrid)","E61 5mm / Black / Black","PF00MV-BBK-HY","2025-08-01","United States","2025-08-12",1,112,0,0,112,0,112
"Sunrise Ceramic Coffee Cup and Saucer Set (White)","Default Title","PSD-CeramicSet","2025-08-01","Australia","2025-08-18",4,35.49,0,0,35.49,3.55,39.04
"High Diffusion Espresso Shower Screen","LM - HD Shower Screen","PSD-HD-LM","2025-08-01","Malaysia","2025-08-07",1,56.21,-6.74,0,49.47,0,49.47
"Wooden Clump Crusher - WDT Distribution Tool for Fluffy Espresso Puck","Iris","PSDcrusherIRIS","2025-08-01","Australia","2025-08-13",1,26.21,-2.61,0,23.6,2.36,25.96
"53.5 & 58.5mm Puck Diffuser Screen","53.5mm","PSD-puck-54","2025-08-01","United States","2025-08-10",3,60,-2,0,58,0,58
"Precision Espresso Portafilter & Basket Bundle - LM & E61","E61 5mm / Black","PRE_SETMV","2025-08-01","Australia","2025-08-16",1,143.76,0,0,143.76,14.37,158.13
"High Extraction He[%] 54mm Breville Filter Basket - Dosing 18g-20g","Default Title","PSD-HE-54","2025-08-01","United States","2025-08-03",4,260,-83.85,0,176.15,0,176.15
"Crusher Threaded Pin Assembly for DIY WDT Tool","4 pack of WDT pins","PSD-removablepins","2025-08-01","Australia","2025-08-01",1,0.59,0,0,0.59,0.06,0.65
"Breville 54mm Portafilter & Basket Precision Bundle","Black","PRE-BR54-SET","2025-08-01","United States","2025-08-12",2,404,-44.44,0,359.56,0,359.56
"Pesado EP Filter Basket","EP-20g","EP-20g","2025-08-01","Australia","2025-08-01",2,35.2,-2.62,0,32.58,3.26,35.84
"Espresso Shot Mirror","Default Title","PSDshot-mirror","2025-08-01","United States","2025-08-03",1,28,-2.8,0,25.2,0,25.2
"Impact Gravity Espresso Grounds Distributor (58.4mm)","Black","V2-PSD-distributor","2025-08-01","Australia","2025-08-05",1,109.22,-13.1,0,96.12,9.61,105.73
"High Diffusion Espresso Shower Screen","MV - HD Shower Screen","PSD-HD-MV","2025-08-01","Australia","2025-08-05",20,1034.62,-26.86,0,1007.76,100.79,1108.55
"High Diffusion Espresso Shower Screen","E61 - HD Shower Screen","PSD-HD-E61","2025-08-01","United States","2025-08-01",2,118,0,0,118,0,118
"High Extraction He[%] Filter Baskets for a Fuller Coffee Experience","Pesado He[%] Basket - X-Large","PSD-HE-XL","2025-08-01","Australia","2025-08-11",1,50.32,-5.03,0,45.29,4.53,49.82
"Magnetic Espresso Dosing Ring","58mm Dosing Ring / Black","V2-PSDring-58mm","2025-08-01","Australia","2025-08-01",1,19.59,-2.35,0,17.24,1.72,18.96
"Magnetic Espresso Dosing Ring","58mm Dosing Ring / Black","V2-PSDring-58mm","2025-08-01","United States","2025-08-06",1,22.5,0,0,22.5,0,22.5
"Magnetic Espresso Dosing Ring","54mm Dosing Ring / Black","V2-PSDring-54mm","2025-08-01","Australia","2025-08-07",1,19.86,0,0,19.86,1.99,21.85
"High Extraction He[%] Filter Baskets for a Fuller Coffee Experience","Pesado He[%] Basket - Medium","PSD-HE-ME","2025-08-01","United States","2025-08-16",2,143,-7.15,0,135.85,0,135.85
"Bottomless Breville 54/58 Portafilter (Hybrid)","Breville 54mm / Black Full POM","PF00BR54-FullPOM-HY","2025-08-01","United States","2025-08-14",1,99,-11.88,0,87.12,0,87.12
"Pesado EP Filter Basket","EP-Breville54-20g","EP-BR-20g","2025-08-01","Australia","2025-08-14",6,106.55,-10.65,0,95.9,9.56,105.46
"High Extraction He[%] 54mm Breville Filter Basket - Dosing 18g-20g","Default Title","PSD-HE-54","2025-08-01","United States","2025-08-10",2,130,-6.5,0,123.5,0,123.5
"Precision 58mm Breville Bundle: 58mm Portafilter & He[%] Basket","Black","PRE-BR58-SET","2025-08-01","Australia","2025-08-14",1,148.33,0,0,148.33,14.83,163.16
"Pesado Portafilter Tamping Station","Default Title","PSD-TampingStation","2025-08-01","United States","2025-08-06",1,119.99,-14.39,0,105.6,0,105.6
,"",,"2025-08-01","Singapore","2025-08-17",1,0,0,0,0,0,0
"High Diffusion Espresso Shower Screen","E61 - HD Shower Screen","PSD-HD-E61","2025-08-01","Australia","2025-08-13",2,113.09,-6.78,0,106.31,10.63,116.94
"Pesado EP Filter Basket","EP-18g","EP-18g","2025-08-01","Australia","2025-08-10",1,17.79,0,0,17.79,1.78,19.57
"Espresso Shot Mirror","Default Title","PSDshot-mirror","2025-08-01","United Kingdom","2025-08-17",1,29.84,0,0,29.84,0,29.84
"53.5 & 58.5mm Puck Diffuser Screen","53.5mm","PSD-puck-54","2025-08-01","United States","2025-08-03",6,120,-32.19,0,87.81,0,87.81
"High Extraction He[%] 54mm Breville Filter Basket - Dosing 18g-20g","Default Title","PSD-HE-54","2025-08-01","Australia","2025-08-15",3,150.84,-6.03,0,144.81,14.48,159.29
"High Diffusion Espresso Shower Screen","MV - HD Shower Screen","PSD-HD-MV","2025-08-01","United States","2025-08-13",9,726,-27.83,-161.48,536.69,0,536.69
"High Diffusion Espresso Shower Screen","LM - HD Shower Screen","PSD-HD-LM","2025-08-01","United States","2025-08-05",7,385,-22,0,363,0,363
"53.5 & 58.5mm Puck Diffuser Screen","58.5mm","PSD-puck","2025-08-01","Australia","2025-08-09",1,16.3,-1.62,0,14.68,1.47,16.15
"Pesado Single Dose Coffee Cellar Stand + 4 Pack of Bean Cellars","Default Title","PSD-Beanstand-combo","2025-08-01","United States","2025-08-17",1,74.25,-7.43,0,66.82,0,66.82
"Stand for (WDT) Clump Crusher 2.0","Default Title","V2-PSDcrusher-Stand","2025-08-01","United States","2025-08-11",1,18,-1.8,0,16.2,0,16.2
"Hybrid Breville 54/58mm Portafilter - Versatile and Easy to Use","Breville 54 / Black | Dusk","PF02BR54-BDK-HY","2025-08-01","Australia","2025-08-16",1,109.43,0,0,109.43,10.95,120.38
"Hybrid Breville 54/58mm Portafilter - Versatile and Easy to Use","Breville 54 / White | Dusk","PF02BR54-WDK-HY","2025-08-01","United States","2025-08-05",1,145,-14.5,0,130.5,0,130.5
"Stainless Steel Clump Crusher V2.0 (WDT espresso distribution tool)","Silver","V2-PSDcrusher-Silver","2025-08-01","Australia","2025-08-19",1,25.96,0,0,25.96,2.6,28.56
"Espresso Shot Mirror","Default Title","PSDshot-mirror","2025-08-01","Australia","2025-08-19",2,47.78,-2.39,0,45.39,4.54,49.93
"Bottomless Breville 54/58 Portafilter (Hybrid)","Breville 58mm / Black / Black","PF00BR58-BBK-HY","2025-08-01","Australia","2025-08-17",1,88.73,-17.74,0,70.99,7.1,78.09
"Pesado EP Filter Basket","EP-Breville54-20g","EP-BR-20g","2025-08-01","Australia","2025-08-11",5,88.88,-5.33,0,83.55,8.35,91.9
"Precision 58mm Breville Bundle: 58mm Portafilter & He[%] Basket","Black","PRE-BR58-SET","2025-08-01","Australia","2025-08-11",2,319.98,0,0,319.98,32.01,351.99
"Crusher Threaded Pin Assembly for DIY WDT Tool","4 pack of WDT pins","PSD-removablepins","2025-08-01","Australia","2025-08-13",1,0.59,0,0,0.59,0.06,0.65
"High Extraction He[%] 54mm Breville Filter Basket - Dosing 18g-20g","Default Title","PSD-HE-54","2025-08-01","United States","2025-08-15",2,143,-7.15,0,135.85,0,135.85
"Pesado Portafilter Tamping Station","Default Title","PSD-TampingStation","2025-08-01","Malaysia","2025-08-13",1,122.6,0,0,122.6,0,122.6
"High Diffusion Espresso Shower Screen","MV - HD Shower Screen","PSD-HD-MV","2025-08-01","United States","2025-08-08",8,440,-23.1,0,416.9,0,416.9
"Hybrid LM/E61/NS/GA Portafilter - Versatile Bottomless & Spouted","E61 5mm / Black | Silver","PF02MV-BSL-HY","2025-08-01","United States","2025-08-10",1,137,-13.7,0,123.3,0,123.3
"Hybrid LM/E61/NS/GA Portafilter - Versatile Bottomless & Spouted","E61 5mm / Black | Riga","PF02MVBK-Riga-HY","2025-08-01","United States","2025-08-01",1,145,0,0,145,0,145
"High Diffusion Espresso Shower Screen","E61 - HD Shower Screen","PSD-HD-E61","2025-08-01","Australia","2025-08-08",1,56.33,0,0,56.33,5.64,61.97
"High Extraction He[%] 54mm Breville Filter Basket - Dosing 18g-20g","Default Title","PSD-HE-54","2025-08-01","Australia","2025-08-10",1,50.41,-5.03,0,45.38,4.53,49.91
"High Diffusion Espresso Shower Screen","LM - HD Shower Screen","PSD-HD-LM","2025-08-01","United States","2025-08-16",2,121,-13.31,0,107.69,0,107.69
"53.5 & 58.5mm Puck Diffuser Screen","58.5mm","PSD-puck","2025-08-01","Australia","2025-08-12",3,48.92,-3.26,0,45.66,4.57,50.23
"Bottomless Breville 54/58 Portafilter (Hybrid)","Breville 58mm / Black Full POM","PF00BR58-FullPOM-HY","2025-08-01","Australia","2025-08-07",1,65.25,0,0,65.25,6.52,71.77
"High Extraction He[%] Filter Baskets for a Fuller Coffee Experience","Pesado He[%] Basket - Small","PSD-HE-SM","2025-08-01","United States","2025-08-04",1,65,-6.5,0,58.5,0,58.5
"Bottomless Breville 54/58 Portafilter (Hybrid)","Breville 58mm / Black / Iris","PF00BR58BK-Iris-HY","2025-08-01","Australia","2025-08-07",1,94.84,0,0,94.84,9.49,104.33
"Bottomless Breville 54/58 Portafilter (Hybrid)","Breville 54mm / White / Silver","PF00BR54-WSL-HY","2025-08-01","Australia","2025-08-14",1,88.57,0,0,88.57,8.86,97.43
"Coffee Tamper: 58.5mm & 53.5mm","53.5mm / Black / Dusk","PSDT-53.5-BDK","2025-08-01","Australia","2025-08-14",1,70.89,0,0,70.89,7.09,77.98
"Bottomless LM/E61/NS/GA Portafilter (Hybrid)","E61 5mm / Black / Silver","PF00MV-BSL-HY","2025-08-01","United States","2025-08-06",1,112,0,0,112,0,112
"Single-Dose Coffee Tubes (Bean Cellar 4-Pack)","Default Title","PSD-beantube","2025-08-01","United States","2025-08-01",1,24.83,0,0,24.83,2.17,27
"Bottomless LM/E61/NS/GA Portafilter (Hybrid)","E61 5mm / White / Silver","PF00MV-WSL-HY","2025-08-01","United States","2025-08-17",1,123.2,0,0,123.2,0,123.2
"Breville 54mm Portafilter & Basket Precision Bundle","Black","PRE-BR54-SET","2025-08-01","United States","2025-08-09",1,202,0,0,202,0,202
"Bottomless LM/E61/NS/GA Portafilter (Hybrid)","E61 5mm / Black / Bronze","PF00MV-BBZ-HY","2025-08-01","United States","2025-08-06",1,112,0,0,112,0,112
"High Diffusion Espresso Shower Screen","LM - HD Shower Screen","PSD-HD-LM","2025-08-01","Australia","2025-08-08",1,52.17,0,0,52.17,5.22,57.39
"High Extraction He[%] Filter Baskets for a Fuller Coffee Experience","Pesado He[%] Basket - X-Large","PSD-HE-XL","2025-08-01","Australia","2025-08-14",1,50.62,-6.07,0,44.55,4.45,49
"Impact Gravity Espresso Grounds Distributor (58.4mm)","White","WH-V2-PSD-distributor","2025-08-01","Hong Kong","2025-08-09",1,122.42,-12.24,0,110.18,0,110.18
"High Diffusion Espresso Shower Screen","MV - HD Shower Screen","PSD-HD-MV","2025-08-01","Australia","2025-08-16",20,1040.99,-21.84,0,1019.15,101.99,1121.14
"Bottomless Breville 54/58 Portafilter (Hybrid)","Breville 54mm / Black / Iris","PF00BR54BK-Iris-HY","2025-08-01","United States","2025-08-03",2,240,-24,0,216,0,216
"High Diffusion Espresso Shower Screen","LM - HD Shower Screen","PSD-HD-LM","2025-08-01","Netherlands","2025-08-07",1,56.9,0,0,56.9,0,56.9
"High Extraction He[%] Filter Baskets for a Fuller Coffee Experience","Pesado He[%] Basket - Medium","PSD-HE-ME","2025-08-01","United States","2025-08-05",2,130,0,0,130,0,130
"Magnetic Espresso Dosing Ring","54mm Dosing Ring / Black","V2-PSDring-54mm","2025-08-01","Australia","2025-08-18",1,19.85,0,0,19.85,1.99,21.84
"Bottomless Breville 54/58 Portafilter (Hybrid)","Breville 58mm / Black / Black","PF00BR58-BBK-HY","2025-08-01","Australia","2025-08-13",1,89.31,-8.93,0,80.38,8.04,88.42
"High Diffusion Espresso Shower Screen","E61 - HD Shower Screen","PSD-HD-E61","2025-08-01","Italy","2025-08-01",2,122.3,0,0,122.3,0,122.3
"High Extraction He[%] Filter Baskets for a Fuller Coffee Experience","Pesado He[%] Basket - Large","PSD-HE-LG","2025-08-01","United States","2025-08-01",3,195,-6.5,0,188.5,0,188.5
"Stand for (WDT) Clump Crusher 2.0","Default Title","V2-PSDcrusher-Stand","2025-08-01","Australia","2025-08-17",1,16.93,0,0,16.93,1.69,18.62
"Wooden Clump Crusher - WDT Distribution Tool for Fluffy Espresso Puck","Riga","PSDcrusherRIGA","2025-08-01","United States","2025-08-09",1,34.35,-3.43,0,30.92,0,30.92
"High Diffusion Espresso Shower Screen","54 - HD Shower Screen","PSD-HD-54","2025-08-01","United States","2025-08-02",28,1400,-35,0,1365,0,1365
"Bottomless Breville 54/58 Portafilter (Hybrid)","Breville 54mm / Black Full POM","PF00BR54-FullPOM-HY","2025-08-01","United States","2025-08-11",1,90,-10.8,0,79.2,0,79.2
"Bottomless LM/E61/NS/GA Portafilter (Hybrid)","La Marzocco 6mm / White / Haze","PF00LM-WHZ-HY","2025-08-01","Singapore","2025-08-05",1,122.68,-12.27,0,110.41,0,110.41
