"Product title","Product variant title","Product variant SKU","Day","Net items sold","Gross sales","Discounts","Returns","Net sales","Taxes","Total sales"
"Sunrise Ceramic Set (FREE)","Default Title","FREE-PSD-CeramicSet","2025-01-01",1,0,0,0,0,0,0
"Pesado He[%] - High Extraction Basket","Pesado He[%] Basket - Large","PSD-HE-LG","2025-01-01",1,77.27,-7.72,0,69.55,6.95,76.5
"Shipping Protection","Default Title","UpCart","2025-01-01",2,5.5,0,0,5.5,0.23,5.73
"Clump Crusher (WDT tool)","Riga","PSDcrusherRIGA","2025-01-01",1,45.28,0,0,45.28,0,45.28
"Puck Diffuser Screen","58mm","PSD-puck","2025-01-01",1,25,-2.5,0,22.5,2.25,24.75
"Wooden Leva Accents","Riga","PSDleva-Riga","2025-01-01",4,148.8,0,0,148.8,0,148.8
"Naked Portafilter (Hybrid)","E61 5mm / Black / Riga","PF00MVBK-Riga-HY","2025-01-01",1,163.35,0,0,163.35,0,163.35
"Stand for (WDT) Clump Crusher","Default Title","PSDcrusher-Stand","2025-01-01",1,30.73,0,0,30.73,0,30.73
"Puck Diffuser Screen","54mm","PSD-puck-54","2025-01-02",1,28.1,-2.78,0,25.32,0,25.32
"Shipping Protection","Default Title","UpCart","2025-01-02",1,3.37,0,0,3.37,0,3.37
"Pesado He[%] Breville 54mm - High Extraction Basket","Default Title","PSD-HE-54","2025-01-02",1,87.68,-8.7,0,78.98,0,78.98
"Pesado EP Filter Basket","EP-18g","EP-18g","2025-01-02",1,27.27,0,0,27.27,2.73,30
"Pesado He[%] - High Extraction Basket","Pesado He[%] Basket - Medium","PSD-HE-ME","2025-01-03",1,87.64,0,0,87.64,0,87.64
"Pesado Spouted Portafilter Head","LM/E61","PFHLM","2025-01-03",1,97.57,0,0,97.57,0,97.57
"Hybrid Portafilter Head/Attachment","LM/E61, NS, BR58 Hybrid Attachment Only","PSDHY","2025-01-03",1,35,-35,0,0,0,0
"Tamper","58.5mm / Black / Silver","PSDTMBSl","2025-01-03",1,120,0,0,120,0,120
"Pesado He[%] - High Extraction Basket","Pesado He[%] Basket - Small","PSD-HE-SM","2025-01-03",1,87.64,0,0,87.64,0,87.64
"Pesado Naked Portafilter Head (HYBRID)","La Marzocco 6mm","PFH00LM-HY","2025-01-03",1,97.57,0,0,97.57,0,97.57
"Sunrise Ceramic Set","Default Title","PSD-CeramicSet","2025-01-03",1,16.47,0,0,16.47,0,16.47
"Shipping Protection","Default Title","UpCart","2025-01-03",2,5.5,0,0,5.5,0.23,5.73
"Pesado EP Filter Basket","EP-20g","EP-20g","2025-01-03",1,27.27,-4.09,0,23.18,2.32,25.5
"Sunrise Ceramic Set (FREE)","Default Title","FREE-PSD-CeramicSet","2025-01-03",1,0,0,0,0,0,0
"Magnetic Dosing Ring","58mm Dosing Ring","V2-PSDring-58mm","2025-01-03",1,30.45,0,0,30.45,3.05,33.5
"Pesado He[%] - High Extraction Basket","Pesado He[%] Basket - Large","PSD-HE-LG","2025-01-03",1,77.27,-11.59,0,65.68,6.57,72.25
"Pesado Naked Portafilter Head (HYBRID)","E61 5mm","PFH00MV-HY","2025-01-04",1,86.36,0,0,86.36,8.64,95
"Single Dose Bean Cellar (4 pack)","Default Title","PSD-beantube","2025-01-04",1,36.36,0,0,36.36,3.64,40
"Metallic Clump Crusher (WDT tool)","Silver","PSDcrusher-Silver","2025-01-04",1,40,0,0,40,4,44
"Impact Gravity Distributor - 58.4mm","Default Title","V2-PSD-distributor","2025-01-04",1,150,0,0,150,15,165
"WDT Pin Pack","Default Title","PSD-removablepins","2025-01-04",1,0.91,0,0,0.91,0.09,1
"Pesado Tamping Station","Default Title","PSD-TampingStation","2025-01-04",3,490.92,0,0,490.92,49.08,540
"Sunrise Ceramic Set","Default Title","PSD-CeramicSet","2025-01-04",1,13.64,0,0,13.64,1.36,15
"Shipping Protection","Default Title","UpCart","2025-01-04",4,10.04,0,0,10.04,0.69,10.73
"Hybrid Breville 54/58 Portafilter","Breville 54 / White | Silver","PF02BR54-WSL-HY","2025-01-04",1,168.17,-16.81,0,151.36,15.14,166.5
"Pesado He[%] Breville 54mm - High Extraction Basket","Default Title","PSD-HE-54","2025-01-04",1,87.79,-13.16,0,74.63,0,74.63
"Pesado He[%] - High Extraction Basket","Pesado He[%] Basket - Large","PSD-HE-LG","2025-01-04",1,77.27,0,0,77.27,7.73,85
"Sunrise Ceramic Set (FREE)","Default Title","FREE-PSD-CeramicSet","2025-01-04",3,0,0,0,0,0,0
"Pesado Tamping Station","Default Title","PSD-TampingStation","2025-01-05",1,163.64,0,0,163.64,16.36,180
"Milk Jug (Round spout)","Default Title","PSDjugWH","2025-01-05",1,49.09,0,0,49.09,4.91,54
"Sunrise Ceramic Set (FREE)","Default Title","FREE-PSD-CeramicSet","2025-01-05",1,0,0,0,0,0,0
"Naked Portafilter (Hybrid)","Breville 54mm / Black Full POM","PF00BR54-FullPOM-HY","2025-01-05",1,110,-11,0,99,0,99
"El Rocio Manus S Espresso Machine","White","MANUSWH","2025-01-05",1,1909.09,0,0,1909.09,190.91,2100
"Shipping Protection","Default Title","UpCart","2025-01-05",1,2.27,0,0,2.27,0.23,2.5
"Pesado EP Filter Basket","EP-Breville54-20g","EP-BR-20g","2025-01-05",1,27.27,-2.72,0,24.55,2.45,27
"Crusher Pin","Replaceable WDT pin system (0.3mm)","PSD-PinUP","2025-01-05",1,22.73,0,0,22.73,2.27,25
"Pesado He[%] - High Extraction Basket","Pesado He[%] Basket - Large","PSD-HE-LG","2025-01-06",1,87.77,-8.7,0,79.07,0,79.07
"Sunrise Ceramic Set (FREE)","Default Title","FREE-PSD-CeramicSet","2025-01-06",1,0,0,0,0,0,0
"Pesado x AD Coffee - Self Leveling Spring Tamper","Default Title","PSD-ADcoffee-Tamper","2025-01-06",2,367.54,0,0,367.54,0,367.54
"Shipping Protection","Default Title","UpCart","2025-01-06",3,9.3,0,0,9.3,0,9.3
"Puck Diffuser Screen","58mm","PSD-puck","2025-01-06",1,28.1,-2.77,0,25.33,0,25.33
"Espresso Shot Mirror","Default Title","PSDshot-mirror","2025-01-06",1,41.36,0,0,41.36,0,41.36
"Metallic Clump Crusher (WDT tool)","Bronze","PSDcrusher-Bronze","2025-01-07",1,40,-6,0,34,3.4,37.4
"Shipping Protection","Default Title","UpCart","2025-01-07",2,4.54,0,0,4.54,0.46,5
"Sunrise Ceramic Set (FREE)","Default Title","FREE-PSD-CeramicSet","2025-01-07",2,0,0,0,0,0,0
"Magnetic Dosing Ring","58mm Dosing Ring","V2-PSDring-58mm","2025-01-07",1,30.45,-4.56,0,25.89,2.59,28.48
"Hybrid LM, E61 & NS Portafilter","E61 5mm / White | Haze","PF02MV-WHZ-HY","2025-01-07",1,177.27,0,0,177.27,17.73,195
"Naked Portafilter (Hybrid)","Breville 54mm / Black Full POM","PF00BR54-FullPOM-HY","2025-01-07",2,220,-16.5,0,203.5,0,203.5
"Prescision Bundle - LM & E61","E61 5mm","PRE_SETMV","2025-01-07",1,245.45,0,0,245.45,24.55,270
"Double Spouted Portafilter","La Marzocco / E61 / Black | Bronze","PF02LM-BBZ","2025-01-07",1,150,0,0,150,0,150
"Hybrid LM, E61 & NS Portafilter","E61 5mm / Black | Silver","PF02MV-BSL-HY","2025-01-08",1,190.17,-28.52,0,161.65,0,161.65
"Breville 54mm Precision Bundle","Default Title","PRE-BR54-SET","2025-01-08",1,245.45,-36.81,0,208.64,20.86,229.5
"Naked Portafilter (Hybrid)","E61 5mm / Black / Silver","PF00MV-BSL-HY","2025-01-08",1,150,-15,0,135,0,135
"Shipping Protection","Default Title","UpCart","2025-01-08",1,4,0,0,4,0,4
"Double Spouted Portafilter","Breville 54 / White | Gold","PF02BR54-WGD","2025-01-08",1,154.3,-154.3,0,0,0,0
"Sunrise Ceramic Set (FREE)","Default Title","FREE-PSD-CeramicSet","2025-01-08",2,0,0,0,0,0,0
"Magnetic Dosing Ring","58mm Dosing Ring","V2-PSDring-58mm","2025-01-08",1,30.45,-3.04,0,27.41,2.74,30.15
"WDT Pin Pack","Default Title","PSD-removablepins","2025-01-09",4,3.64,0,0,3.64,0.36,4
"Stand for (WDT) Clump Crusher","Default Title","PSDcrusher-Stand","2025-01-09",2,52,0,0,52,5.2,57.2
"Pesado He[%] - High Extraction Basket","Pesado He[%] Basket - Medium","PSD-HE-ME","2025-01-09",1,86.71,-8.66,0,78.05,0,78.05
"Milk Jug (Round spout)","Default Title","PSDjugWH","2025-01-09",1,49.09,-9.09,0,40,4,44
"Magnetic Dosing Ring","54mm Dosing Ring","V2-PSDring-54mm","2025-01-09",1,30.45,0,0,30.45,3.05,33.5
,"",,"2025-01-09",1,36.36,0,0,36.36,3.64,40
"Hybrid LM, E61 & NS Portafilter","La Marzocco 6mm / Black | Silver","PF02LM-BSL-HY","2025-01-09",1,188.84,-18.88,0,169.96,0,169.96
"Distribution Bundle","58mm Distribution Bundle","DISTR_B","2025-01-09",1,242.58,0,0,242.58,0,242.58
"Espresso Shot Mirror","Default Title","PSDshot-mirror","2025-01-09",1,36.82,-3.68,0,33.14,3.31,36.45
"Pesado He[%] - High Extraction Basket","Pesado He[%] Basket - Large","PSD-HE-LG","2025-01-09",1,77.27,-7.72,0,69.55,6.95,76.5
"Puck Diffuser Screen","54mm","PSD-puck-54","2025-01-09",2,50,0,0,50,5,55
"Naked Portafilter (Hybrid)","Breville 54mm / Black / Bronze","PF00BR54-BBZ-HY","2025-01-09",1,150,0,0,150,0,150
"Sunrise Ceramic Set (FREE)","Default Title","FREE-PSD-CeramicSet","2025-01-09",2,0,0,0,0,0,0
"Pesado Naked Portafilter Head (HYBRID)","NS","PFH00NS-HY","2025-01-09",1,95,-95,0,0,0,0
"Shipping Protection","Default Title","UpCart","2025-01-09",4,9.68,0,0,9.68,0.69,10.37
"Crusher Pin","Replaceable WDT pin system (0.3mm)","PSD-PinUP","2025-01-09",2,45.46,0,0,45.46,4.54,50
"Milk Jug (Sharp spout)","Default Title","PSDjug","2025-01-09",1,49.09,-9.09,0,40,4,44
"Pesado EP Filter Basket","EP-18g","EP-18g","2025-01-09",1,27.27,0,0,27.27,2.73,30
"Puck Diffuser Screen","58mm","PSD-puck","2025-01-09",1,28.31,0,0,28.31,0,28.31
"Pesado He[%] - High Extraction Basket","Pesado He[%] Basket - Small","PSD-HE-SM","2025-01-09",1,77.27,0,0,77.27,7.73,85
"Pesado He[%] Breville 54mm - High Extraction Basket","Default Title","PSD-HE-54","2025-01-09",2,154.54,0,0,154.54,15.46,170
"Filter Basket","24.5 (18g)","PSD24.5","2025-01-10",0,30.65,-3.07,-27.58,0,0,0
"Pesado EP Filter Basket","EP-Breville54-18g","EP-BR-18g","2025-01-10",0,30.65,-3.07,-27.58,0,0,0
"Sunrise Ceramic Set (FREE)","Default Title","FREE-PSD-CeramicSet","2025-01-10",1,0,0,0,0,0,0
"Puck Diffuser Screen","54mm","PSD-puck-54","2025-01-10",0,58.08,-5.81,-52.27,0,0,0
"Magnetic Dosing Ring","58mm Dosing Ring","V2-PSDring-58mm","2025-01-10",1,34.18,0,0,34.18,0,34.18
"Shipping Protection","Default Title","UpCart","2025-01-10",2,8.08,0,-3.23,4.85,0.23,5.08
"Pesado Puck Screen Stand","Default Title","PSD-PuckHolder","2025-01-10",0,30.65,-3.07,-27.58,0,0,0
"Competition Shower Screen","Nuova Simonelli","PSDNS","2025-01-10",1,35.7,0,0,35.7,0,35.7
"Hybrid LM, E61 & NS Portafilter","Nuova Simonelli / White | Silver","PF02NS-WSL-HY","2025-01-10",0,188.77,-18.88,-169.89,0,0,0
"WDT Pin Pack","Default Title","PSD-removablepins","2025-01-10",8,8.18,0,0,8.18,0.18,8.36
"Dusk & Haze Clump Crusher (WDT tool)","Haze","PSDcrusher-Haze","2025-01-10",0,45.18,-4.52,-40.66,0,0,0
"Dosing Cup","54mm / White","PSDdosingCup-WH-54","2025-01-10",0,37.11,-3.71,-33.4,0,0,0
"Gravity Distributor - 54mm","54 mm","PSD-distributor-54m","2025-01-10",0,153.27,-15.33,-137.94,0,0,0
"Naked Portafilter (Hybrid)","E61 5mm / Black / Black","PF00MV-BBK-HY","2025-01-10",1,150,0,0,150,0,150
"Hybrid LM, E61 & NS Portafilter","Nuova Simonelli / White | Black","PF02NS-WBK-HY","2025-01-10",1,188.71,-18.87,0,169.84,0,169.84
"Tamper","53.5mm / White / Silver","PSDT-53.5-WSL","2025-01-10",0,122.62,-12.26,-110.36,0,0,0
"Stand for (WDT) Clump Crusher","Default Title","PSDcrusher-Stand","2025-01-10",1,56.65,-3.07,-27.58,26,2.6,28.6
"Pesado He[%] - High Extraction Basket","Pesado He[%] Basket - Medium","PSD-HE-ME","2025-01-10",1,173.82,-17.38,-78.41,78.03,0,78.03
"Magnetic Dosing Ring","54mm Dosing Ring","V2-PSDring-54mm","2025-01-10",0,35.5,-3.55,-31.95,0,0,0
"Shipping Protection","Default Title","UpCart","2025-01-11",2,4.54,-0.22,0,4.32,0.43,4.75
"Naked Portafilter (Hybrid)","Breville 58mm / White / Bronze","PF00BR58-WBZ-HY","2025-01-11",1,150,-22.5,0,127.5,0,127.5
"Pesado EP Filter Basket","EP-Breville54-20g","EP-BR-20g","2025-01-11",1,27.27,0,0,27.27,2.73,30
"Pesado EP Filter Basket","EP-20g","EP-20g","2025-01-11",1,27.27,-2.72,0,24.55,2.45,27
"Pesado Puck Screen Stand","Default Title","PSD-PuckHolder","2025-01-11",1,27.27,0,0,27.27,2.73,30
"Milk Jug (Sharp spout)","Default Title","PSDjug","2025-01-11",1,49.09,0,0,49.09,4.91,54
"Pesado He[%] Breville 54mm - High Extraction Basket","Default Title","PSD-HE-54","2025-01-11",1,77.27,0,0,77.27,7.73,85
"Naked Portafilter (Hybrid)","Breville 54mm / Black Full POM","PF00BR54-FullPOM-HY","2025-01-11",1,110,-11,0,99,0,99
"Pesado He[%] - High Extraction Basket","Pesado He[%] Basket - Large","PSD-HE-LG","2025-01-11",2,154.54,-19.31,0,135.23,13.52,148.75
"Puck Diffuser Screen","54mm","PSD-puck-54","2025-01-11",1,25,0,0,25,2.5,27.5
"Magnetic Dosing Ring","58mm Dosing Ring","V2-PSDring-58mm","2025-01-11",1,34.18,-3.42,0,30.76,0,30.76
"Puck Diffuser Screen","58mm","PSD-puck","2025-01-11",1,24.99,-3.74,0,21.25,2.13,23.38
"Sunrise Ceramic Set (FREE)","Default Title","FREE-PSD-CeramicSet","2025-01-11",4,0,0,0,0,0,0
"Pesado EP Filter Basket","EP-Breville54-18g","EP-BR-18g","2025-01-11",1,27.27,-2.72,0,24.55,2.45,27
"Modular Handle - Tamper","Black / Silver","PSDTHMODBSL","2025-01-11",1,71.61,-7.14,0,64.47,0,64.47
"Single Dose Bean Cellar (4 pack)","Default Title","PSD-beantube","2025-01-11",1,36.36,-5.45,0,30.91,3.09,34
"Pesado x AD Coffee - Self Leveling Spring Tamper","Default Title","PSD-ADcoffee-Tamper","2025-01-11",1,163.63,-16.36,0,147.27,14.73,162
"Impact Gravity Distributor - 58.4mm","Default Title","V2-PSD-distributor","2025-01-11",3,469.26,-37.5,0,431.76,26.25,458.01
"Hybrid Portafilter Head/Attachment","LM/E61, NS, BR58 Hybrid Attachment Only","PSDHY","2025-01-11",1,31.82,-3.18,0,28.64,2.86,31.5
"Hybrid LM, E61 & NS Portafilter","La Marzocco 6mm / White | Silver","PF02LM-WSL-HY","2025-01-11",1,168.18,0,0,168.18,16.82,185
"Pesado EP Filter Basket","EP-18g","EP-18g","2025-01-12",1,27.27,-2.72,0,24.55,2.45,27
"Pesado He[%] Breville 54mm - High Extraction Basket","Default Title","PSD-HE-54","2025-01-12",3,263.09,-21.85,0,241.24,0,241.24
"Shipping Protection","Default Title","UpCart","2025-01-12",3,7.93,0,0,7.93,0.46,8.39
"Milk Jug (Sharp spout)","Default Title","PSDjug","2025-01-12",1,49.09,0,0,49.09,4.91,54
"Puck Diffuser Screen","58mm","PSD-puck","2025-01-12",1,25,0,0,25,2.5,27.5
"Sunrise Ceramic Set (FREE)","Default Title","FREE-PSD-CeramicSet","2025-01-12",3,0,0,0,0,0,0
"Hybrid Breville 54/58 Portafilter","Breville 54 / Black | Dusk","PF02BR54-BDK-HY","2025-01-12",1,200.17,-30.03,0,170.14,0,170.14
"Puck Diffuser Screen","54mm","PSD-puck-54","2025-01-12",1,28.21,-2.81,0,25.4,0,25.4
"Naked Portafilter (Hybrid)","Breville 54mm / Black / Silver","PF00BR54-BSL-HY","2025-01-12",1,153.46,0,0,153.46,0,153.46
"Pesado He[%] - High Extraction Basket","Pesado He[%] Basket - Medium","PSD-HE-ME","2025-01-12",1,77.27,0,0,77.27,7.73,85
"Prescision Bundle - LM & E61","E61 5mm","PRE_SETMV","2025-01-12",1,245.45,-24.54,0,220.91,22.09,243
"Naked Portafilter (Hybrid)","Breville 54mm / Black Full POM","PF00BR54-FullPOM-HY","2025-01-13",1,110,0,0,110,0,110
"Pesado EP Filter Basket","EP-Breville54-20g","EP-BR-20g","2025-01-13",1,27.27,0,0,27.27,2.73,30
"Shipping Protection","Default Title","UpCart","2025-01-13",3,6.81,0,0,6.81,0.69,7.5
"Puck Diffuser Screen","58mm","PSD-puck","2025-01-13",1,25,0,0,25,2.5,27.5
"Naked Portafilter (Hybrid)","La Marzocco 6mm / Black / Dusk","PF00LM-BDK-HY","2025-01-13",1,150,0,0,150,0,150
"WDT Pin Pack","Default Title","PSD-removablepins","2025-01-13",2,1.82,-0.27,0,1.55,0.15,1.7
"Hybrid Portafilter Head/Attachment","Breville 58 Hybrid","PFH02BR58-HY","2025-01-13",1,120,-120,0,0,0,0
"Pesado He[%] - High Extraction Basket","Pesado He[%] Basket - Medium","PSD-HE-ME","2025-01-13",1,77.27,0,0,77.27,7.73,85
"Pesado He[%] - High Extraction Basket","Pesado He[%] Basket - X-Large","PSD-HE-XL","2025-01-13",1,85,-85,0,0,0,0
"Magnetic Dosing Ring","54mm Dosing Ring","V2-PSDring-54mm","2025-01-13",1,34.97,0,0,34.97,0,34.97
"Espresso Shot Mirror","Default Title","PSDshot-mirror","2025-01-13",1,36.81,-5.51,0,31.3,3.13,34.43
"WDT Pin Pack","Default Title","PSD-removablepins","2025-01-14",1,0.91,0,0,0.91,0.09,1
"Tamper","53.5mm / Black / Riga","PSDT-53.5-BKRiga","2025-01-14",1,130,-13,0,117,0,117
"Hybrid LM, E61 & NS Portafilter","E61 5mm / Black | Black","PF02MV-BBK-HY","2025-01-14",1,168.18,0,0,168.18,16.82,185
"Depth Adjuster","Default Title","PSdepth","2025-01-14",0,46.36,-4.63,-41.73,0,0,0
"Magnetic Dosing Ring","58mm Dosing Ring","V2-PSDring-58mm","2025-01-14",1,30.45,0,0,30.45,3.05,33.5
"Puck Diffuser Screen","54mm","PSD-puck-54","2025-01-14",1,28.28,0,0,28.28,0,28.28
"Pesado He[%] Breville 54mm - High Extraction Basket","Default Title","PSD-HE-54","2025-01-14",1,88.39,0,0,88.39,0,88.39
"Pesado He[%] - High Extraction Basket","Pesado He[%] Basket - Small","PSD-HE-SM","2025-01-14",1,86.9,0,0,86.9,0,86.9
"Shipping Protection","Default Title","UpCart","2025-01-14",5,13.02,0,0,13.02,0.69,13.71
"Crusher Pin","Replaceable WDT pin system (0.3mm)","PSD-PinUP","2025-01-14",1,22.73,0,0,22.73,2.27,25
"Hybrid Breville 54/58 Portafilter","Breville 54 / White | Iris","PF02BR54WH-Iris-HY","2025-01-15",1,177.27,-17.72,0,159.55,15.95,175.5
"Pesado He[%] - High Extraction Basket","Pesado He[%] Basket - X-Large","PSD-HE-XL","2025-01-15",1,86.72,0,0,86.72,0,86.72
,"",,"2025-01-15",1,120,-12,0,108,0,108
"Gravity Distributor Stand","Default Title","PSD-T-filter","2025-01-15",1,13.63,-1.36,0,12.27,1.23,13.5
"Pesado EP Filter Basket","EP-22g","EP-22g","2025-01-15",1,30,-3,0,27,0,27
"Gravity Distributor - 54mm","54 mm","PSD-distributor-54m","2025-01-15",1,136.36,-13.63,0,122.73,12.27,135
"Impact Gravity Distributor - 58.4mm","Default Title","V2-PSD-distributor","2025-01-15",1,165,-16.5,0,148.5,0,148.5
"WDT Pin Pack","Default Title","PSD-removablepins","2025-01-15",2,2,-0.2,0,1.8,0,1.8
"Pesado Tamping Station","Default Title","PSD-TampingStation","2025-01-15",1,163.64,0,0,163.64,16.36,180
"Shipping Protection","Default Title","UpCart","2025-01-15",4,10.52,0,0,10.52,0.46,10.98
"Pesado EP Filter Basket","EP-18g","EP-18g","2025-01-15",1,30,-3,0,27,0,27
"El Rocio Manus S Espresso Machine","Black","MANUSBK","2025-01-15",1,1909.08,-190.9,0,1718.18,171.82,1890
"Pesado He[%] Breville 54mm - High Extraction Basket","Default Title","PSD-HE-54","2025-01-15",2,165.24,-20.91,0,144.33,6.95,151.28
"Puck Diffuser Screen","54mm","PSD-puck-54","2025-01-15",1,25,-2.5,0,22.5,2.25,24.75
"Sunrise Ceramic Set (FREE)","Default Title","FREE-PSD-CeramicSet","2025-01-15",3,0,0,0,0,0,0
"Metallic Clump Crusher (WDT tool)","Silver","PSDcrusher-Silver","2025-01-15",1,44,-4.4,0,39.6,0,39.6
"Puck Diffuser Screen","58mm","PSD-puck","2025-01-16",2,50,-5,0,45,4.5,49.5
"Naked Portafilter (Hybrid)","Breville 54mm / Black / Silver","PF00BR54-BSL-HY","2025-01-16",1,150,0,0,150,0,150
"Pesado He[%] - High Extraction Basket","Pesado He[%] Basket - Medium","PSD-HE-ME","2025-01-16",1,77.27,-7.72,0,69.55,6.95,76.5
"Naked Portafilter (Hybrid)","Breville 58mm / White / Silver","PF00BR58-WSL-HY","2025-01-16",1,153.64,0,0,153.64,0,153.64
"Shipping Protection","Default Title","UpCart","2025-01-16",3,8.48,0,0,8.48,0.46,8.94
"Sunrise Ceramic Set (FREE)","Default Title","FREE-PSD-CeramicSet","2025-01-16",1,0,0,0,0,0,0
"El Rocio Manus S Espresso Machine","White","MANUSWH","2025-01-16",1,1909.09,0,0,1909.09,190.91,2100
"Magnetic Dosing Ring","58mm Dosing Ring","V2-PSDring-58mm","2025-01-16",1,30.45,-3.04,0,27.41,2.74,30.15
"Hybrid LM, E61 & NS Portafilter","La Marzocco 6mm / Black | Silver","PF02LM-BSL-HY","2025-01-17",1,168.17,-25.22,0,142.95,14.3,157.25
"Dosing Cup","54mm / Black","PSDdosingCup-BK-54","2025-01-18",1,31.82,-3.18,0,28.64,2.86,31.5
"Pesado He[%] Breville 54mm - High Extraction Basket","Default Title","PSD-HE-54","2025-01-18",1,77.27,-7.72,0,69.55,6.95,76.5
"Pesado EP Filter Basket","EP-Breville54-20g","EP-BR-20g","2025-01-18",1,27.26,-6.81,0,20.45,2.05,22.5
"Shipping Protection","Default Title","UpCart","2025-01-18",1,2.27,0,0,2.27,0.23,2.5
"Breville 54mm Precision Bundle","Default Title","PRE-BR54-SET","2025-01-18",1,245.45,0,0,245.45,24.55,270
"Shipping Protection","Default Title","UpCart","2025-01-19",1,2.27,0,0,2.27,0.23,2.5
"El Rocio Manus S Espresso Machine","Black","MANUSBK","2025-01-19",1,1909.09,0,0,1909.09,190.91,2100
"Sunrise Ceramic Set (FREE)","Default Title","FREE-PSD-CeramicSet","2025-01-19",1,0,0,0,0,0,0
"Shipping Protection","Default Title","UpCart","2025-01-20",1,2.27,0,0,2.27,0.23,2.5
"Modular Handle - Portafilter","Black / Riga","PSDHMODBKRIGA","2025-01-20",2,145.44,0,0,145.44,14.54,159.98
"Sunrise Ceramic Set (FREE)","Default Title","FREE-PSD-CeramicSet","2025-01-20",1,0,0,0,0,0,0
"Pesado x AD Coffee - Self Leveling Spring Tamper","Default Title","PSD-ADcoffee-Tamper","2025-01-20",1,163.64,0,0,163.64,16.36,180
"Pesado He[%] - High Extraction Basket","Pesado He[%] Basket - Large","PSD-HE-LG","2025-01-20",1,77.27,0,0,77.27,7.73,85
"Puck Diffuser Screen","58mm","PSD-puck","2025-01-20",1,25,0,0,25,2.5,27.5
"Double Spouted Portafilter","La Marzocco / E61 / Black | Gold","PF02LM-BGD","2025-01-21",2,306.56,0,0,306.56,0,306.56
"Sunrise Ceramic Set (FREE)","Default Title","FREE-PSD-CeramicSet","2025-01-21",1,0,0,0,0,0,0
"Shipping Protection","Default Title","UpCart","2025-01-21",1,2.67,0,0,2.67,0,2.67
"Naked Portafilter (Hybrid)","E61 5mm / Black / Gold","PF00MV-BGD-HY","2025-01-21",1,153.28,0,0,153.28,0,153.28
"Puck Diffuser Screen","58mm","PSD-puck","2025-01-21",1,28.05,0,0,28.05,0,28.05
"Dusk & Haze Leva Accents","Haze","PSDleva-haze","2025-01-22",1,36,-36,0,0,0,0
"Hybrid Breville 54/58 Portafilter","Breville 54 / Black | Haze","PF02BR54-BHZ-HY","2025-01-22",1,195,-195,0,0,0,0
"Pesado EP Filter Basket","EP-Breville54-18g","EP-BR-18g","2025-01-22",1,30,-30,0,0,0,0
"Tamper","53.5mm / Black / Haze","PSDT-53.5-BHZ","2025-01-22",1,120,-120,0,0,0,0
"Pesado He[%] - High Extraction Basket","Pesado He[%] Basket - Medium","PSD-HE-ME","2025-01-23",1,77.27,-7.72,0,69.55,6.95,76.5
"Puck Diffuser Screen","58mm","PSD-puck","2025-01-23",2,53.35,-2.5,0,50.85,2.25,53.1
"Pesado He[%] - High Extraction Basket","Pesado He[%] Basket - X-Large","PSD-HE-XL","2025-01-23",1,77.27,-11.59,0,65.68,6.57,72.25
"Sunrise 58mm Dosing Cup - Limited Edition","Charcoal","SunriseDosing-CH","2025-01-23",1,31.82,-4.77,0,27.05,2.7,29.75
"Shipping Protection","Default Title","UpCart","2025-01-23",4,9.68,0,0,9.68,0.69,10.37
"Milk Jug (Sharp spout)","Default Title","PSDjug","2025-01-23",1,49.09,0,0,49.09,4.91,54
"Pesado He[%] Breville 54mm - High Extraction Basket","Default Title","PSD-HE-54","2025-01-23",1,77.27,0,0,77.27,7.73,85
"Pesado He[%] - High Extraction Basket","Pesado He[%] Basket - Large","PSD-HE-LG","2025-01-23",1,86.85,0,0,86.85,0,86.85
"Puck Diffuser Screen","54mm","PSD-puck-54","2025-01-23",1,25,-2.5,0,22.5,2.25,24.75
"Hybrid LM, E61 & NS Portafilter","E61 5mm / Black | Black","PF02MV-BBK-HY","2025-01-24",1,168.18,0,0,168.18,16.82,185
"Modular Handle - Portafilter","Black / Riga","PSDHMODBKRIGA","2025-01-24",1,72.72,0,0,72.72,7.27,79.99
"Pesado He[%] - High Extraction Basket","Pesado He[%] Basket - Large","PSD-HE-LG","2025-01-24",2,154.54,-15.44,0,139.1,13.9,153
"Puck Diffuser Screen","58mm","PSD-puck","2025-01-24",3,78.07,-7.81,0,70.26,4.5,74.76
"Shipping Protection","Default Title","UpCart","2025-01-24",3,7.58,0,0,7.58,0.46,8.04
"Pesado Puck Screen Stand","Default Title","PSD-PuckHolder","2025-01-24",1,27.27,0,0,27.27,2.73,30
"Modular Handle - Portafilter","Black / Black","PSDHMODBBK","2025-01-24",1,72.72,0,0,72.72,7.27,79.99
"Impact Gravity Distributor - 58.4mm","Default Title","V2-PSD-distributor","2025-01-24",1,168.44,0,0,168.44,0,168.44
"Pesado He[%] - High Extraction Basket","Pesado He[%] Basket - Medium","PSD-HE-ME","2025-01-24",1,86.72,-8.67,0,78.05,0,78.05
"Shipping Protection","Default Title","UpCart","2025-01-25",3,7.87,0,0,7.87,0.23,8.1
"Sunrise Ceramic Set","Default Title","PSD-CeramicSet","2025-01-25",4,54.55,0,0,54.55,5.45,60
"Pesado He[%] - High Extraction Basket","Pesado He[%] Basket - Small","PSD-HE-SM","2025-01-25",1,86.85,0,0,86.85,0,86.85
"Hybrid LM, E61 & NS Portafilter","La Marzocco 6mm / Black Full POM","PF02LM-FullPOM-HY","2025-01-25",1,158.11,0,0,158.11,0,158.11
"Sunrise Ceramic Set (FREE)","Default Title","FREE-PSD-CeramicSet","2025-01-25",2,0,0,0,0,0,0
"Hybrid Portafilter Head/Attachment","E61 5mm","PFH02MV-HY","2025-01-25",1,109.09,0,0,109.09,10.91,120
"Pesado Naked Portafilter Head (HYBRID)","E61 5mm","PFH00MV-HY","2025-01-25",1,86.36,0,0,86.36,8.64,95
"Impact Gravity Distributor - 58.4mm","Default Title","V2-PSD-distributor","2025-01-25",1,168.59,0,0,168.59,0,168.59
"Puck Screen Holder Bundle","Puck Screen Holder + 54mm Puck Diffuser Screen","PSD-PuckHolderBundle-54","2025-01-25",1,52.27,0,0,52.27,5.23,57.5
"Filter Basket","22.5 (16g)","PSD22.5","2025-01-26",1,30.83,0,0,30.83,0,30.83
"Naked Portafilter (Hybrid)","La Marzocco 6mm / Raya","PF00LMRaya-HY","2025-01-26",1,163.26,0,0,163.26,0,163.26
"Pesado He[%] - High Extraction Basket","Pesado He[%] Basket - X-Large","PSD-HE-XL","2025-01-26",2,154.55,0,0,154.55,15.45,170
"Double Spouted Portafilter","Breville 58 / Black | Silver","PF02BR58-BSL","2025-01-26",1,150,0,0,150,0,150
"Impact Gravity Distributor - 58.4mm","Default Title","V2-PSD-distributor","2025-01-26",1,168.47,0,0,168.47,0,168.47
"Shipping Protection","Default Title","UpCart","2025-01-26",3,7.15,0,0,7.15,0.46,7.61
"Pesado EP Filter Basket","EP-20g","EP-20g","2025-01-26",1,27.27,0,0,27.27,2.73,30
"Sunrise Ceramic Set","Default Title","PSD-CeramicSet","2025-01-26",1,15.63,-3.91,0,11.72,0,11.72
"Naked Portafilter (Hybrid)","Breville 58mm / Black / Riga","PF00BR58BK-Riga-HY","2025-01-26",1,160,-16,0,144,0,144
"Filter Basket","24.5 (18g)","PSD24.5","2025-01-26",1,30.83,0,0,30.83,0,30.83
"Sunrise Ceramic Set (FREE)","Default Title","FREE-PSD-CeramicSet","2025-01-26",1,0,0,0,0,0,0
"Naked Portafilter (Hybrid)","E61 5mm / Black / Bronze","PF00MV-BBZ-HY","2025-01-27",1,150,0,0,150,0,150
"Pesado He[%] - High Extraction Basket","Pesado He[%] Basket - Large","PSD-HE-LG","2025-01-27",1,77.27,0,0,77.27,7.73,85
"Sunrise Ceramic Set (FREE)","Default Title","FREE-PSD-CeramicSet","2025-01-27",1,0,0,0,0,0,0
"Shipping Protection","Default Title","UpCart","2025-01-27",2,4.54,0,0,4.54,0.46,5
"Pesado Single Dose Bean Cellar (4 pack) + Stand","Default Title","PSD-Beanstand-combo","2025-01-27",1,104.55,0,0,104.55,10.45,115
"Gravity Distributor Stand","Default Title","PSD-T-filter","2025-01-28",1,15.93,-2.39,0,13.54,0,13.54
"Pesado He[%] - High Extraction Basket","Pesado He[%] Basket - Medium","PSD-HE-ME","2025-01-28",2,174.49,-26.17,0,148.32,0,148.32
"Sunrise Ceramic Set (FREE)","Default Title","FREE-PSD-CeramicSet","2025-01-28",1,0,0,0,0,0,0
"Naked Portafilter (Hybrid)","Breville 54mm / Black Full POM","PF00BR54-FullPOM-HY","2025-01-28",1,110,-11,0,99,0,99
"Hybrid LM, E61 & NS Portafilter","La Marzocco 6mm / Black | Riga","PF02LMBK-Riga-HY","2025-01-28",1,199.16,-29.87,0,169.29,0,169.29
"Pesado He[%] - High Extraction Basket","Pesado He[%] Basket - Large","PSD-HE-LG","2025-01-28",1,87.63,-13.14,0,74.49,0,74.49
"Puck Diffuser Screen","58mm","PSD-puck","2025-01-28",1,25,-2.5,0,22.5,2.25,24.75
"Tamper","53.5mm / Black / Dusk","PSDT-53.5-BDK","2025-01-28",1,120,-18,0,102,0,102
"Pesado He[%] - High Extraction Basket","Pesado He[%] Basket - Small","PSD-HE-SM","2025-01-28",1,77.27,-7.72,0,69.55,6.95,76.5
"Shipping Protection","Default Title","UpCart","2025-01-28",5,12.77,-0.5,0,12.27,0.69,12.96
"Pesado EP Filter Basket","EP-Breville54-20g","EP-BR-20g","2025-01-28",2,54.54,-2.72,0,51.82,5.18,57
"Hybrid LM, E61 & NS Portafilter","La Marzocco 6mm / Black | Black","PF02LM-BBK-HY","2025-01-28",1,168.18,0,0,168.18,16.82,185
"Naked Portafilter (Hybrid)","Nuova Simonelli / Black Full POM","PF00NS-FullPOM-HY","2025-01-28",1,110,-16.5,0,93.5,0,93.5
"Milk Jug (Sharp spout)","Default Title","PSDjug","2025-01-28",1,55.77,-8.36,0,47.41,0,47.41
"Sunrise Ceramic Set","Default Title","PSD-CeramicSet","2025-01-28",1,13.63,-2.04,0,11.59,1.16,12.75
"Pesado x AD Coffee - Self Leveling Spring Tamper","Default Title","PSD-ADcoffee-Tamper","2025-01-29",1,163.64,0,0,163.64,16.36,180
,"",,"2025-01-29",2,0,0,0,0,0,0
"WDT Pin Pack","Default Title","PSD-removablepins","2025-01-29",6,5.45,0,0,5.45,0.55,6
"Shipping Protection","Default Title","UpCart","2025-01-29",4,10.94,0,0,10.94,0.46,11.4
"Pesado EP Filter Basket","EP-18g","EP-18g","2025-01-29",1,27.26,-6.81,0,20.45,2.05,22.5
"Pesado He[%] - High Extraction Basket","Pesado He[%] Basket - Small","PSD-HE-SM","2025-01-29",1,77.27,0,0,77.27,7.73,85
"El Rocio Manus S Espresso Machine","White","MANUSWH","2025-01-29",1,1909.09,0,0,1909.09,190.91,2100
"Pesado He[%] - High Extraction Basket","Pesado He[%] Basket - Large","PSD-HE-LG","2025-01-29",1,88.07,-8.66,0,79.41,0,79.41
"Puck Diffuser Screen","58mm","PSD-puck","2025-01-29",1,28.82,-2.82,0,26,0,26
"Sunrise Ceramic Set (FREE)","Default Title","FREE-PSD-CeramicSet","2025-01-29",1,0,0,0,0,0,0
"Shipping Protection","Default Title","UpCart","2025-01-30",1,2.27,0,0,2.27,0.23,2.5
"Wooden Leva Accents","Iris","PSDleva-Iris","2025-01-30",1,32.73,0,0,32.73,3.27,36
"Sunrise Ceramic Set","Default Title","PSD-CeramicSet","2025-01-30",1,13.64,-3.41,0,10.23,1.02,11.25
"Sunrise Ceramic Set (FREE)","Default Title","FREE-PSD-CeramicSet","2025-01-30",1,0,0,0,0,0,0
"Dosing Cup","58mm / Charcoal","PSDdosingCup-CH","2025-01-30",1,31.82,0,0,31.82,3.18,35
"Clump Crusher (WDT tool)","Iris","PSDcrusherIRIS","2025-01-30",1,40,0,0,40,4,44
"Stand for (WDT) Clump Crusher","Default Title","PSDcrusher-Stand","2025-01-30",2,52,-7,0,45,4.5,49.5
"Impact Gravity Distributor - 58.4mm","Default Title","V2-PSD-distributor","2025-01-30",1,150,-15,0,135,13.5,148.5
"Modular Handle - Portafilter","Black / Iris","PSDHMODBKIRIS","2025-01-30",1,72.72,0,0,72.72,7.27,79.99
"Clump Crusher (WDT tool)","Riga","PSDcrusherRIGA","2025-01-30",1,40,0,0,40,4,44
"Metallic Clump Crusher (WDT tool)","Black V2","V2-PSDcrusher-Black","2025-01-31",1,40,-4,0,36,3.6,39.6
"Puck Diffuser Screen","54mm","PSD-puck-54","2025-01-31",1,25,-2.5,0,22.5,2.25,24.75
"Naked Portafilter (Hybrid)","Breville 54mm / Black / Bronze","PF00BR54-BBZ-HY","2025-01-31",1,150,0,0,150,0,150
"Sunrise Ceramic Set (FREE)","Default Title","FREE-PSD-CeramicSet","2025-01-31",3,0,0,0,0,0,0
"Shipping Protection","Default Title","UpCart","2025-01-31",3,7.8,0,0,7.8,0.46,8.26
"Puck Diffuser Screen","58mm","PSD-puck","2025-01-31",3,75,-2.5,0,72.5,7.25,79.75
"Pesado He[%] - High Extraction Basket","Pesado He[%] Basket - Small","PSD-HE-SM","2025-01-31",2,154.54,-7.72,0,146.82,14.68,161.5
"Pesado He[%] Breville 54mm - High Extraction Basket","Default Title","PSD-HE-54","2025-01-31",1,77.27,-7.72,0,69.55,6.95,76.5
"Impact Gravity Distributor - 58.4mm","Default Title","V2-PSD-distributor","2025-01-31",2,319.99,-25.5,0,294.49,15,309.49
"Tamper","58.5mm / Raya","PSDTWRaya","2025-01-31",1,133.99,-20.1,0,113.89,0,113.89
"Double Spouted Portafilter","La Marzocco / E61 / White | Silver","PF02LM-WSL","2025-01-31",1,153.92,0,0,153.92,0,153.92
"Pesado x AD Coffee - Self Leveling Spring Tamper","Default Title","PSD-ADcoffee-Tamper","2025-01-31",1,163.63,-16.36,0,147.27,14.73,162
"Dosing Cup","54mm / Black","PSDdosingCup-BK-54","2025-01-31",1,31.82,0,0,31.82,3.18,35
"Magnetic Dosing Ring","54mm Dosing Ring","V2-PSDring-54mm","2025-01-31",1,30.45,0,0,30.45,3.05,33.5
"Dosing Bundle","Default Title","DOSING_B","2025-01-31",1,62.27,0,0,62.27,6.23,68.5
"Naked Portafilter (Hybrid)","E61 5mm / White / Riga","PF00MVWH-Riga-HY","2025-01-31",1,160,0,0,160,0,160
"Sunrise Ceramic Set (FREE)","Default Title","FREE-PSD-CeramicSet","2025-02-01",2,0,0,0,0,0,0
"Pesado He[%] - High Extraction Basket","Pesado He[%] Basket - Large","PSD-HE-LG","2025-02-01",1,77.27,-11.59,0,65.68,6.57,72.25
"Naked Portafilter (Hybrid)","Breville 58mm / Black / Black","PF00BR58-BBK-HY","2025-02-01",1,150,-22.5,0,127.5,0,127.5
"Shipping Protection","Default Title","UpCart","2025-02-01",1,2.27,0,0,2.27,0.23,2.5
"Puck Diffuser Screen","58mm","PSD-puck","2025-02-01",1,25,-2.5,0,22.5,2.25,24.75
"Impact Gravity Distributor - 58.4mm","Default Title","V2-PSD-distributor","2025-02-01",1,150,0,0,150,15,165
"Pesado He[%] - High Extraction Basket","Pesado He[%] Basket - Medium","PSD-HE-ME","2025-02-01",1,77.27,-7.72,0,69.55,6.95,76.5
"Pesado Puck Screen Stand","Default Title","PSD-PuckHolder","2025-02-02",1,27.27,-4.09,0,23.18,2.32,25.5
"Shipping Protection","Default Title","UpCart","2025-02-02",2,5.04,0,0,5.04,0.23,5.27
"Pesado He[%] Breville 54mm - High Extraction Basket","Default Title","PSD-HE-54","2025-02-02",1,77.27,-11.59,0,65.68,6.57,72.25
"Breville 58mm Spouted Portafilter Bundle","Breville 58mm Double Spouted White Silver","02BR58WSL-IMS17-BUNDLE","2025-02-02",1,153.07,0,0,153.07,0,153.07
"Puck Diffuser Screen","54mm","PSD-puck-54","2025-02-02",1,25,0,0,25,2.5,27.5
"Magnetic Dosing Ring","58mm Dosing Ring","V2-PSDring-58mm","2025-02-02",1,30.45,-4.56,0,25.89,2.59,28.48
"Sunrise 58mm Dosing Cup - Limited Edition","Charcoal","SunriseDosing-CH","2025-02-02",1,31.82,0,0,31.82,3.18,35
"Single Dose Bean Cellar (4 pack)","Default Title","PSD-beantube","2025-02-03",1,36.36,0,0,36.36,3.64,40
"Pesado He[%] - High Extraction Basket","Pesado He[%] Basket - Medium","PSD-HE-ME","2025-02-03",1,77.27,0,0,77.27,7.73,85
"Puck Diffuser Screen","58mm","PSD-puck","2025-02-03",1,25,0,0,25,2.5,27.5
"Magnetic Dosing Ring","54mm Dosing Ring","V2-PSDring-54mm","2025-02-03",1,30.45,-4.56,0,25.89,2.59,28.48
"Hybrid Breville 54/58 Portafilter","Breville 58 / Raya","PF02BR58Raya-HY","2025-02-03",1,177.27,0,0,177.27,17.73,195
"Pesado Naked Portafilter Head (HYBRID)","E61 5mm","PFH00MV-HY","2025-02-03",1,95,-95,0,0,0,0
"Pesado He[%] - High Extraction Basket","Pesado He[%] Basket - Small","PSD-HE-SM","2025-02-03",1,87.04,-8.7,0,78.34,0,78.34
"Shipping Protection","Default Title","UpCart","2025-02-03",4,9.57,0,0,9.57,0.69,10.26
"Sunrise Ceramic Set (FREE)","Default Title","FREE-PSD-CeramicSet","2025-02-03",4,0,0,0,0,0,0
"Pesado EP Filter Basket","EP-Breville54-18g","EP-BR-18g","2025-02-03",2,54.55,0,0,54.55,5.45,60
"Hybrid LM, E61 & NS Portafilter","E61 5mm / Black | Black","PF02MV-BBK-HY","2025-02-03",1,189.04,-18.9,0,170.14,0,170.14
"Double Spouted Portafilter","La Marzocco / E61 / White | Riga","PF02LMWH-Riga","2025-02-03",3,480,0,0,480,0,480
"Magnetic Dosing Ring","58mm Dosing Ring","V2-PSDring-58mm","2025-02-03",-1,0,0,-25.89,-25.89,-2.59,-28.48
"Hybrid Portafilter Head/Attachment","LM/E61, NS, BR58 Hybrid Attachment Only","PSDHY","2025-02-04",1,31.82,0,0,31.82,3.18,35
"Pesado He[%] - High Extraction Basket","Pesado He[%] Basket - Medium","PSD-HE-ME","2025-02-04",1,86.85,-8.68,0,78.17,0,78.17
"Tamper","58.5mm / Black / Bronze","PSDTMBBZ","2025-02-04",1,120,0,0,120,0,120
"Sunrise Ceramic Set (FREE)","Default Title","FREE-PSD-CeramicSet","2025-02-04",1,0,0,0,0,0,0
"Hybrid LM, E61 & NS Portafilter","E61 5mm / Black | Dusk","PF02MV-BDK-HY","2025-02-04",1,177.27,-17.72,0,159.55,15.95,175.5
"Pesado EP Filter Basket","EP-18g","EP-18g","2025-02-04",1,27.27,-2.72,0,24.55,2.45,27
"Pesado He[%] - High Extraction Basket","Pesado He[%] Basket - Small","PSD-HE-SM","2025-02-04",-1,0,0,-78.34,-78.34,0,-78.34
"Pesado x AD Coffee - Self Leveling Spring Tamper","Default Title","PSD-ADcoffee-Tamper","2025-02-04",1,163.64,0,0,163.64,16.36,180
"Dosing Cup","58mm / Charcoal","PSDdosingCup-CH","2025-02-04",1,31.82,0,0,31.82,3.18,35
"Puck Diffuser Screen","58mm","PSD-puck","2025-02-05",3,78.95,-6.36,0,72.59,4.65,77.24
"WDT Pin Pack","Default Title","PSD-removablepins","2025-02-05",5,4.55,0,0,4.55,0.45,5
"Distribution Bundle","58mm Distribution Bundle","DISTR_B","2025-02-05",1,216,0,0,216,21.6,237.6
"Pesado He[%] - High Extraction Basket","Pesado He[%] Basket - Medium","PSD-HE-ME","2025-02-05",1,77.27,-7.72,0,69.55,6.95,76.5
"Stand for (WDT) Clump Crusher","Default Title","PSDcrusher-Stand","2025-02-05",1,26,0,0,26,2.6,28.6
"Pesado He[%] - High Extraction Basket","Pesado He[%] Basket - X-Large","PSD-HE-XL","2025-02-05",3,231.81,-9.23,0,222.58,22.26,244.84
"Pesado EP Filter Basket","EP-Breville54-18g","EP-BR-18g","2025-02-05",1,30,-30,0,0,0,0
"Sunrise Ceramic Set (FREE)","Default Title","FREE-PSD-CeramicSet","2025-02-05",3,0,0,0,0,0,0
"Pesado He[%] - High Extraction Basket","Pesado He[%] Basket - Large","PSD-HE-LG","2025-02-05",2,164.11,-8.61,0,155.5,7.73,163.23
"Crusher Pin","Replaceable WDT pin system (0.3mm)","PSD-PinUP","2025-02-05",1,22.73,0,0,22.73,2.27,25
"Shipping Protection","Default Title","UpCart","2025-02-05",4,9.52,0,0,9.52,0.69,10.21
"Pesado He[%] - High Extraction Basket","Pesado He[%] Basket - Medium","PSD-HE-ME","2025-02-06",2,154.55,0,0,154.55,15.45,170
"Gravity Distributor Stand","Default Title","PSD-T-filter","2025-02-06",1,15.67,0,0,15.67,0,15.67
"Tamper","58.5mm / Black / Silver","PSDTMBSl","2025-02-06",1,120,-12,0,108,0,108
"Shipping Protection","Default Title","UpCart","2025-02-06",5,11.36,0,0,11.36,1.14,12.5
"Pesado He[%] Breville 54mm - High Extraction Basket","Default Title","PSD-HE-54","2025-02-06",1,77.27,-7.72,0,69.55,6.95,76.5
"El Rocio Manus S Espresso Machine","Black","MANUSBK","2025-02-06",1,1909.09,0,0,1909.09,190.91,2100
"Depth Adjuster","Default Title","PSdepth","2025-02-06",1,46.36,-4.63,0,41.73,4.17,45.9
"Metallic Clump Crusher (WDT tool)","Black V2","V2-PSDcrusher-Black","2025-02-06",1,40,-4,0,36,3.6,39.6
"Pesado x AD Coffee - Self Leveling Spring Tamper","Default Title","PSD-ADcoffee-Tamper","2025-02-06",1,163.63,-16.36,0,147.27,14.73,162
"Puck Diffuser Screen","54mm","PSD-puck-54","2025-02-06",1,25,-2.5,0,22.5,2.25,24.75
"Double Spouted Portafilter","La Marzocco / E61 / Black | Silver","PF02LM-BSL","2025-02-06",2,300,0,0,300,0,300
"Sunrise Ceramic Set (FREE)","Default Title","FREE-PSD-CeramicSet","2025-02-06",3,0,0,0,0,0,0
"Pesado He[%] - High Extraction Basket","Pesado He[%] Basket - Small","PSD-HE-SM","2025-02-07",3,252.35,-13.19,0,239.16,7.73,246.89
"Hybrid LM, E61 & NS Portafilter","La Marzocco 6mm / Black | Black","PF02LM-BBK-HY","2025-02-07",1,190.03,0,0,190.03,0,190.03
"Shipping Protection","Default Title","UpCart","2025-02-07",3,7.76,0,0,7.76,0.46,8.22
"Sunrise Ceramic Set (FREE)","Default Title","FREE-PSD-CeramicSet","2025-02-07",1,0,0,0,0,0,0
"Hybrid LM, E61 & NS Portafilter","E61 5mm / Black | Black","PF02MV-BBK-HY","2025-02-07",1,190.03,-14.35,0,175.68,0,175.68
"Puck Diffuser Screen","58mm","PSD-puck","2025-02-07",2,50,0,0,50,5,55
"Pesado He[%] - High Extraction Basket","Pesado He[%] Basket - X-Large","PSD-HE-XL","2025-02-07",1,77.27,0,0,77.27,7.73,85
"Puck Screen Holder Bundle","Puck Screen Holder + 58mm Puck Diffuser Screen","PSD-PuckHolderBundle-58","2025-02-07",1,52.27,0,0,52.27,5.23,57.5
"Single Dose Bean Cellar (4 pack)","Default Title","PSD-beantube","2025-02-08",1,36.36,0,0,36.36,3.64,40
"Pesado EP Filter Basket","EP-18g","EP-18g","2025-02-09",1,27.27,-4.09,0,23.18,2.32,25.5
"Shipping Protection","Default Title","UpCart","2025-02-09",2,4.86,0,0,4.86,0.23,5.09
"Sunrise Ceramic Set","Default Title","PSD-CeramicSet","2025-02-09",1,13.64,-3.41,0,10.23,1.02,11.25
"Sunrise Ceramic Set (FREE)","Default Title","FREE-PSD-CeramicSet","2025-02-09",1,0,0,0,0,0,0
"Hybrid LM, E61 & NS Portafilter","E61 5mm / Black | Black","PF02MV-BBK-HY","2025-02-09",1,189.33,0,0,189.33,0,189.33
"Depth Adjuster","Default Title","PSdepth","2025-02-09",1,52.05,0,0,52.05,0,52.05
"Sunrise 58mm Dosing Cup - Limited Edition","Charcoal","SunriseDosing-CH","2025-02-09",1,31.82,0,0,31.82,3.18,35
"Hybrid Breville 54/58 Portafilter","Breville 58 / Black | Silver","PF02BR58-BSL-HY","2025-02-09",1,168.18,0,0,168.18,16.82,185
"Dusk & Haze Clump Crusher (WDT tool)","Dusk","PSDcrusher-Dusk","2025-02-10",1,45.15,0,0,45.15,0,45.15
"Pesado EP Filter Basket","EP-Breville54-18g","EP-BR-18g","2025-02-10",1,27.27,0,0,27.27,2.73,30
"Hybrid LM, E61 & NS Portafilter","La Marzocco 6mm / Black | Black","PF02LM-BBK-HY","2025-02-10",1,189.27,0,0,189.27,0,189.27
"Shipping Protection","Default Title","UpCart","2025-02-10",1,2.27,0,0,2.27,0.23,2.5
"Pesado He[%] Breville 54mm - High Extraction Basket","Default Title","PSD-HE-54","2025-02-10",1,77.27,0,0,77.27,7.73,85
"Stand for (WDT) Clump Crusher","Default Title","PSDcrusher-Stand","2025-02-10",1,29.8,0,0,29.8,0,29.8
"Sunrise 58mm Dosing Cup - Limited Edition","Charcoal","SunriseDosing-CH","2025-02-10",1,37.6,-3.76,0,33.84,0,33.84
"Pesado Naked Portafilter Head (HYBRID)","E61 5mm","PFH00MV-HY","2025-02-10",1,96.96,-9.7,0,87.26,0,87.26
"Single Dose Bean Cellar (4 pack)","Default Title","PSD-beantube","2025-02-10",1,36.36,0,0,36.36,3.64,40
"Gravity Distributor Stand","Default Title","PSD-T-filter","2025-02-10",1,15.83,-1.58,0,14.25,0,14.25
"Prescision Bundle - LM & E61","E61 5mm","PRE_SETMV","2025-02-11",1,276.91,-41.54,0,235.37,0,235.37
"Impact Gravity Distributor - 58.4mm","Default Title","V2-PSD-distributor","2025-02-11",1,169.98,-25.5,0,144.48,0,144.48
"Gravity Distributor - 54mm","54 mm","PSD-distributor-54m","2025-02-11",-1,0,0,-122.73,-122.73,-12.27,-135
"Gravity Distributor Stand","Default Title","PSD-T-filter","2025-02-11",0,16.45,-2.47,-12.27,1.71,-1.23,0.48
"Puck Diffuser Screen","58mm","PSD-puck","2025-02-11",1,25,0,0,25,2.5,27.5
"Hybrid LM, E61 & NS Portafilter","La Marzocco 6mm / Black | Bronze","PF02LM-BBZ-HY","2025-02-11",1,168.17,-25.22,0,142.95,14.3,157.25
"Sunrise Ceramic Set (FREE)","Default Title","FREE-PSD-CeramicSet","2025-02-11",2,0,0,0,0,0,0
"Hybrid Portafilter Head/Attachment","LM 6mm Hybrid","PFH02LM-HY","2025-02-11",2,218.17,-21.81,0,196.36,19.64,216
"Full Moon Wave - Convex Tamper","Full Moow Wave Base Only","PSDTbase-Convex","2025-02-11",1,90.91,0,0,90.91,9.09,100
"Shipping Protection","Default Title","UpCart","2025-02-11",3,7.51,0,0,7.51,0.23,7.74
"Stand for (WDT) Clump Crusher","Default Title","PSDcrusher-Stand","2025-02-12",1,26,0,0,26,2.6,28.6
"Breville 54mm Precision Bundle","Default Title","PRE-BR54-SET","2025-02-12",1,245.45,-24.54,0,220.91,22.09,243
"Impact Gravity Distributor - 58.4mm","Default Title","V2-PSD-distributor","2025-02-12",1,150,0,0,150,15,165
"Puck Diffuser Screen","58mm","PSD-puck","2025-02-12",3,75,-2.5,0,72.5,7.25,79.75
"Double Spouted Portafilter","La Marzocco / E61 / Black | Black","PF02LM-BBK","2025-02-12",1,150,0,0,150,0,150
"Shipping Protection","Default Title","UpCart","2025-02-12",6,13.62,0,0,13.62,1.38,15
"Milk Jug (Sharp spout)","Default Title","PSDjug","2025-02-12",1,49.09,0,0,49.09,4.91,54
"Clump Crusher (WDT tool)","Raya","PSDcrusherRAYA","2025-02-12",1,40,0,0,40,4,44
"Pesado EP Filter Basket","EP-18g","EP-18g","2025-02-12",1,27.27,-2.72,0,24.55,2.45,27
"Pesado He[%] Breville 54mm - High Extraction Basket","Default Title","PSD-HE-54","2025-02-12",1,77.27,-7.72,0,69.55,6.95,76.5
"Pesado He[%] - High Extraction Basket","Pesado He[%] Basket - Small","PSD-HE-SM","2025-02-12",1,77.27,-11.59,0,65.68,6.57,72.25
"Tamper","53.5mm / Black / Silver","PSDT-53.5-BSL","2025-02-12",1,120,0,0,120,0,120
"Sunrise Ceramic Set (FREE)","Default Title","FREE-PSD-CeramicSet","2025-02-12",1,0,0,0,0,0,0
"Hybrid Breville 54/58 Portafilter","Breville 54 / Black | Black","PF02BR54-BBK-HY","2025-02-13",1,168.17,-16.81,0,151.36,15.14,166.5
"Pesado He[%] Breville 54mm - High Extraction Basket","Default Title","PSD-HE-54","2025-02-13",2,154.54,-7.72,0,146.82,14.68,161.5
"Sunrise Ceramic Set (FREE)","Default Title","FREE-PSD-CeramicSet","2025-02-13",1,0,0,0,0,0,0
"Puck Diffuser Screen","54mm","PSD-puck-54","2025-02-13",2,50,-2.5,0,47.5,4.75,52.25
"Puck Diffuser Screen","58mm","PSD-puck","2025-02-14",-1,0,0,-22.5,-22.5,-2.25,-24.75
"Pesado x AD Coffee - Self Leveling Spring Tamper","Default Title","PSD-ADcoffee-Tamper","2025-02-14",1,163.64,0,0,163.64,16.36,180
"Puck Diffuser Screen","54mm","PSD-puck-54","2025-02-14",1,25,-2.5,0,22.5,2.25,24.75
"Sunrise Ceramic Set (FREE)","Default Title","FREE-PSD-CeramicSet","2025-02-14",1,0,0,0,0,0,0
"Pesado EP Filter Basket","EP-20g","EP-20g","2025-02-14",1,27.27,0,0,27.27,2.73,30
"Sunrise Ceramic Set (FREE)","Default Title","FREE-PSD-CeramicSet","2025-02-15",2,0,0,0,0,0,0
"Pesado x AD Coffee - Self Leveling Spring Tamper","Default Title","PSD-ADcoffee-Tamper","2025-02-15",2,327.28,0,0,327.28,32.72,360
"Pesado Tamping Station","Default Title","PSD-TampingStation","2025-02-15",1,163.64,0,0,163.64,16.36,180
"Impact Gravity Distributor - 58.4mm","Default Title","V2-PSD-distributor","2025-02-15",2,300,0,0,300,30,330
"Pesado Puck Screen Stand","Default Title","PSD-PuckHolder","2025-02-16",2,54.54,0,0,54.54,5.46,60
"Shipping Protection","Default Title","UpCart","2025-02-16",1,2.27,0,0,2.27,0.23,2.5
"Pesado EP Filter Basket","EP-18g","EP-18g","2025-02-16",1,27.27,0,0,27.27,2.73,30
"Pesado Single Dose Bean Cellar (4 pack) + Stand","Default Title","PSD-Beanstand-combo","2025-02-16",1,104.54,-10.45,0,94.09,9.41,103.5
"Metallic Clump Crusher (WDT tool)","Gold","PSDcrusher-Gold","2025-02-16",1,40,0,0,40,4,44
"Hybrid Breville 54/58 Portafilter","Breville 58 / Black | Riga","PF02BR58BK-Riga-HY","2025-02-16",1,177.27,0,0,177.27,17.73,195
"Sunrise Ceramic Set (FREE)","Default Title","FREE-PSD-CeramicSet","2025-02-16",1,0,0,0,0,0,0
"Stand for (WDT) Clump Crusher","Default Title","PSDcrusher-Stand","2025-02-16",1,26,0,0,26,2.6,28.6
"Single Dose Bean Cellar (4 pack)","Default Title","PSD-beantube","2025-02-16",1,36.36,-3.63,0,32.73,3.27,36
"Puck Diffuser Screen","58mm","PSD-puck","2025-02-16",3,75,0,0,75,7.5,82.5
"Hybrid Portafilter Head/Attachment","LM/E61, NS, BR58 Hybrid Attachment Only","PSDHY","2025-02-16",1,31.82,0,0,31.82,3.18,35
"Pesado He[%] Breville 54mm - High Extraction Basket","Default Title","PSD-HE-54","2025-02-17",1,77.27,0,0,77.27,7.73,85
"Puck Diffuser Screen","58mm","PSD-puck","2025-02-17",2,54.66,-5.39,0,49.27,2.25,51.52
"Shipping Protection","Default Title","UpCart","2025-02-17",1,2.64,0,0,2.64,0,2.64
"Pesado EP Filter Basket","EP-Breville54-20g","EP-BR-20g","2025-02-17",1,27.27,-4.09,0,23.18,2.32,25.5
"Pesado Puck Screen Stand","Default Title","PSD-PuckHolder","2025-02-17",1,27.27,0,0,27.27,2.73,30
"Modular Handle - Portafilter","White / Silver","PSDHMODWSL","2025-02-17",2,145.44,0,0,145.44,14.54,159.98
"Sunrise Ceramic Set (FREE)","Default Title","FREE-PSD-CeramicSet","2025-02-17",3,0,0,0,0,0,0
"Puck Diffuser Screen","54mm","PSD-puck-54","2025-02-17",2,49.99,-3.74,0,46.25,4.63,50.88
"Tamper","53.5mm / Black / Bronze","PSDT-53.5-BBZ","2025-02-17",1,120,0,0,120,0,120
"Gravity Distributor Stand","Default Title","PSD-T-filter","2025-02-17",1,13.63,-2.04,0,11.59,1.16,12.75
"Gravity Distributor - 54mm","54 mm","PSD-distributor-54m","2025-02-17",2,272.72,-20.45,0,252.27,25.23,277.5
"Pesado He[%] - High Extraction Basket","Pesado He[%] Basket - Medium","PSD-HE-ME","2025-02-17",2,164.75,-16.31,0,148.44,6.95,155.39
"Metallic Clump Crusher (WDT tool)","Bronze","PSDcrusher-Bronze","2025-02-17",1,40,0,0,40,4,44
"Magnetic Dosing Ring","54mm Dosing Ring","V2-PSDring-54mm","2025-02-17",1,30.45,-4.56,0,25.89,2.59,28.48
"Pesado Spouted Portafilter Head","Astoria","PFHAS","2025-02-17",2,172.73,0,0,172.73,17.27,190
"Hybrid Breville 54/58 Portafilter","Breville 58 / Black | Silver","PF02BR58-BSL-HY","2025-02-17",1,188.73,0,0,188.73,0,188.73
"Pesado Tamping Station","Default Title","PSD-TampingStation","2025-02-17",1,163.64,0,0,163.64,16.36,180
"Impact Gravity Distributor - 58.4mm","Default Title","V2-PSD-distributor","2025-02-17",1,150,0,0,150,15,165
"Double Spouted Portafilter","Breville 54 / Raya","PF02BR54-Raya","2025-02-18",1,160,-16,0,144,0,144
"Puck Diffuser Screen","54mm","PSD-puck-54","2025-02-18",1,25,0,0,25,2.5,27.5
"Sunrise Ceramic Set (FREE)","Default Title","FREE-PSD-CeramicSet","2025-02-18",0,0,0,0,0,0,0
"Pesado EP Filter Basket","EP-Breville54-20g","EP-BR-20g","2025-02-18",1,27.27,-2.72,0,24.55,2.45,27
"Pesado EP Filter Basket","EP-20g","EP-20g","2025-02-18",7,217.64,0,0,217.64,0,217.64
"Modular Handle - Portafilter","White / Silver","PSDHMODWSL","2025-02-18",-2,0,0,-145.44,-145.44,-14.54,-159.98
"Double Spouted Portafilter","Astoria / White | Silver","PF02AS-WSL","2025-02-18",2,300,0,0,300,0,300
"Pesado Spouted Portafilter Head","Astoria","PFHAS","2025-02-18",-2,0,0,-172.73,-172.73,-17.27,-190
"Espresso Shot Mirror","Default Title","PSDshot-mirror","2025-02-18",1,41.31,0,0,41.31,0,41.31
"Stand for (WDT) Clump Crusher","Default Title","PSDcrusher-Stand","2025-02-19",1,26,0,0,26,2.6,28.6
"Magnetic Dosing Ring","54mm Dosing Ring","V2-PSDring-54mm","2025-02-19",1,30.45,0,0,30.45,3.05,33.5
"Hybrid LM, E61 & NS Portafilter","E61 5mm / Black | Black","PF02MV-BBK-HY","2025-02-19",1,168.18,0,0,168.18,16.82,185
"Metallic Clump Crusher (WDT tool)","Black V2","V2-PSDcrusher-Black","2025-02-19",1,40,0,0,40,4,44
"Pesado EP Filter Basket","EP-Breville54-20g","EP-BR-20g","2025-02-19",1,27.27,0,0,27.27,2.73,30
"Pesado He[%] - High Extraction Basket","Pesado He[%] Basket - X-Large","PSD-HE-XL","2025-02-20",1,77.27,-7.72,0,69.55,6.95,76.5
"Hybrid LM, E61 & NS Portafilter","E61 5mm / Black | Silver","PF02MV-BSL-HY","2025-02-20",1,168.17,-16.81,0,151.36,15.14,166.5
"Dosing Cup","58mm / Charcoal","PSDdosingCup-CH","2025-02-20",1,31.81,-7.95,0,23.86,2.39,26.25
"Pesado Tamping Station","Default Title","PSD-TampingStation","2025-02-20",1,163.64,0,0,163.64,16.36,180
"Sunrise Ceramic Set (FREE)","Default Title","FREE-PSD-CeramicSet","2025-02-20",1,0,0,0,0,0,0
"Dosing Bundle","Default Title","DOSING_B","2025-02-21",1,62.27,0,0,62.27,6.23,68.5
"Pesado He[%] - High Extraction Basket","Pesado He[%] Basket - Medium","PSD-HE-ME","2025-02-21",1,77.27,0,0,77.27,7.73,85
"Impact Gravity Distributor - 58.4mm","Default Title","V2-PSD-distributor","2025-02-21",1,149.98,-122.71,0,27.27,2.73,30
"Wooden Leva Accents","Riga","PSDleva-Riga","2025-02-21",2,75.04,0,0,75.04,0,75.04
"Puck Diffuser Screen","58mm","PSD-puck","2025-02-21",1,25,0,0,25,2.5,27.5
"Pesado EP Filter Basket","EP-Breville54-18g","EP-BR-18g","2025-02-21",1,27.27,0,0,27.27,2.73,30
"WDT Pin Pack","Default Title","PSD-removablepins","2025-02-22",1,0.91,0,0,0.91,0.09,1
"Gravity Distributor - 54mm","54 mm","PSD-distributor-54m","2025-02-22",1,136.36,0,0,136.36,13.64,150
"Metallic Clump Crusher (WDT tool)","Black V2","V2-PSDcrusher-Black","2025-02-22",1,40,0,0,40,4,44
"Pesado He[%] - High Extraction Basket","Pesado He[%] Basket - Large","PSD-HE-LG","2025-02-22",1,77.27,-7.72,0,69.55,6.95,76.5
"Naked Portafilter (Hybrid)","Breville 54mm / Black / Gold","PF00BR54-BGD-HY","2025-02-22",1,150,0,0,150,0,150
"Puck Diffuser Screen","58mm","PSD-puck","2025-02-22",2,50,-5,0,45,4.5,49.5
"Sunrise Ceramic Set (FREE)","Default Title","FREE-PSD-CeramicSet","2025-02-22",1,0,0,0,0,0,0
"Crusher Pin","Replaceable WDT pin system (0.3mm)","PSD-PinUP","2025-02-22",1,22.73,0,0,22.73,2.27,25
"Sunrise Ceramic Set","Default Title","PSD-CeramicSet","2025-02-22",1,13.64,0,0,13.64,1.36,15
"Pesado He[%] Breville 54mm - High Extraction Basket","Default Title","PSD-HE-54","2025-02-22",1,77.27,-7.72,0,69.55,6.95,76.5
"Competition Shower Screen","La Marzocco","PSDLM","2025-02-23",1,31.82,0,0,31.82,3.18,35
"Puck Diffuser Screen","58mm","PSD-puck","2025-02-23",1,25,-2.5,0,22.5,2.25,24.75
"Pesado He[%] Breville 54mm - High Extraction Basket","Default Title","PSD-HE-54","2025-02-23",1,87.59,-8.76,0,78.83,0,78.83
"Pesado Single Dose Bean Cellar (4 pack) + Stand","Default Title","PSD-Beanstand-combo","2025-02-23",1,104.54,-10.45,0,94.09,9.41,103.5
"Pesado EP Filter Basket","EP-Breville54-20g","EP-BR-20g","2025-02-23",1,27.27,-4.09,0,23.18,2.32,25.5
"Shipping Protection","Default Title","UpCart","2025-02-23",1,2.27,0,0,2.27,0.23,2.5
"Tamper","53.5mm / White / Iris","PSDT-53.5-WHIris","2025-02-23",1,130,0,0,130,0,130
"Puck Screen Holder Bundle","Puck Screen Holder + 54mm Puck Diffuser Screen","PSD-PuckHolderBundle-54","2025-02-23",1,52.27,0,0,52.27,5.23,57.5
"Single Dose Bean Cellar (4 pack)","Default Title","PSD-beantube","2025-02-23",1,36.36,-3.63,0,32.73,3.27,36
"Pesado He[%] - High Extraction Basket","Pesado He[%] Basket - Medium","PSD-HE-ME","2025-02-23",1,77.27,-7.72,0,69.55,6.95,76.5
"Filter Basket","23.5 (17g)","PSD23.5","2025-02-23",1,27.27,0,0,27.27,2.73,30
"Puck Diffuser Screen","58mm","PSD-puck","2025-02-24",1,50,-2.5,-22.5,25,2.5,27.5
"Pesado EP Filter Basket","EP-18g","EP-18g","2025-02-24",1,27.27,0,0,27.27,2.73,30
"Naked Portafilter (Hybrid)","Breville 58mm / Black / Black","PF00BR58-BBK-HY","2025-02-24",1,150,0,0,150,0,150
"Competition Shower Screen","La Marzocco","PSDLM","2025-02-24",-1,0,0,-31.82,-31.82,-3.18,-35
"Pesado He[%] - High Extraction Basket","Pesado He[%] Basket - Large","PSD-HE-LG","2025-02-24",1,77.27,-7.72,0,69.55,6.95,76.5
"Puck Diffuser Screen","54mm","PSD-puck-54","2025-02-24",2,51.28,-2.5,0,48.78,4.29,53.07
"Dusk & Haze Clump Crusher (WDT tool)","Dusk","PSDcrusher-Dusk","2025-02-24",1,40,0,0,40,4,44
"Modular Handle - Portafilter","White / Gold","PSDHMODWGD","2025-02-24",1,72.72,0,0,72.72,7.27,79.99
"Pesado He[%] - High Extraction Basket","Pesado He[%] Basket - Medium","PSD-HE-ME","2025-02-24",2,154.54,0,0,154.54,15.46,170
"Tamper","58.5mm / Black / Black","PSDTMBBk","2025-02-24",1,120,0,0,120,0,120
"Pesado He[%] - High Extraction Basket","Pesado He[%] Basket - Medium","PSD-HE-ME","2025-02-25",-1,0,0,-77.27,-77.27,-7.73,-85
,"",,"2025-02-25",1,136.36,0,0,136.36,13.64,150
"Modular Handle - Portafilter","White / Gold","PSDHMODWGD","2025-02-25",-1,0,0,-72.72,-72.72,-7.27,-79.99
"Pesado EP Filter Basket","EP-Breville54-18g","EP-BR-18g","2025-02-25",1,27.26,-6.81,0,20.45,2.05,22.5
"Pesado He[%] Breville 54mm - High Extraction Basket","Default Title","PSD-HE-54","2025-02-25",1,77.27,0,0,77.27,7.73,85
"Espresso Shot Mirror","Default Title","PSDshot-mirror","2025-02-26",1,36.82,0,0,36.82,3.68,40.5
"Pesado EP Filter Basket","EP-22g","EP-22g","2025-02-26",1,27.27,-2.72,0,24.55,2.45,27
"Modular Handle - Portafilter","Black / Dusk","PSDHMODBDK","2025-02-26",1,72.72,0,0,72.72,7.27,79.99
"Pesado He[%] Breville 54mm - High Extraction Basket","Default Title","PSD-HE-54","2025-02-26",1,77.27,0,0,77.27,7.73,85
"El Rocio Manus S Espresso Machine","Black","MANUSBK","2025-02-26",1,1909.08,-190.9,0,1718.18,171.82,1890
"Puck Diffuser Screen","54mm","PSD-puck-54","2025-02-26",1,25,0,0,25,2.5,27.5
"Naked Portafilter (Hybrid)","Breville 54mm / White Full POM","PF00BR54-WHPOM-HY","2025-02-26",1,110,0,0,110,0,110
"Double Spouted Portafilter","La Marzocco / E61 / Black | Silver","PF02LM-BSL","2025-02-26",1,150,-15,0,135,0,135
"Sunrise Ceramic Set (FREE)","Default Title","FREE-PSD-CeramicSet","2025-02-26",2,0,0,0,0,0,0
"Pesado x AD Coffee - Self Leveling Spring Tamper","Default Title","PSD-ADcoffee-Tamper","2025-02-27",1,163.64,0,0,163.64,16.36,180
"Naked Portafilter (Hybrid)","E61 5mm / Black / Dusk","PF00MV-BDK-HY","2025-02-27",1,150,0,0,150,0,150
"Sunrise Ceramic Set (FREE)","Default Title","FREE-PSD-CeramicSet","2025-02-27",1,0,0,0,0,0,0
"Pesado He[%] - High Extraction Basket","Pesado He[%] Basket - Medium","PSD-HE-ME","2025-02-27",1,77.27,0,0,77.27,7.73,85
"Sunrise Ceramic Set (FREE)","Default Title","FREE-PSD-CeramicSet","2025-02-28",2,0,0,0,0,0,0
"Shipping Protection","Default Title","UpCart","2025-02-28",1,4.05,0,0,4.05,0,4.05
"Pesado He[%] - High Extraction Basket","Pesado He[%] Basket - Small","PSD-HE-SM","2025-02-28",1,77.27,-7.72,0,69.55,6.95,76.5
"El Rocio Manus S Espresso Machine","Black","MANUSBK","2025-02-28",-1,0,0,-1718.18,-1718.18,-171.82,-1890
"Impact Gravity Distributor - 58.4mm","Default Title","V2-PSD-distributor","2025-02-28",1,150,0,0,150,15,165
"Clump Crusher (WDT tool)","Riga","PSDcrusherRIGA","2025-02-28",2,86.56,0,0,86.56,4,90.56
"Pesado Black Ripple Set","Black Ripple Set","PSDBlackRippleSet","2025-02-28",2,172.01,0,0,172.01,8.09,180.1
"Naked Portafilter (Hybrid)","E61 5mm / Black / Riga","PF00MVBK-Riga-HY","2025-02-28",1,163.97,0,0,163.97,0,163.97
"WDT Pin Pack","Default Title","PSD-removablepins","2025-02-28",1,2.02,0,0,2.02,0,2.02
"Pesado Tamping Station","Default Title","PSD-TampingStation","2025-02-28",3,511.5,0,0,511.5,32.72,544.22
"Hybrid Portafilter Head/Attachment","LM/E61, NS, BR58 Hybrid Attachment Only","PSDHY","2025-02-28",1,36.44,0,0,36.44,0,36.44
"Double Spouted Portafilter","La Marzocco / E61 / Black | Riga","PF02LMBK-Riga","2025-02-28",1,160,0,0,160,0,160
"Puck Diffuser Screen","58mm","PSD-puck","2025-02-28",1,25,0,0,25,2.5,27.5
"Hybrid LM, E61 & NS Portafilter","E61 5mm / White | Riga","PF02MVWH-Riga-HY","2025-02-28",1,177.27,-17.72,0,159.55,15.95,175.5
"Pesado Naked Portafilter Head (HYBRID)","E61 5mm","PFH00MV-HY","2025-02-28",1,98.25,-14.73,0,83.52,0,83.52
"Gravity Distributor - 54mm","54 mm","PSD-distributor-54m","2025-02-28",1,150,-15,0,135,0,135
"Gravity Distributor Stand","Default Title","PSD-T-filter","2025-02-28",1,15,-1.5,0,13.5,0,13.5
"Puck Diffuser Screen","54mm","PSD-puck-54","2025-03-01",1,25,-2.5,0,22.5,2.25,24.75
"Pesado He[%] Breville 54mm - High Extraction Basket","Default Title","PSD-HE-54","2025-03-01",1,77.27,-7.72,0,69.55,6.95,76.5
"Double Spouted Portafilter","Breville 58 / Black | Bronze","PF02BR58-BBZ","2025-03-01",1,150,0,0,150,0,150
"Pesado EP Filter Basket","EP-22g","EP-22g","2025-03-01",1,27.27,0,0,27.27,2.73,30
"Hybrid Portafilter Head/Attachment","E61 5mm","PFH02MV-HY","2025-03-01",1,109.09,0,0,109.09,10.91,120
"Pesado Puck Screen Stand","Default Title","PSD-PuckHolder","2025-03-02",1,30.67,0,0,30.67,0,30.67
"Pesado x AD Coffee - Self Leveling Spring Tamper","Default Title","PSD-ADcoffee-Tamper","2025-03-02",1,184.05,0,0,184.05,0,184.05
"Pesado EP Filter Basket","EP-Breville54-20g","EP-BR-20g","2025-03-02",1,27.27,0,0,27.27,2.73,30
"Dosing Cup","54mm / Black","PSDdosingCup-BK-54","2025-03-02",1,31.82,0,0,31.82,3.18,35
"Naked Portafilter (Hybrid)","La Marzocco 6mm / Raya","PF00LMRaya-HY","2025-03-02",1,163.3,0,0,163.3,0,163.3
"Pesado He[%] - High Extraction Basket","Pesado He[%] Basket - Medium","PSD-HE-ME","2025-03-02",1,87.51,0,0,87.51,0,87.51
"Filter Basket","22.5 (16g)","PSD22.5","2025-03-02",1,27.27,0,0,27.27,2.73,30
"Puck Diffuser Screen","58mm","PSD-puck","2025-03-02",3,82.74,0,0,82.74,2.5,85.24
"Magnetic Dosing Ring","54mm Dosing Ring","V2-PSDring-54mm","2025-03-03",1,30.45,0,0,30.45,3.05,33.5
"Hybrid Portafilter Head/Attachment","LM/E61, NS, BR58 Hybrid Attachment Only","PSDHY","2025-03-03",1,35,-35,0,0,0,0
"Dosing Cup","54mm / Black","PSDdosingCup-BK-54","2025-03-03",1,31.82,0,0,31.82,3.18,35
"Puck Diffuser Screen","54mm","PSD-puck-54","2025-03-03",1,25,0,0,25,2.5,27.5
"Hybrid Portafilter Head/Attachment","LM/E61, NS, BR58 Hybrid Attachment Only","PSDHY","2025-03-04",1,35,-35,0,0,0,0
"Pesado He[%] - High Extraction Basket","Pesado He[%] Basket - Medium","PSD-HE-ME","2025-03-04",1,85,-85,0,0,0,0
"Filter Basket","23.5 (17g)","PSD23.5","2025-03-04",1,27.27,0,0,27.27,2.73,30
"Crusher Pin","Replaceable WDT pin system (0.3mm)","PSD-PinUP","2025-03-04",3,68.18,0,0,68.18,6.82,75
"Hybrid LM, E61 & NS Portafilter","E61 5mm / Black | Dusk","PF02MV-BDK-HY","2025-03-04",1,177.27,-35.45,0,141.82,14.18,156
"Pesado Tamping Station","Default Title","PSD-TampingStation","2025-03-05",1,163.63,-24.54,0,139.09,13.91,153
"Impact Gravity Distributor - 58.4mm","Default Title","V2-PSD-distributor","2025-03-05",1,150,-22.5,0,127.5,12.75,140.25
"Espresso Shot Mirror","Default Title","PSDshot-mirror","2025-03-05",1,36.82,0,0,36.82,3.68,40.5
"Pesado Naked Portafilter Head (HYBRID)","E61 5mm","PFH00MV-HY","2025-03-05",1,86.36,0,0,86.36,8.64,95
"Pesado EP Filter Basket","EP-Breville54-18g","EP-BR-18g","2025-03-05",1,27.27,0,0,27.27,2.73,30
"Sunrise Ceramic Set (FREE)","Default Title","FREE-PSD-CeramicSet","2025-03-05",1,0,0,0,0,0,0
"Metallic Clump Crusher (WDT tool)","Gold","PSDcrusher-Gold","2025-03-05",1,40,-6,0,34,3.4,37.4
"Competition Shower Screen","La Marzocco","PSDLM","2025-03-05",1,31.82,0,0,31.82,3.18,35
"Pesado He[%] - High Extraction Basket","Pesado He[%] Basket - Large","PSD-HE-LG","2025-03-05",1,77.27,-11.59,0,65.68,6.57,72.25
"Puck Diffuser Screen","54mm","PSD-puck-54","2025-03-05",1,25,-2.5,0,22.5,2.25,24.75
"Pesado Black Ripple Set","Black Ripple Set","PSDBlackRippleSet","2025-03-05",1,80.9,-12.13,0,68.77,6.88,75.65
"Double Spouted Portafilter","Breville 54 / White | Silver","PF02BR54-WSL","2025-03-05",1,150,0,0,150,0,150
"El Rocio Manus S Espresso Machine","Black","MANUSBK","2025-03-05",1,1909.09,0,0,1909.09,190.91,2100
"Stand for (WDT) Clump Crusher 2.0","Default Title","V2-PSDcrusher-Stand","2025-03-05",1,26,0,0,26,2.6,28.6
"Pesado He[%] Breville 54mm - High Extraction Basket","Default Title","PSD-HE-54","2025-03-05",1,77.27,-7.72,0,69.55,6.95,76.5
"Shipping Protection","Default Title","UpCart","2025-03-05",1,2.27,0,0,2.27,0.23,2.5
"Pesado Naked Portafilter Head (HYBRID)","E61 5mm","PFH00MV-HY","2025-03-06",1,86.36,0,0,86.36,8.64,95
"Magnetic Dosing Ring","54mm Dosing Ring","V2-PSDring-54mm","2025-03-06",1,30.45,0,0,30.45,3.05,33.5
"Hybrid Portafilter Head/Attachment","LM/E61, NS, BR58 Hybrid Attachment Only","PSDHY","2025-03-06",1,31.82,0,0,31.82,3.18,35
"WDT Pin Pack","Default Title","PSD-removablepins","2025-03-06",2,1.82,0,0,1.82,0.18,2
"Pesado Tamping Station","Default Title","PSD-TampingStation","2025-03-06",1,163.64,0,0,163.64,16.36,180
"Crusher Pin","Replaceable WDT pin system (0.3mm)","PSD-PinUP","2025-03-06",1,26.23,0,0,26.23,0,26.23
"Stand for (WDT) Clump Crusher 2.0","Default Title","V2-PSDcrusher-Stand","2025-03-06",1,29.85,0,0,29.85,0,29.85
"Pesado He[%] Breville 54mm - High Extraction Basket","Default Title","PSD-HE-54","2025-03-06",1,77.27,0,0,77.27,7.73,85
"Sunrise Ceramic Set (FREE)","Default Title","FREE-PSD-CeramicSet","2025-03-06",1,0,0,0,0,0,0
"Shipping Protection","Default Title","UpCart","2025-03-07",1,2.27,0,0,2.27,0.23,2.5
"Puck Diffuser Screen","58mm","PSD-puck","2025-03-07",1,25,-12.5,0,12.5,1.25,13.75
"Pesado EP Filter Basket","EP-Breville54-18g","EP-BR-18g","2025-03-07",1,27.27,0,0,27.27,2.73,30
"Pesado He[%] - High Extraction Basket","Pesado He[%] Basket - Large","PSD-HE-LG","2025-03-07",2,154.55,0,0,154.55,15.45,170
"Magnetic Dosing Ring","58mm Dosing Ring","V2-PSDring-58mm","2025-03-07",1,33.5,-33.5,0,0,0,0
"Pesado EP Filter Basket","EP-22g","EP-22g","2025-03-07",1,27.27,0,0,27.27,2.73,30
"Double Spouted Portafilter","Breville 54 / Black Full POM","PF02BR54-FullPOM","2025-03-07",1,110,0,0,110,0,110
"Pesado EP Filter Basket","EP-18g","EP-18g","2025-03-08",1,27.27,0,0,27.27,2.73,30
"Pesado Tamping Station","Default Title","PSD-TampingStation","2025-03-08",1,163.64,0,0,163.64,16.36,180
"Pesado He[%] - High Extraction Basket","Pesado He[%] Basket - Medium","PSD-HE-ME","2025-03-08",1,77.27,0,0,77.27,7.73,85
"Sunrise Ceramic Set (FREE)","Default Title","FREE-PSD-CeramicSet","2025-03-09",2,0,0,0,0,0,0
"Puck Diffuser Screen","58mm","PSD-puck","2025-03-09",1,25,-2.5,0,22.5,2.25,24.75
"Metallic Clump Crusher (WDT tool)","Black V2","V2-PSDcrusher-Black","2025-03-09",1,40,0,0,40,4,44
"Puck Diffuser Screen","54mm","PSD-puck-54","2025-03-09",2,49.99,-3.74,0,46.25,4.63,50.88
"Full Moon Wave - Convex Tamper","Black | Black","PSDT-WAVE-BBK","2025-03-09",1,131.82,0,0,131.82,13.18,145
"Hybrid Breville 54/58 Portafilter","Breville 58 / Black Full POM","PF02BR58-FullPOM-HY","2025-03-09",1,140.91,0,0,140.91,14.09,155
"Pesado He[%] - High Extraction Basket","Pesado He[%] Basket - Small","PSD-HE-SM","2025-03-09",1,77.27,-7.72,0,69.55,6.95,76.5
"Shipping Protection","Default Title","UpCart","2025-03-09",1,2.27,0,0,2.27,0.23,2.5
"Pesado Puck Screen Stand","Default Title","PSD-PuckHolder","2025-03-09",1,27.27,0,0,27.27,2.73,30
"Dosing Cup","54mm / Black","PSDdosingCup-BK-54","2025-03-09",1,31.81,-7.95,0,23.86,2.39,26.25
"Hybrid Breville 54/58 Portafilter","Breville 54 / Black | Silver","PF02BR54-BSL-HY","2025-03-09",1,168.18,0,0,168.18,16.82,185
"Breville 54mm Precision Bundle","Default Title","PRE-BR54-SET","2025-03-09",1,245.45,-36.81,0,208.64,20.86,229.5
"Crusher Pin","Replaceable WDT pin system (0.3mm)","PSD-PinUP","2025-03-10",1,22.73,0,0,22.73,2.27,25
"Puck Diffuser Screen","58mm","PSD-puck","2025-03-10",2,54.02,-2.5,0,51.52,2.25,53.77
"Stand for (WDT) Clump Crusher 2.0","Default Title","V2-PSDcrusher-Stand","2025-03-10",1,26,0,0,26,2.6,28.6
"Pesado He[%] - High Extraction Basket","Pesado He[%] Basket - Small","PSD-HE-SM","2025-03-10",1,87.22,0,0,87.22,0,87.22
"Pesado Single Dose Bean Cellar (4 pack) + Stand","Default Title","PSD-Beanstand-combo","2025-03-10",1,104.55,0,0,104.55,10.45,115
"Competition Shower Screen","La Marzocco","PSDLM","2025-03-10",-1,0,0,-31.82,-31.82,-3.18,-35
"Metallic Clump Crusher (WDT tool)","Black V2","V2-PSDcrusher-Black","2025-03-10",1,40,0,0,40,4,44
"Pesado He[%] - High Extraction Basket","Pesado He[%] Basket - Large","PSD-HE-LG","2025-03-10",1,77.27,-7.72,0,69.55,6.95,76.5
"Pesado He[%] - High Extraction Basket","Pesado He[%] Basket - Medium","PSD-HE-ME","2025-03-10",1,87.15,0,0,87.15,0,87.15
"Pesado He[%] - High Extraction Basket","Pesado He[%] Basket - X-Large","PSD-HE-XL","2025-03-10",1,85,-85,0,0,0,0
,"",,"2025-03-10",1,0,0,0,0,0,0
"Single Dose Bean Cellar (4 pack)","Default Title","PSD-beantube","2025-03-10",1,36.36,0,0,36.36,3.64,40
"Espresso Shot Mirror","Default Title","PSDshot-mirror","2025-03-10",1,42.78,0,0,42.78,0,42.78
"Clump Crusher (WDT tool)","Iris","PSDcrusherIRIS","2025-03-10",1,46.21,0,0,46.21,0,46.21
"Pesado x AD Coffee - Self Leveling Spring Tamper","Default Title","PSD-ADcoffee-Tamper","2025-03-10",1,183.83,0,0,183.83,0,183.83
"WDT Pin Pack","Default Title","PSD-removablepins","2025-03-10",2,2.54,0,0,2.54,0.09,2.63
"Espresso Shot Mirror","Default Title","PSDshot-mirror","2025-03-11",1,36.81,-5.51,0,31.3,3.13,34.43
"Pesado He[%] - High Extraction Basket","Pesado He[%] Basket - Medium","PSD-HE-ME","2025-03-11",1,77.27,-7.72,0,69.55,6.95,76.5
"Pesado He[%] - High Extraction Basket","Pesado He[%] Basket - X-Large","PSD-HE-XL","2025-03-11",1,77.27,0,0,77.27,7.73,85
"Hybrid Portafilter Head/Attachment","Breville 58 Hybrid","PFH02BR58-HY","2025-03-11",1,109.09,-16.36,0,92.73,9.27,102
"Pesado He[%] Breville 54mm - High Extraction Basket","Default Title","PSD-HE-54","2025-03-11",1,77.27,0,0,77.27,7.73,85
"Puck Diffuser Screen","58mm","PSD-puck","2025-03-11",2,50,-2.5,0,47.5,4.75,52.25
"Sunrise Ceramic Set (FREE)","Default Title","FREE-PSD-CeramicSet","2025-03-11",1,0,0,0,0,0,0
"Pesado Black Ripple Set","Black Ripple Set","PSDBlackRippleSet","2025-03-11",1,80.9,-12.13,0,68.77,6.88,75.65
"Pesado He[%] - High Extraction Basket","Pesado He[%] Basket - Large","PSD-HE-LG","2025-03-11",1,77.27,-11.59,0,65.68,6.57,72.25
"Puck Diffuser Screen","54mm","PSD-puck-54","2025-03-11",1,25,0,0,25,2.5,27.5
"Naked Portafilter (Hybrid)","Breville 58mm / Black Full POM","PF00BR58-FullPOM-HY","2025-03-12",1,110,0,0,110,0,110
"Pesado He[%] - High Extraction Basket","Pesado He[%] Basket - Large","PSD-HE-LG","2025-03-12",1,77.27,0,0,77.27,7.73,85
"Pesado He[%] Breville 54mm - High Extraction Basket","Default Title","PSD-HE-54","2025-03-12",1,77.27,0,0,77.27,7.73,85
"Pesado He[%] - High Extraction Basket","Pesado He[%] Basket - X-Large","PSD-HE-XL","2025-03-13",1,77.27,0,0,77.27,7.73,85
"Metallic Clump Crusher (WDT tool)","Silver","PSDcrusher-Silver","2025-03-14",1,44,-44,0,0,0,0
"Pesado Spouted Portafilter Head","LM/E61","PFHLM","2025-03-14",1,95,-95,0,0,0,0
,"",,"2025-03-14",1,1909.08,-190.9,0,1718.18,171.82,1890
"Pesado He[%] - High Extraction Basket","Pesado He[%] Basket - Medium","PSD-HE-ME","2025-03-14",1,77.27,-11.59,0,65.68,6.57,72.25
"Pesado EP Filter Basket","EP-Breville54-18g","EP-BR-18g","2025-03-14",1,27.27,0,0,27.27,2.73,30
"Sunrise Ceramic Set (FREE)","Default Title","FREE-PSD-CeramicSet","2025-03-14",2,0,0,0,0,0,0
"Tamper","53.5mm / Black / Silver","PSDT-53.5-BSL","2025-03-14",1,120,-18.01,0,101.99,0,101.99
"Crusher Pin","Replaceable WDT pin system (0.3mm)","PSD-PinUP","2025-03-14",1,25,-25,0,0,0,0
"Hybrid Breville 54/58 Portafilter","Breville 54 / White | Gold","PF02BR54-WGD-HY","2025-03-14",1,168.17,-16.81,0,151.36,15.14,166.5
"Shipping Protection","Default Title","UpCart","2025-03-14",1,2.27,-0.33,0,1.94,0.19,2.13
"Pesado He[%] Breville 54mm - High Extraction Basket","Default Title","PSD-HE-54","2025-03-14",1,77.27,-7.72,0,69.55,6.95,76.5
"Stand for (WDT) Clump Crusher 2.0","Default Title","V2-PSDcrusher-Stand","2025-03-14",2,54.6,-31.2,0,23.4,2.34,25.74
"Hybrid Breville 54/58 Portafilter","Breville 54 / White | Silver","PF02BR54-WSL-HY","2025-03-14",1,168.18,0,0,168.18,16.82,185
"Pesado Naked Portafilter Head (HYBRID)","La Marzocco 6mm","PFH00LM-HY","2025-03-14",1,95,-95,0,0,0,0
"Impact Gravity Distributor - 58.4mm","Default Title","V2-PSD-distributor","2025-03-15",1,150,0,0,150,15,165
"Clump Crusher (WDT tool)","Raya","PSDcrusherRAYA","2025-03-16",1,40,0,0,40,4,44
"Pesado He[%] - High Extraction Basket","Pesado He[%] Basket - Small","PSD-HE-SM","2025-03-16",1,77.27,-7.72,0,69.55,6.95,76.5
"Hybrid LM, E61 & NS Portafilter","E61 5mm / White | Black","PF02MV-WBK-HY","2025-03-16",1,168.17,-16.81,0,151.36,15.14,166.5
"Pesado He[%] Breville 54mm - High Extraction Basket","Default Title","PSD-HE-54","2025-03-16",1,77.27,-11.59,0,65.68,6.57,72.25
"Stand for (WDT) Clump Crusher 2.0","Default Title","V2-PSDcrusher-Stand","2025-03-16",1,26,0,0,26,2.6,28.6
"Puck Diffuser Screen","54mm","PSD-puck-54","2025-03-16",1,24.99,-3.74,0,21.25,2.13,23.38
"Sunrise Ceramic Set (FREE)","Default Title","FREE-PSD-CeramicSet","2025-03-16",1,0,0,0,0,0,0
"Puck Diffuser Screen","58mm","PSD-puck","2025-03-16",1,25,0,0,25,2.5,27.5
"Hybrid Breville 54/58 Portafilter","Breville 54 / Black | Bronze","PF02BR54-BBZ-HY","2025-03-16",1,168.17,-25.22,0,142.95,14.3,157.25
"Pesado EP Filter Basket","EP-18g","EP-18g","2025-03-17",1,27.27,-4.09,0,23.18,2.32,25.5
"Sunrise Ceramic Set","Default Title","PSD-CeramicSet","2025-03-17",1,15.82,-1.58,0,14.24,0,14.24
"Shipping Protection","Default Title","UpCart","2025-03-17",1,3.16,0,0,3.16,0,3.16
"Sunrise Ceramic Set (FREE)","Default Title","FREE-PSD-CeramicSet","2025-03-17",2,0,0,0,0,0,0
"Tamper","53.5mm / Black / Silver","PSDT-53.5-BSL","2025-03-17",-1,0,0,-101.99,-101.99,0,-101.99
"Hybrid Portafilter Head/Attachment","LM 6mm Hybrid","PFH02LM-HY","2025-03-17",3,327.27,0,0,327.27,32.73,360
"Pesado He[%] - High Extraction Basket","Pesado He[%] Basket - Large","PSD-HE-LG","2025-03-17",1,86.99,-8.7,0,78.29,0,78.29
"Tamper","58.5mm / Black / Silver","PSDTMBSl","2025-03-17",1,120,-18,0,102,0,102
"Hybrid LM, E61 & NS Portafilter","E61 5mm / Black | Riga","PF02MVBK-Riga-HY","2025-03-17",1,199.3,-19.93,0,179.37,0,179.37
"Pesado He[%] - High Extraction Basket","Pesado He[%] Basket - Large","PSD-HE-LG","2025-03-18",3,241.35,-11.59,0,229.76,14.3,244.06
"Metallic Clump Crusher (WDT tool)","Black V2","V2-PSDcrusher-Black","2025-03-18",1,40,-4,0,36,3.6,39.6
"Dosing Cup","54mm / Black","PSDdosingCup-BK-54","2025-03-18",1,31.82,0,0,31.82,3.18,35
"Tamper","58.5mm With Depth Adjuster / Black / Bronze","PSDTMDABBz","2025-03-18",1,160,-24,0,136,0,136
"Sunrise Ceramic Set (FREE)","Default Title","FREE-PSD-CeramicSet","2025-03-18",5,0,0,0,0,0,0
"Sunrise Ceramic Set","Default Title","PSD-CeramicSet","2025-03-18",2,29.95,-4.08,0,25.87,1.36,27.23
"Shipping Protection","Default Title","UpCart","2025-03-18",5,12.22,0,0,12.22,0.92,13.14
"Pesado He[%] - High Extraction Basket","Pesado He[%] Basket - Small","PSD-HE-SM","2025-03-18",3,261.27,-8.77,0,252.5,0,252.5
"Stand for (WDT) Clump Crusher 2.0","Default Title","V2-PSDcrusher-Stand","2025-03-18",2,52,-2.6,0,49.4,4.94,54.34
"Clump Crusher (WDT tool)","Riga","PSDcrusherRIGA","2025-03-18",1,46.89,-46.89,0,0,0,0
"Puck Diffuser Screen","58mm","PSD-puck","2025-03-18",1,25,0,0,25,2.5,27.5
"Impact Gravity Distributor - 58.4mm","Default Title","V2-PSD-distributor","2025-03-18",1,150,-15,0,135,13.5,148.5
"Hybrid LM, E61 & NS Portafilter","E61 5mm / Black | Riga","PF02MVBK-Riga-HY","2025-03-18",1,199.8,-199.8,0,0,0,0
"PESADO HD - High Diffusion Shower Screen","LM - HD Shower Screen","PSD-HD-LM","2025-03-18",17,1428.23,-9.05,0,1419.18,80,1499.18
"Pesado Naked Portafilter Head (HYBRID)","E61 5mm","PFH00MV-HY","2025-03-18",1,86.36,0,0,86.36,8.64,95
"Pesado He[%] - High Extraction Basket","Pesado He[%] Basket - X-Large","PSD-HE-XL","2025-03-18",1,86.81,0,0,86.81,0,86.81
"Clump Crusher (WDT tool)","Iris","PSDcrusherIRIS","2025-03-18",1,40,0,0,40,4,44
"Gravity Distributor - 54mm","54 mm","PSD-distributor-54m","2025-03-18",1,154.08,-15.31,0,138.77,0,138.77
"PESADO HD - High Diffusion Shower Screen","E61 - HD Shower Screen","PSD-HD-E61","2025-03-18",22,2051.24,-70.65,-86.36,1894.23,132.59,2026.82
"Gravity Distributor Stand","Default Title","PSD-T-filter","2025-03-18",4,56.24,-2.88,0,53.36,3.95,57.31
"PESADO HD - High Diffusion Shower Screen","LM - HD Shower Screen","PSD-HD-LM","2025-03-19",1,160,-8,-80,72,7.2,79.2
"Pesado Naked Portafilter Head (HYBRID)","Breville 58mm","PFH00BR58-HY","2025-03-19",1,95,-95,0,0,0,0
"Clump Crusher (WDT tool)","Riga","PSDcrusherRIGA","2025-03-19",1,40,0,0,40,4,44
"Puck Screen Holder Bundle","Puck Screen Holder + 58mm Puck Diffuser Screen","PSD-PuckHolderBundle-58","2025-03-19",2,117.38,0,0,117.38,0,117.38
"Double Spouted Portafilter","La Marzocco / E61 / White | Dusk","PF02LM-WDK","2025-03-19",1,150,0,0,150,0,150
"Impact Gravity Distributor - 58.4mm","Default Title","V2-PSD-distributor","2025-03-19",1,168.31,0,0,168.31,0,168.31
"Gravity Distributor - 54mm","54 mm","PSD-distributor-54m","2025-03-19",1,136.36,-13.63,0,122.73,12.27,135
"Espresso Shot Mirror","Default Title","PSDshot-mirror","2025-03-19",1,36.82,0,0,36.82,3.68,40.5
"Gravity Distributor Stand","Default Title","PSD-T-filter","2025-03-19",2,27.27,-1.36,0,25.91,2.59,28.5
"PESADO HD - High Diffusion Shower Screen","E61 - HD Shower Screen","PSD-HD-E61","2025-03-19",4,572.62,-32.44,-172.73,367.45,-9.93,357.52
"Pesado He[%] - High Extraction Basket","Pesado He[%] Basket - Medium","PSD-HE-ME","2025-03-19",1,77.27,-7.72,0,69.55,6.95,76.5
"Prescision Bundle - LM & E61","La Marzocco 6mm","PRE_SET","2025-03-19",1,275.44,0,0,275.44,0,275.44
"Sunrise Ceramic Set (FREE)","Default Title","FREE-PSD-CeramicSet","2025-03-19",1,0,0,0,0,0,0
"Pesado He[%] - High Extraction Basket","Pesado He[%] Basket - Large","PSD-HE-LG","2025-03-19",2,173.86,-8.66,0,165.2,0,165.2
"Stand for (WDT) Clump Crusher 2.0","Default Title","V2-PSDcrusher-Stand","2025-03-19",1,26,0,0,26,2.6,28.6
"Sunrise Ceramic Set","Default Title","PSD-CeramicSet","2025-03-19",3,46.25,-5.3,0,40.95,1.16,42.11
"Sunrise 58mm Dosing Cup - Limited Edition","Charcoal","SunriseDosing-CH","2025-03-20",2,67.6,-4.77,0,62.83,2.7,65.53
"Pesado Naked Portafilter Head (HYBRID)","E61 5mm","PFH00MV-HY","2025-03-20",1,86.36,-12.95,0,73.41,7.34,80.75
"Tamper","53.5mm / White / Silver","PSDT-53.5-WSL","2025-03-20",1,120,0,0,120,0,120
"Puck Diffuser Screen","58mm","PSD-puck","2025-03-20",1,25,0,0,25,2.5,27.5
"Espresso Shot Mirror","Default Title","PSDshot-mirror","2025-03-20",1,41.35,0,0,41.35,0,41.35
"Gravity Distributor Stand","Default Title","PSD-T-filter","2025-03-20",1,15.63,0,0,15.63,0,15.63
"PESADO HD - High Diffusion Shower Screen","E61 - HD Shower Screen","PSD-HD-E61","2025-03-20",15,1350.37,-22.64,0,1327.73,85.08,1412.81
"Impact Gravity Distributor - 58.4mm","Default Title","V2-PSD-distributor","2025-03-20",4,600,-45,0,555,55.5,610.5
"PESADO HD - High Diffusion Shower Screen","LM - HD Shower Screen","PSD-HD-LM","2025-03-20",21,1797.21,-26.23,0,1770.98,78.8,1849.78
"Hybrid Portafilter Head/Attachment","LM/E61, NS, BR58 Hybrid Attachment Only","PSDHY","2025-03-20",1,31.82,0,0,31.82,3.18,35
"Pesado Black Ripple Set","Black Ripple Set","PSDBlackRippleSet","2025-03-20",1,90.81,0,0,90.81,0,90.81
"Sunrise Ceramic Set","Default Title","PSD-CeramicSet","2025-03-20",3,40.91,0,0,40.91,4.09,45
"Pesado EP Filter Basket","EP-20g","EP-20g","2025-03-20",5,136.36,-20.45,0,115.91,11.59,127.5
"Shipping Protection","Default Title","UpCart","2025-03-20",2,4.54,0,0,4.54,0.46,5
"Pesado He[%] Breville 54mm - High Extraction Basket","Default Title","PSD-HE-54","2025-03-20",1,86.74,0,0,86.74,0,86.74
"Pesado He[%] - High Extraction Basket","Pesado He[%] Basket - Small","PSD-HE-SM","2025-03-20",3,252.33,-12.08,0,240.25,7.73,247.98
"Pesado x AD Coffee - Self Leveling Spring Tamper","Default Title","PSD-ADcoffee-Tamper","2025-03-20",1,163.64,0,0,163.64,16.36,180
"Tamper Base","58mm Base Black","BKPSDTBase","2025-03-20",1,63.63,-9.54,0,54.09,5.41,59.5
"Sunrise Ceramic Set (FREE)","Default Title","FREE-PSD-CeramicSet","2025-03-20",9,0,0,0,0,0,0
"Naked Portafilter (Hybrid)","Breville 54mm / Black / Gold","PF00BR54-BGD-HY","2025-03-20",1,153.05,0,0,153.05,0,153.05
"Gravity Distributor Stand","Default Title","PSD-T-filter","2025-03-21",2,28.07,0,0,28.07,2.82,30.89
"Pesado He[%] - High Extraction Basket","Pesado He[%] Basket - X-Large","PSD-HE-XL","2025-03-21",1,77.27,0,0,77.27,7.73,85
"Sunrise 58mm Dosing Cup - Limited Edition","Charcoal","SunriseDosing-CH","2025-03-21",1,35.9,0,0,35.9,0,35.9
,"",,"2025-03-21",-1,0,0,-1718.18,-1718.18,-171.82,-1890
"Modular Handle - Tamper","Black / Riga","PSDTHMODBKRIGA","2025-03-21",1,63.62,-9.53,0,54.09,5.41,59.5
"PESADO HD - High Diffusion Shower Screen","LM - HD Shower Screen","PSD-HD-LM","2025-03-21",7,560,-12,0,548,54.8,602.8
"Clump Crusher (WDT tool)","Riga","PSDcrusherRIGA","2025-03-21",2,80,-16,0,64,6.4,70.4
"Impact Gravity Distributor - 58.4mm","Default Title","V2-PSD-distributor","2025-03-21",1,150,-22.5,0,127.5,12.75,140.25
"Pesado Black Ripple Set","Barista Jug Sharp Spout","PSDjug-BK","2025-03-21",1,49.09,-12.27,0,36.82,3.68,40.5
"Stand for (WDT) Clump Crusher 2.0","Default Title","V2-PSDcrusher-Stand","2025-03-21",0,26,-6.5,0,19.5,1.95,21.45
"PESADO HD - High Diffusion Shower Screen","E61 - HD Shower Screen","PSD-HD-E61","2025-03-21",10,886.78,-14.55,0,872.23,69.48,941.71
"Tamper","58.5mm / Black / Riga","PSDTMBKRiga","2025-03-21",1,130,-32.5,0,97.5,0,97.5
"Pesado EP Filter Basket","EP-18g","EP-18g","2025-03-21",1,30.92,-4.64,0,26.28,0,26.28
"Pesado Black Ripple Set","Black Ripple Set","PSDBlackRippleSet","2025-03-21",1,80.91,0,0,80.91,8.09,89
"Sunrise Ceramic Set","Default Title","PSD-CeramicSet","2025-03-21",4,54.55,0,0,54.55,5.45,60
"Naked Portafilter (Hybrid)","E61 5mm / Black / Riga","PF00MVBK-Riga-HY","2025-03-21",2,320,-112.75,0,207.25,0,207.25
"Shipping Protection","Default Title","UpCart","2025-03-21",5,12.04,0,0,12.04,0.92,12.96
"Pesado Puck Screen Stand","Default Title","PSD-PuckHolder","2025-03-21",1,27.26,-6.81,0,20.45,2.05,22.5
"Crusher Pin","Replaceable WDT pin system (0.3mm)","PSD-PinUP","2025-03-21",1,22.72,-3.4,0,19.32,1.93,21.25
"Sunrise Ceramic Set (FREE)","Default Title","FREE-PSD-CeramicSet","2025-03-21",2,0,0,0,0,0,0
"Metallic Clump Crusher (WDT tool)","Silver","PSDcrusher-Silver","2025-03-21",-1,0,0,0,0,0,0
"Puck Diffuser Screen","58mm","PSD-puck","2025-03-21",1,25,0,0,25,2.5,27.5
"Naked Portafilter (Hybrid)","E61 5mm / Black / Silver","PF00MV-BSL-HY","2025-03-22",1,150,0,0,150,0,150
"Hybrid LM, E61 & NS Portafilter","E61 5mm / Black | Riga","PF02MVBK-Riga-HY","2025-03-22",1,177.27,0,0,177.27,17.73,195
"PESADO HD - High Diffusion Shower Screen","LM - HD Shower Screen","PSD-HD-LM","2025-03-22",1,80,0,0,80,8,88
"Sunrise 58mm Dosing Cup - Limited Edition","Charcoal","SunriseDosing-CH","2025-03-22",1,31.82,0,0,31.82,3.18,35
"Pesado He[%] - High Extraction Basket","Pesado He[%] Basket - Medium","PSD-HE-ME","2025-03-22",1,77.27,0,0,77.27,7.73,85
"Espresso Shot Mirror","Default Title","PSDshot-mirror","2025-03-22",1,36.82,0,0,36.82,3.68,40.5
"Pesado He[%] - High Extraction Basket","Pesado He[%] Basket - Large","PSD-HE-LG","2025-03-22",1,77.27,0,0,77.27,7.73,85
"Sunrise Ceramic Set (FREE)","Default Title","FREE-PSD-CeramicSet","2025-03-22",4,0,0,0,0,0,0
"PESADO HD - High Diffusion Shower Screen","E61 - HD Shower Screen","PSD-HD-E61","2025-03-22",12,1057.89,-25.9,0,1031.99,83.79,1115.78
"Puck Diffuser Screen","58mm","PSD-puck","2025-03-22",1,25,0,0,25,2.5,27.5
"Shipping Protection","Default Title","UpCart","2025-03-22",3,6.81,0,0,6.81,0.69,7.5
"Pesado Puck Screen Stand","Default Title","PSD-PuckHolder","2025-03-22",1,27.27,0,0,27.27,2.73,30
"Pesado He[%] - High Extraction Basket","Pesado He[%] Basket - Small","PSD-HE-SM","2025-03-22",1,77.27,-7.72,0,69.55,6.95,76.5
"Sunrise Ceramic Set (FREE)","Default Title","FREE-PSD-CeramicSet","2025-03-23",2,0,0,0,0,0,0
"PESADO HD - High Diffusion Shower Screen","E61 - HD Shower Screen","PSD-HD-E61","2025-03-23",7,609.04,-8.63,0,600.41,57.33,657.74
"Pesado He[%] - High Extraction Basket","Pesado He[%] Basket - Large","PSD-HE-LG","2025-03-23",1,77.27,-7.72,0,69.55,6.95,76.5
"Puck Diffuser Screen","58mm","PSD-puck","2025-03-23",1,25,-2.5,0,22.5,2.25,24.75
"Pesado EP Filter Basket","EP-Breville54-20g","EP-BR-20g","2025-03-23",1,27.27,0,0,27.27,2.73,30
"PESADO HD - High Diffusion Shower Screen","LM - HD Shower Screen","PSD-HD-LM","2025-03-23",4,320,-8,0,312,31.2,343.2
"Impact Gravity Distributor - 58.4mm","Default Title","V2-PSD-distributor","2025-03-23",1,150,0,0,150,15,165
"Espresso Shot Mirror","Default Title","PSDshot-mirror","2025-03-23",1,36.82,0,0,36.82,3.68,40.5
"Pesado He[%] - High Extraction Basket","Pesado He[%] Basket - X-Large","PSD-HE-XL","2025-03-23",2,154.54,-7.72,0,146.82,14.68,161.5
"Pesado He[%] - High Extraction Basket","Pesado He[%] Basket - Medium","PSD-HE-ME","2025-03-23",1,77.27,0,0,77.27,7.73,85
"Hybrid LM, E61 & NS Portafilter","E61 5mm / Black | Dusk","PF02MV-BDK-HY","2025-03-24",1,199.93,0,0,199.93,0,199.93
"Sunrise Ceramic Set","Default Title","PSD-CeramicSet","2025-03-24",1,13.64,0,0,13.64,1.36,15
"Shipping Protection","Default Title","UpCart","2025-03-24",4,9.38,0,0,9.38,0.69,10.07
"PESADO HD - High Diffusion Shower Screen","E61 - HD Shower Screen","PSD-HD-E61","2025-03-24",7,604.52,0,0,604.52,60.48,665
"Pesado EP Filter Basket","EP-20g","EP-20g","2025-03-24",1,27.27,0,0,27.27,2.73,30
"Stand for (WDT) Clump Crusher 2.0","Default Title","V2-PSDcrusher-Stand","2025-03-24",1,29.24,-4.39,0,24.85,0,24.85
"Pesado He[%] Breville 54mm - High Extraction Basket","Default Title","PSD-HE-54","2025-03-24",1,77.27,0,0,77.27,7.73,85
"Metallic Clump Crusher (WDT tool)","Black V2","V2-PSDcrusher-Black","2025-03-24",1,45.49,-6.82,0,38.67,0,38.67
"Pesado He[%] - High Extraction Basket","Pesado He[%] Basket - Large","PSD-HE-LG","2025-03-24",3,241.74,-15.44,0,226.3,13.9,240.2
"Sunrise Ceramic Set (FREE)","Default Title","FREE-PSD-CeramicSet","2025-03-24",2,0,0,0,0,0,0
"Puck Diffuser Screen","58mm","PSD-puck","2025-03-24",3,78.71,-5,0,73.71,4.5,78.21
"Prescision Bundle - LM & E61","La Marzocco 6mm","PRE_SET","2025-03-24",1,245.45,0,0,245.45,24.55,270
"Sunrise 58mm Dosing Cup - Limited Edition","Charcoal","SunriseDosing-CH","2025-03-24",3,95.45,0,0,95.45,9.55,105
,"",,"2025-03-24",1,73.71,0,0,73.71,0,73.71
"Pesado He[%] - High Extraction Basket","Pesado He[%] Basket - Medium","PSD-HE-ME","2025-03-24",1,86.71,0,0,86.71,0,86.71
"Single Dose Bean Cellar (4 pack)","Default Title","PSD-beantube","2025-03-24",2,72.73,0,0,72.73,7.27,80
"PESADO HD - High Diffusion Shower Screen","LM - HD Shower Screen","PSD-HD-LM","2025-03-24",3,320,0,-68,252,25.2,277.2
"WDT Pin Pack","Default Title","PSD-removablepins","2025-03-24",1,1.08,-0.16,0,0.92,0,0.92
"Stand for (WDT) Clump Crusher 2.0","Default Title","V2-PSDcrusher-Stand","2025-03-25",0,26,0,-24.85,1.15,2.6,3.75
"PESADO HD - High Diffusion Shower Screen","E61 - HD Shower Screen","PSD-HD-E61","2025-03-25",12,1036.32,-17.26,0,1019.06,101.94,1121
"Pesado He[%] - High Extraction Basket","Pesado He[%] Basket - Small","PSD-HE-SM","2025-03-25",2,154.54,-15.44,0,139.1,13.9,153
"Pesado He[%] Breville 54mm - High Extraction Basket","Default Title","PSD-HE-54","2025-03-25",1,77.27,-7.72,0,69.55,6.95,76.5
"Sunrise Ceramic Set","Default Title","PSD-CeramicSet","2025-03-25",1,13.64,0,0,13.64,1.36,15
"Pesado EP Filter Basket","EP-Breville54-20g","EP-BR-20g","2025-03-25",1,30,-30,0,0,0,0
"Crusher Pin","Replaceable WDT pin system (0.3mm)","PSD-PinUP","2025-03-25",2,47.73,-25,0,22.73,2.27,25
"Hybrid LM, E61 & NS Portafilter","E61 5mm / Black | Black","PF02MV-BBK-HY","2025-03-25",1,168.17,-16.81,0,151.36,15.14,166.5
"Sunrise Ceramic Set (FREE)","Default Title","FREE-PSD-CeramicSet","2025-03-25",6,0,0,0,0,0,0
"Puck Diffuser Screen","54mm","PSD-puck-54","2025-03-25",1,25,-2.5,0,22.5,2.25,24.75
"Metallic Clump Crusher (WDT tool)","Black V2","V2-PSDcrusher-Black","2025-03-25",1,80,-4,-38.67,37.33,7.6,44.93
"Pesado He[%] - High Extraction Basket","Pesado He[%] Basket - Large","PSD-HE-LG","2025-03-25",1,77.27,-7.72,0,69.55,6.95,76.5
"Puck Diffuser Screen","58mm","PSD-puck","2025-03-25",1,25,-2.5,0,22.5,2.25,24.75
"Dosing Cup","58mm / Charcoal","PSDdosingCup-CH","2025-03-25",1,31.82,-3.18,0,28.64,2.86,31.5
"Pesado x AD Coffee - Self Leveling Spring Tamper","Default Title","PSD-ADcoffee-Tamper","2025-03-25",1,163.63,-16.36,0,147.27,14.73,162
"Pesado He[%] - High Extraction Basket","Pesado He[%] Basket - X-Large","PSD-HE-XL","2025-03-25",3,247.27,-177.72,0,69.55,6.95,76.5
"Stand for (WDT) Clump Crusher","Default Title","PSDcrusher-Stand","2025-03-25",1,26,0,0,26,2.6,28.6
"Pesado He[%] - High Extraction Basket","Pesado He[%] Basket - Medium","PSD-HE-ME","2025-03-25",1,77.27,0,0,77.27,7.73,85
"WDT Pin Pack","Default Title","PSD-removablepins","2025-03-25",-1,0,0,-0.92,-0.92,0,-0.92
"Pesado Tamping Station","Default Title","PSD-TampingStation","2025-03-25",1,163.64,0,0,163.64,16.36,180
"PESADO HD - High Diffusion Shower Screen","LM - HD Shower Screen","PSD-HD-LM","2025-03-25",10,800,-8,0,792,79.2,871.2
"Tamper","53.5mm / Black / Black","PSDT-53.5-BBK","2025-03-25",1,120,-120,0,0,0,0
"Metallic Clump Crusher (WDT tool)","Black V2","V2-PSDcrusher-Black","2025-03-26",1,40,0,0,40,4,44
"Naked Portafilter (Hybrid)","Breville 54mm / Black Full POM","PF00BR54-FullPOM-HY","2025-03-26",1,112.86,-16.93,0,95.93,0,95.93
"PESADO HD - High Diffusion Shower Screen","E61 - HD Shower Screen","PSD-HD-E61","2025-03-26",8,702.43,-12.95,0,689.48,59.18,748.66
"Puck Diffuser Screen","58mm","PSD-puck","2025-03-26",1,25,0,0,25,2.5,27.5
"WDT Pin Pack","Default Title","PSD-removablepins","2025-03-26",2,1.82,0,0,1.82,0.18,2
"PESADO HD - High Diffusion Shower Screen","LM - HD Shower Screen","PSD-HD-LM","2025-03-26",5,400,0,0,400,40,440
,"",,"2025-03-26",2,0,0,0,0,0,0
"Pesado EP Filter Basket","EP-22g","EP-22g","2025-03-26",1,27.27,0,0,27.27,2.73,30
"Hybrid Portafilter Head/Attachment","LM/E61, NS, BR58 Hybrid Attachment Only","PSDHY","2025-03-27",1,36.38,0,0,36.38,0,36.38
"PESADO HD - High Diffusion Shower Screen","LM - HD Shower Screen","PSD-HD-LM","2025-03-27",6,589.36,-16,-80,493.36,22.4,515.76
"Impact Gravity Distributor - 58.4mm","Default Title","V2-PSD-distributor","2025-03-27",1,150,0,0,150,15,165
"Dosing Cup","54mm / Black","PSDdosingCup-BK-54","2025-03-27",2,63.64,0,0,63.64,6.36,70
"Pesado He[%] - High Extraction Basket","Pesado He[%] Basket - X-Large","PSD-HE-XL","2025-03-27",1,77.27,-11.59,0,65.68,6.57,72.25
"Magnetic Dosing Ring","54mm Dosing Ring","V2-PSDring-54mm","2025-03-27",1,30.45,0,0,30.45,3.05,33.5
"Filter Basket","22.5 (16g)","PSD22.5","2025-03-27",1,30.93,0,0,30.93,0,30.93
"Pesado He[%] - High Extraction Basket","Pesado He[%] Basket - Medium","PSD-HE-ME","2025-03-27",1,88.06,-8.66,0,79.4,0,79.4
"Sunrise Ceramic Set (FREE)","Default Title","FREE-PSD-CeramicSet","2025-03-27",1,0,0,0,0,0,0
"Pesado Black Ripple Set","58mm Dosing Cup","PSDdosingCup-BK","2025-03-27",1,35.74,0,0,35.74,0,35.74
"Puck Diffuser Screen","54mm","PSD-puck-54","2025-03-27",1,25,0,0,25,2.5,27.5
"PESADO HD - High Diffusion Shower Screen","E61 - HD Shower Screen","PSD-HD-E61","2025-03-27",3,259.08,-12.95,0,246.13,24.62,270.75
"Naked Portafilter (Hybrid)","Breville 54mm / Black Full POM","PF00BR54-FullPOM-HY","2025-03-27",1,110,0,0,110,0,110
"Pesado He[%] Breville 54mm - High Extraction Basket","Default Title","PSD-HE-54","2025-03-27",2,164.01,0,0,164.01,7.73,171.74
"Puck Diffuser Screen","58mm","PSD-puck","2025-03-27",4,103.66,-14.04,0,89.62,6.38,96
"Shipping Protection","Default Title","UpCart","2025-03-27",-1,0,0,-2.27,-2.27,-0.23,-2.5
"Pesado EP Filter Basket","EP-Breville54-20g","EP-BR-20g","2025-03-27",1,27.27,0,0,27.27,2.73,30
"Pesado He[%] - High Extraction Basket","Pesado He[%] Basket - X-Large","PSD-HE-XL","2025-03-28",1,77.27,0,0,77.27,7.73,85
"Pesado Naked Portafilter Head (HYBRID)","E61 5mm","PFH00MV-HY","2025-03-28",1,95,-95,0,0,0,0
"Stand for (WDT) Clump Crusher","Default Title","PSDcrusher-Stand","2025-03-28",2,58.84,0,0,58.84,0,58.84
"Pesado He[%] - High Extraction Basket","Pesado He[%] Basket - Medium","PSD-HE-ME","2025-03-28",1,77.27,-7.72,0,69.55,6.95,76.5
"Dusk & Haze Leva Accents","Dusk","PSDleva-dusk","2025-03-28",1,36,0,0,36,0,36
"Tamper","58.5mm With Depth Adjuster / Raya","PSDTDARaya","2025-03-28",1,174.44,0,0,174.44,0,174.44
"Hybrid LM, E61 & NS Portafilter","E61 5mm / Black | Riga","PF02MVBK-Riga-HY","2025-03-28",1,177.27,0,0,177.27,17.73,195
"Impact Gravity Distributor - 58.4mm","Default Title","V2-PSD-distributor","2025-03-28",1,150,-22.5,0,127.5,12.75,140.25
"Modular Handle - Portafilter","Black / Iris","PSDHMODBKIRIS","2025-03-28",1,81.97,0,0,81.97,0,81.97
"Modular Handle - Portafilter","White / Haze","PSDHMODWHZ","2025-03-28",1,72.72,-10.9,0,61.82,6.18,68
"PESADO HD - High Diffusion Shower Screen","LM - HD Shower Screen","PSD-HD-LM","2025-03-28",3,240,0,0,240,24,264
"Hybrid LM, E61 & NS Portafilter","E61 5mm / Black | Dusk","PF02MV-BDK-HY","2025-03-28",1,177.27,-17.72,0,159.55,15.95,175.5
"Clump Crusher (WDT tool)","Raya","PSDcrusherRAYA","2025-03-28",1,45.19,0,0,45.19,0,45.19
"Shipping Protection","Default Title","UpCart","2025-03-28",1,3.34,0,0,3.34,0,3.34
"PESADO HD - High Diffusion Shower Screen","E61 - HD Shower Screen","PSD-HD-E61","2025-03-28",2,281.34,-12.95,-73.41,194.98,0,194.98
"Tamper","58.5mm / Black / Iris","PSDTMBKIris","2025-03-28",1,133.46,0,0,133.46,0,133.46
"Stand for (WDT) Clump Crusher 2.0","Default Title","V2-PSDcrusher-Stand","2025-03-28",1,26,0,0,26,2.6,28.6
"Pesado He[%] - High Extraction Basket","Pesado He[%] Basket - Small","PSD-HE-SM","2025-03-28",1,77.27,-11.59,0,65.68,6.57,72.25
"Dusk & Haze Clump Crusher (WDT tool)","Dusk","PSDcrusher-Dusk","2025-03-28",1,45.19,0,0,45.19,0,45.19
"Sunrise Ceramic Set (FREE)","Default Title","FREE-PSD-CeramicSet","2025-03-28",4,0,0,0,0,0,0
"Puck Diffuser Screen","58mm","PSD-puck","2025-03-28",1,24.99,-3.74,0,21.25,2.13,23.38
"Double Spouted Portafilter","La Marzocco / E61 / Black | Silver","PF02LM-BSL","2025-03-28",1,150,0,0,150,0,150
"Sunrise Ceramic Set (FREE)","Default Title","FREE-PSD-CeramicSet","2025-03-29",3,0,0,0,0,0,0
"Pesado EP Filter Basket","EP-Breville54-18g","EP-BR-18g","2025-03-29",1,27.27,-2.72,0,24.55,2.45,27
"Pesado He[%] - High Extraction Basket","Pesado He[%] Basket - Large","PSD-HE-LG","2025-03-29",1,77.27,0,0,77.27,7.73,85
"Depth Adjuster","Default Title","PSdepth","2025-03-29",1,46.36,0,0,46.36,4.64,51
"Pesado He[%] Breville 54mm - High Extraction Basket","Default Title","PSD-HE-54","2025-03-29",1,77.27,0,0,77.27,7.73,85
"Pesado Single Dose Bean Cellar (4 pack) + Stand","Default Title","PSD-Beanstand-combo","2025-03-29",1,104.54,-10.45,0,94.09,9.41,103.5
"PESADO HD - High Diffusion Shower Screen","LM - HD Shower Screen","PSD-HD-LM","2025-03-29",4,320,0,0,320,32,352
"WDT Pin Pack","Default Title","PSD-removablepins","2025-03-29",2,1.82,0,0,1.82,0.18,2
"Puck Screen Holder Bundle","Puck Screen Holder + 54mm Puck Diffuser Screen","PSD-PuckHolderBundle-54","2025-03-29",1,52.27,0,0,52.27,5.23,57.5
"Puck Diffuser Screen","58mm","PSD-puck","2025-03-29",3,75,0,0,75,7.5,82.5
"PESADO HD - High Diffusion Shower Screen","E61 - HD Shower Screen","PSD-HD-E61","2025-03-29",6,518.16,0,0,518.16,51.84,570
"Naked Portafilter (Hybrid)","Breville 54mm / Black / Silver","PF00BR54-BSL-HY","2025-03-29",1,150,0,0,150,0,150
"Single Dose Bean Cellar (4 pack)","Default Title","PSD-beantube","2025-03-29",1,36.36,-3.63,0,32.73,3.27,36
"Gravity Distributor Stand","Default Title","PSD-T-filter","2025-03-29",1,13.64,0,0,13.64,1.36,15
"Magnetic Dosing Ring","54mm Dosing Ring","V2-PSDring-54mm","2025-03-29",1,30.45,0,0,30.45,3.05,33.5
"Double Spouted Portafilter","Breville 54 / Black | Riga","PF02BR54BK-Riga","2025-03-29",1,160,-16,0,144,0,144
"Dosing Cup","54mm / Black","PSDdosingCup-BK-54","2025-03-30",1,31.82,0,0,31.82,3.18,35
"Shipping Protection","Default Title","UpCart","2025-03-30",1,4.12,0,0,4.12,0,4.12
"Pesado He[%] Breville 54mm - High Extraction Basket","Default Title","PSD-HE-54","2025-03-30",1,77.26,-6.21,0,71.05,7.11,78.16
"Pesado He[%] - High Extraction Basket","Pesado He[%] Basket - Small","PSD-HE-SM","2025-03-30",1,86.72,-8.67,0,78.05,0,78.05
"Naked Portafilter (Hybrid)","Breville 54mm / Black / Riga","PF00BR54BK-Riga-HY","2025-03-30",1,160,0,0,160,0,160
"Dosing Cup","54mm / White","PSDdosingCup-WH-54","2025-03-30",1,31.82,0,0,31.82,3.18,35
"Puck Diffuser Screen","54mm","PSD-puck-54","2025-03-30",2,49.99,-4,0,45.99,4.6,50.59
"Pesado He[%] - High Extraction Basket","Pesado He[%] Basket - Large","PSD-HE-LG","2025-03-30",1,77.27,-7.72,0,69.55,6.95,76.5
"Competition Shower Screen","La Marzocco","PSDLM","2025-03-30",1,31.82,0,0,31.82,3.18,35
"Pesado EP Filter Basket","EP-Breville54-18g","EP-BR-18g","2025-03-30",1,27.26,-6.81,0,20.45,2.05,22.5
"Sunrise Ceramic Set (FREE)","Default Title","FREE-PSD-CeramicSet","2025-03-30",4,0,0,0,0,0,0
"Magnetic Dosing Ring","54mm Dosing Ring","V2-PSDring-54mm","2025-03-30",1,30.45,0,0,30.45,3.05,33.5
"Filter Basket","23.5 (17g)","PSD23.5","2025-03-30",1,27.27,0,0,27.27,2.73,30
"Pesado He[%] - High Extraction Basket","Pesado He[%] Basket - X-Large","PSD-HE-XL","2025-03-30",1,77.27,-7.72,0,69.55,6.95,76.5
"Stand for (WDT) Clump Crusher","Default Title","PSDcrusher-Stand","2025-03-30",1,26,-2.6,0,23.4,2.34,25.74
"Tamper","53.5mm / Black / Riga","PSDT-53.5-BKRiga","2025-03-30",1,130,0,0,130,0,130
"Gravity Distributor - 54mm","54 mm","PSD-distributor-54m","2025-03-30",1,136.36,-13.63,0,122.73,12.27,135
"Gravity Distributor Stand","Default Title","PSD-T-filter","2025-03-30",1,16.46,0,0,16.46,0,16.46
"Impact Gravity Distributor - 58.4mm","Default Title","V2-PSD-distributor","2025-03-30",2,318.76,0,0,318.76,15,333.76
"Hybrid Breville 54/58 Portafilter","Breville 54 / Raya","PF02BR54-Raya-HY","2025-03-30",1,177.27,0,0,177.27,17.73,195
"Dusk & Haze Clump Crusher (WDT tool)","Haze","PSDcrusher-Haze","2025-03-30",1,40,-4,0,36,3.6,39.6
"PESADO HD - High Diffusion Shower Screen","LM - HD Shower Screen","PSD-HD-LM","2025-03-30",4,329.76,-24.98,0,304.78,22.4,327.18
"WDT Pin Pack","Default Title","PSD-removablepins","2025-03-30",20,18.18,0,0,18.18,1.82,20
"PESADO HD - High Diffusion Shower Screen","E61 - HD Shower Screen","PSD-HD-E61","2025-03-30",4,357.19,0,0,357.19,25.92,383.11
"Puck Diffuser Screen","58mm","PSD-puck","2025-03-31",2,50,-2.5,0,47.5,4.75,52.25
,"",,"2025-03-31",2,0,0,0,0,0,0
"Pesado He[%] - High Extraction Basket","Pesado He[%] Basket - X-Large","PSD-HE-XL","2025-03-31",1,77.27,-7.72,0,69.55,6.95,76.5
"Pesado He[%] - High Extraction Basket","Pesado He[%] Basket - Medium","PSD-HE-ME","2025-03-31",2,164.31,-16.39,0,147.92,6.95,154.87
"Stand for (WDT) Clump Crusher","Default Title","PSDcrusher-Stand","2025-03-31",-1,0,0,-23.4,-23.4,-2.34,-25.74
"PESADO HD - High Diffusion Shower Screen","LM - HD Shower Screen","PSD-HD-LM","2025-03-31",6,489.94,0,0,489.94,40,529.94
"PESADO HD - High Diffusion Shower Screen","E61 - HD Shower Screen","PSD-HD-E61","2025-03-31",7,613.16,-103.63,0,509.53,50.97,560.5
"Hybrid LM, E61 & NS Portafilter","E61 5mm / White | Silver","PF02MV-WSL-HY","2025-03-31",1,168.17,-16.81,0,151.36,15.14,166.5
"Hybrid LM, E61 & NS Portafilter","E61 5mm / Black | Riga","PF02MVBK-Riga-HY","2025-03-31",1,199.55,-19.89,0,179.66,0,179.66
"Pesado He[%] Breville 54mm - High Extraction Basket","Default Title","PSD-HE-54","2025-03-31",1,77.27,-7.72,0,69.55,6.95,76.5
"Pesado He[%] - High Extraction Basket","Pesado He[%] Basket - Small","PSD-HE-SM","2025-03-31",1,77.27,-15.45,0,61.82,6.18,68
"Stand for (WDT) Clump Crusher 2.0","Default Title","V2-PSDcrusher-Stand","2025-03-31",1,26,-2.6,0,23.4,2.34,25.74
"Shipping Protection","Default Title","UpCart","2025-03-31",1,3.18,0,0,3.18,0,3.18
"Sunrise Ceramic Set (FREE)","Default Title","FREE-PSD-CeramicSet","2025-03-31",2,0,0,0,0,0,0
"Puck Diffuser Screen","54mm","PSD-puck-54","2025-03-31",1,25,-2.5,0,22.5,2.25,24.75
"Naked Portafilter (Hybrid)","E61 5mm / Black / Silver","PF00MV-BSL-HY","2025-04-01",1,150,-37.5,0,112.5,0,112.5
"Puck Screen Holder Bundle","Puck Screen Holder + 58mm Puck Diffuser Screen","PSD-PuckHolderBundle-58","2025-04-01",1,52.27,-13.06,0,39.21,3.92,43.13
"Pesado Black Ripple Set","Barista Jug Sharp Spout","PSDjug-BK","2025-04-01",1,49.09,0,0,49.09,4.91,54
"Impact Gravity Distributor - 58.4mm","Default Title","V2-PSD-distributor","2025-04-01",1,150,-37.5,0,112.5,11.25,123.75
"PESADO HD - High Diffusion Shower Screen","LM - HD Shower Screen","PSD-HD-LM","2025-04-01",11,899.3,-189,0,710.3,62.8,773.1
"Pesado Tamping Station","Default Title","PSD-TampingStation","2025-04-01",2,327.27,-65.45,0,261.82,26.18,288
"Puck Diffuser Screen","58mm","PSD-puck","2025-04-01",2,55,-55,0,0,0,0
,"",,"2025-04-01",3,30.46,-7.61,0,22.85,2.28,25.13
"Pesado He[%] - High Extraction Basket","Pesado He[%] Basket - X-Large","PSD-HE-XL","2025-04-01",2,154.53,-27.03,0,127.5,12.75,140.25
"Pesado He[%] - High Extraction Basket","Pesado He[%] Basket - Medium","PSD-HE-ME","2025-04-01",1,77.26,-19.31,0,57.95,5.8,63.75
"Stand for (WDT) Clump Crusher","Default Title","PSDcrusher-Stand","2025-04-01",0,26,0,-26,0,0,0
"PESADO HD - High Diffusion Shower Screen","E61 - HD Shower Screen","PSD-HD-E61","2025-04-01",7,701.44,-30.22,-86.36,584.86,48.81,633.67
"Naked Portafilter (Hybrid)","Breville 54mm / Black / Silver","PF00BR54-BSL-HY","2025-04-01",1,150,-22.5,0,127.5,0,127.5
"Gravity Distributor - 54mm","54 mm","PSD-distributor-54m","2025-04-01",1,136.36,-20.45,0,115.91,11.59,127.5
"Metallic Clump Crusher (WDT tool)","Black V2","V2-PSDcrusher-Black","2025-04-01",2,80,-16,0,64,6.4,70.4
"Sunrise Ceramic Set (FREE)","Default Title","FREE-PSD-CeramicSet","2025-04-01",2,0,0,0,0,0,0
"Hybrid LM, E61 & NS Portafilter","E61 5mm / Black | Black","PF02MV-BBK-HY","2025-04-01",1,188.73,0,0,188.73,0,188.73
"Double Spouted Portafilter","La Marzocco / E61 / Black | Silver","PF02LM-BSL","2025-04-01",1,150,-37.5,0,112.5,0,112.5
"Competition Shower Screen","Nuova Simonelli","PSDNS","2025-04-01",1,35.8,0,0,35.8,0,35.8
"Pesado x AD Coffee - Self Leveling Spring Tamper","Default Title","PSD-ADcoffee-Tamper","2025-04-01",2,327.27,-65.45,0,261.82,26.18,288
"Pesado EP Filter Basket","EP-Breville54-20g","EP-BR-20g","2025-04-01",1,27.27,-4.09,0,23.18,2.32,25.5
"Shipping Protection","Default Title","UpCart","2025-04-01",1,2.27,0,0,2.27,0.23,2.5
"Pesado He[%] - High Extraction Basket","Pesado He[%] Basket - Small","PSD-HE-SM","2025-04-01",2,175.89,-8.64,0,167.25,0,167.25
"Stand for (WDT) Clump Crusher 2.0","Default Title","V2-PSDcrusher-Stand","2025-04-01",1,26,0,0,26,2.6,28.6
"Prescision Bundle - LM & E61","E61 5mm","PRE_SETMV","2025-04-02",1,245.45,0,0,245.45,24.55,270
"PESADO HD - High Diffusion Shower Screen","LM - HD Shower Screen","PSD-HD-LM","2025-04-02",8,659.8,0,0,659.8,48,707.8
"Puck Diffuser Screen","58mm","PSD-puck","2025-04-02",1,25,0,0,25,2.5,27.5
"Puck Screen Holder Bundle","Puck Screen Holder + 54mm Puck Diffuser Screen","PSD-PuckHolderBundle-54","2025-04-02",1,52.27,0,0,52.27,5.23,57.5
"Tamper","58.5mm / Black / Black","PSDTMBBk","2025-04-02",1,123.85,-18.57,0,105.28,0,105.28
"PESADO HD - High Diffusion Shower Screen","E61 - HD Shower Screen","PSD-HD-E61","2025-04-02",4,744.47,-28.02,-366.61,349.84,7.78,357.62
"Pesado He[%] - High Extraction Basket","Pesado He[%] Basket - X-Large","PSD-HE-XL","2025-04-02",1,77.27,-7.72,0,69.55,6.95,76.5
"Pesado He[%] - High Extraction Basket","Pesado He[%] Basket - Medium","PSD-HE-ME","2025-04-02",1,77.27,-7.72,0,69.55,6.95,76.5
"Sunrise Ceramic Set (FREE)","Default Title","FREE-PSD-CeramicSet","2025-04-02",4,0,0,0,0,0,0
"Hybrid LM, E61 & NS Portafilter","E61 5mm / Black | Haze","PF02MV-BHZ-HY","2025-04-02",1,200.5,0,0,200.5,0,200.5
"Hybrid LM, E61 & NS Portafilter","E61 5mm / White | Bronze","PF02MV-WBZ-HY","2025-04-02",1,168.17,-16.81,0,151.36,15.14,166.5
"Pesado He[%] - High Extraction Basket","Pesado He[%] Basket - Small","PSD-HE-SM","2025-04-02",1,87.7,-13.15,0,74.55,0,74.55
"Pesado He[%] Breville 54mm - High Extraction Basket","Default Title","PSD-HE-54","2025-04-02",1,77.27,0,0,77.27,7.73,85
"Milk Jug (Sharp spout)","Default Title","PSDjug","2025-04-02",2,98.18,-29.45,0,68.73,6.87,75.6
"Sunrise Ceramic Set","Default Title","PSD-CeramicSet","2025-04-02",1,13.63,-1.36,0,12.27,1.23,13.5
"Hybrid LM, E61 & NS Portafilter","E61 5mm / Black | Dusk","PF02MV-BDK-HY","2025-04-02",1,199.42,0,0,199.42,0,199.42
"Crusher Pin","Replaceable WDT pin system (0.3mm)","PSD-PinUP","2025-04-02",1,22.73,0,0,22.73,2.27,25
"Shipping Protection","Default Title","UpCart","2025-04-02",1,3.36,0,0,3.36,0,3.36
"Magnetic Dosing Ring","54mm Dosing Ring","V2-PSDring-54mm","2025-04-03",1,30.45,0,0,30.45,3.05,33.5
,"",,"2025-04-03",2,217.25,-39.39,0,177.86,17.79,195.65
"Pesado He[%] - High Extraction Basket","Pesado He[%] Basket - X-Large","PSD-HE-XL","2025-04-03",4,309.08,-7.72,0,301.36,30.14,331.5
"Hybrid Breville 54/58 Portafilter","Breville 58 / Black | Dusk","PF02BR58-BDK-HY","2025-04-03",1,199.11,0,0,199.11,0,199.11
"Espresso Shot Mirror","Default Title","PSDshot-mirror","2025-04-03",1,36.82,0,0,36.82,3.68,40.5
"Pesado EP Filter Basket","EP-22g","EP-22g","2025-04-03",2,54.54,-5.44,0,49.1,4.9,54
"Hybrid Portafilter Head/Attachment","Breville 54mm Hybrid Attachment Only","PSDHY-BR","2025-04-03",1,31.82,0,0,31.82,3.18,35
"Puck Screen Holder Bundle","Puck Screen Holder + 58mm Puck Diffuser Screen","PSD-PuckHolderBundle-58","2025-04-03",1,52.27,0,0,52.27,5.23,57.5
"Puck Screen Holder Bundle","Puck Screen Holder + 54mm Puck Diffuser Screen","PSD-PuckHolderBundle-54","2025-04-03",-1,0,0,-52.27,-52.27,-5.23,-57.5
"Double Spouted Portafilter","La Marzocco / E61 / Black | Black","PF02LM-BBK","2025-04-03",1,150,0,0,150,0,150
"Pesado Tamping Station","Default Title","PSD-TampingStation","2025-04-03",1,163.64,0,0,163.64,16.36,180
"PESADO HD - High Diffusion Shower Screen","LM - HD Shower Screen","PSD-HD-LM","2025-04-03",19,1530.5,-40,0,1490.5,140,1630.5
"PESADO HD - High Diffusion Shower Screen","E61 - HD Shower Screen","PSD-HD-E61","2025-04-03",7,604.52,-8.63,0,595.89,59.61,655.5
"Double Spouted Portafilter","Breville 54 / Black Full POM","PF02BR54-FullPOM","2025-04-03",1,110,-11,0,99,0,99
"ALSA by Squeaky Thailand","Default Title","Squeaky-Alsa","2025-04-03",1,99.9,0,0,99.9,0,99.9
"Sunrise Ceramic Set","Default Title","PSD-CeramicSet","2025-04-03",1,13.64,-3.41,0,10.23,1.02,11.25
"Crusher Pin","Replaceable WDT pin system (0.3mm)","PSD-PinUP","2025-04-03",1,25,-25,0,0,0,0
"Shipping Protection","Default Title","UpCart","2025-04-03",1,2.27,0,0,2.27,0.23,2.5
"Pesado EP Filter Basket","EP-Breville54-20g","EP-BR-20g","2025-04-03",1,27.27,-2.72,0,24.55,2.45,27
"Puck Diffuser Screen","54mm","PSD-puck-54","2025-04-03",1,25,0,0,25,2.5,27.5
"Pesado He[%] - High Extraction Basket","Pesado He[%] Basket - Large","PSD-HE-LG","2025-04-03",1,77.27,-7.72,0,69.55,6.95,76.5
"Pesado x AD Coffee - Self Leveling Spring Tamper","Default Title","PSD-ADcoffee-Tamper","2025-04-03",1,368.56,0,-139.09,229.47,-13.91,215.56
"Pesado EP Filter Basket","EP-Breville54-18g","EP-BR-18g","2025-04-03",1,27.27,0,0,27.27,2.73,30
"Sunrise Ceramic Set (FREE)","Default Title","FREE-PSD-CeramicSet","2025-04-03",5,0,0,0,0,0,0
"Double Spouted Portafilter","La Marzocco / E61 / Black | Silver","PF02LM-BSL","2025-04-03",1,150,-15,0,135,0,135
"Pesado He[%] - High Extraction Basket","Pesado He[%] Basket - Small","PSD-HE-SM","2025-04-04",1,86.79,0,0,86.79,0,86.79
"Pesado EP Filter Basket","EP-18g","EP-18g","2025-04-04",1,27.27,-4.08,0,23.19,2.32,25.51
"Sunrise Ceramic Set","Default Title","PSD-CeramicSet","2025-04-04",1,13.64,0,0,13.64,1.36,15
"Milk Jug (Sharp spout)","Default Title","PSDjug","2025-04-04",1,49.09,0,0,49.09,4.91,54
"Pesado EP Filter Basket","EP-Breville54-20g","EP-BR-20g","2025-04-04",1,27.27,-4.09,0,23.18,2.32,25.5
"Sunrise Ceramic Set (FREE)","Default Title","FREE-PSD-CeramicSet","2025-04-04",4,0,0,0,0,0,0
"Dusk & Haze Clump Crusher (WDT tool)","Dusk","PSDcrusher-Dusk","2025-04-04",1,44,-44,0,0,0,0
"Puck Diffuser Screen","54mm","PSD-puck-54","2025-04-04",1,24.99,-3.74,0,21.25,2.13,23.38
"Magnetic Dosing Ring","58mm Dosing Ring","V2-PSDring-58mm","2025-04-04",2,60.9,0,0,60.9,6.1,67
"Espresso Shot Mirror","Default Title","PSDshot-mirror","2025-04-04",2,78.36,0,0,78.36,3.68,82.04
"Gravity Distributor Stand","Default Title","PSD-T-filter","2025-04-04",2,27.28,0,0,27.28,2.72,30
"Puck Diffuser Screen","58mm","PSD-puck","2025-04-04",1,28.87,0,0,28.87,0,28.87
"Naked Portafilter (Hybrid)","La Marzocco 6mm / Black Full POM","PF00LM-FullPOM-HY","2025-04-04",1,110,0,0,110,0,110
"Magnetic Dosing Ring","54mm Dosing Ring","V2-PSDring-54mm","2025-04-04",0,60.9,0,-60.9,0,0,0
"Pesado He[%] - High Extraction Basket","Pesado He[%] Basket - X-Large","PSD-HE-XL","2025-04-04",1,77.27,-7.72,0,69.55,6.95,76.5
"Sunrise 58mm Dosing Cup - Limited Edition","Charcoal","SunriseDosing-CH","2025-04-04",1,31.82,0,0,31.82,3.18,35
"Pesado He[%] - High Extraction Basket","Pesado He[%] Basket - Medium","PSD-HE-ME","2025-04-04",1,77.27,-7.72,0,69.55,6.95,76.5
"PESADO HD - High Diffusion Shower Screen","LM - HD Shower Screen","PSD-HD-LM","2025-04-04",8,678.23,0,0,678.23,32,710.23
"PESADO HD - High Diffusion Shower Screen","E61 - HD Shower Screen","PSD-HD-E61","2025-04-04",10,906.1,-31.82,0,874.28,50.1,924.38
"Puck Screen Holder Bundle","Puck Screen Holder + 58mm Puck Diffuser Screen","PSD-PuckHolderBundle-58","2025-04-04",1,52.27,-7.84,0,44.43,4.44,48.87
"Double Spouted Portafilter","La Marzocco / E61 / Black | Black","PF02LM-BBK","2025-04-04",1,150,-15,0,135,0,135
"Impact Gravity Distributor - 58.4mm","Default Title","V2-PSD-distributor","2025-04-04",3,468.64,0,0,468.64,30,498.64
"Naked Portafilter (Hybrid)","Breville 54mm / Black Full POM","PF00BR54-FullPOM-HY","2025-04-05",1,110,-16.5,0,93.5,0,93.5
"Pesado He[%] - High Extraction Basket","Pesado He[%] Basket - Small","PSD-HE-SM","2025-04-05",1,77.27,0,0,77.27,7.73,85
"Pesado He[%] Breville 54mm - High Extraction Basket","Default Title","PSD-HE-54","2025-04-05",1,77.27,-11.59,0,65.68,6.57,72.25
"Double Spouted Portafilter","La Marzocco / E61 / Black | Black","PF02LM-BBK","2025-04-05",1,150,-22.5,0,127.5,0,127.5
"Puck Diffuser Screen","58mm","PSD-puck","2025-04-05",1,25,0,0,25,2.5,27.5
"PESADO HD - High Diffusion Shower Screen","LM - HD Shower Screen","PSD-HD-LM","2025-04-05",4,330.11,0,0,330.11,24,354.11
"PESADO HD - High Diffusion Shower Screen","E61 - HD Shower Screen","PSD-HD-E61","2025-04-05",5,442.77,0,0,442.77,34.55,477.32
"Tamper","53.5mm / Black / Riga","PSDT-53.5-BKRiga","2025-04-05",1,130,-19.5,0,110.5,0,110.5
"PESADO HD - High Diffusion Shower Screen","E61 - HD Shower Screen","PSD-HD-E61","2025-04-06",9,777.25,-21.58,0,755.67,75.58,831.25
"Sunrise Ceramic Set (FREE)","Default Title","FREE-PSD-CeramicSet","2025-04-06",3,0,0,0,0,0,0
"Puck Diffuser Screen","54mm","PSD-puck-54","2025-04-06",1,25,-2.5,0,22.5,2.25,24.75
"Pesado He[%] - High Extraction Basket","Pesado He[%] Basket - Large","PSD-HE-LG","2025-04-06",1,77.27,0,0,77.27,7.73,85
"Pesado He[%] Breville 54mm - High Extraction Basket","Default Title","PSD-HE-54","2025-04-06",1,77.27,-7.72,0,69.55,6.95,76.5
"Shipping Protection","Default Title","UpCart","2025-04-06",2,7.81,0,0,7.81,0,7.81
"Puck Diffuser Screen","58mm","PSD-puck","2025-04-06",3,84.72,0,0,84.72,2.5,87.22
"Pesado EP Filter Basket","EP-20g","EP-20g","2025-04-06",1,27.27,-4.09,0,23.18,2.32,25.5
"Pesado Puck Screen Stand","Default Title","PSD-PuckHolder","2025-04-06",1,31.99,0,0,31.99,0,31.99
"WDT Pin Pack","Default Title","PSD-removablepins","2025-04-06",2,1.82,0,0,1.82,0.18,2
"PESADO HD - High Diffusion Shower Screen","LM - HD Shower Screen","PSD-HD-LM","2025-04-06",10,844.11,-12,0,832.11,46.8,878.91
"Hybrid Breville 54/58 Portafilter","Breville 54 / Black Full POM","PF02BR54-FullPOM-HY","2025-04-06",1,140.91,0,0,140.91,14.09,155
"Dosing Bundle","Default Title","DOSING_B","2025-04-06",1,62.27,0,0,62.27,6.23,68.5
"Espresso Shot Mirror","Default Title","PSDshot-mirror","2025-04-06",1,36.82,0,0,36.82,3.68,40.5
"Naked Portafilter (Hybrid)","E61 5mm / Black / Black","PF00MV-BBK-HY","2025-04-06",1,150,0,0,150,0,150
"Pesado He[%] - High Extraction Basket","Pesado He[%] Basket - Medium","PSD-HE-ME","2025-04-06",1,77.27,0,0,77.27,7.73,85
"Shipping Protection","Default Title","UpCart","2025-04-07",2,4.77,0,0,4.77,0.23,5
"Stand for (WDT) Clump Crusher 2.0","Default Title","V2-PSDcrusher-Stand","2025-04-07",1,26,0,0,26,2.6,28.6
"Naked Portafilter (Hybrid)","E61 5mm / Black / Dusk","PF00MV-BDK-HY","2025-04-07",1,150,0,0,150,0,150
"Pesado He[%] - High Extraction Basket","Pesado He[%] Basket - Small","PSD-HE-SM","2025-04-07",1,85,0,0,85,0,85
"PESADO HD - High Diffusion Shower Screen","E61 - HD Shower Screen","PSD-HD-E61","2025-04-07",2,172.72,0,0,172.72,17.28,190
"Puck Diffuser Screen","58mm","PSD-puck","2025-04-07",2,50,0,0,50,5,55
"Pesado He[%] - High Extraction Basket","Pesado He[%] Basket - Large","PSD-HE-LG","2025-04-07",1,77.27,-7.72,0,69.55,6.95,76.5
"Sunrise Ceramic Set (FREE)","Default Title","FREE-PSD-CeramicSet","2025-04-07",1,0,0,0,0,0,0
"Pesado He[%] - High Extraction Basket","Pesado He[%] Basket - X-Large","PSD-HE-XL","2025-04-07",1,85,0,0,85,0,85
"Hybrid Portafilter Head/Attachment","Breville 58 Hybrid","PFH02BR58-HY","2025-04-07",1,109.08,-10.9,0,98.18,9.82,108
,"",,"2025-04-07",1,40.9,-10.22,0,30.68,3.07,33.75
"Pesado x AD Coffee - Self Leveling Spring Tamper","Default Title","PSD-ADcoffee-Tamper","2025-04-07",1,163.64,0,0,163.64,16.36,180
"Pesado EP Filter Basket","EP-22g","EP-22g","2025-04-07",1,27.27,0,0,27.27,2.73,30
"PESADO HD - High Diffusion Shower Screen","LM - HD Shower Screen","PSD-HD-LM","2025-04-07",9,850.15,-26.97,-80,743.18,32,775.18
"Pesado EP Filter Basket","EP-22g","EP-22g","2025-04-08",3,81.82,0,0,81.82,8.18,90
"Pesado He[%] - High Extraction Basket","Pesado He[%] Basket - X-Large","PSD-HE-XL","2025-04-08",1,85,-8.5,0,76.5,0,76.5
"Magnetic Dosing Ring","54mm Dosing Ring","V2-PSDring-54mm","2025-04-08",1,30.45,0,0,30.45,3.05,33.5
"Pesado He[%] - High Extraction Basket","Pesado He[%] Basket - Medium","PSD-HE-ME","2025-04-08",2,163.99,-24.6,0,139.39,6.57,145.96
"Pesado Tamping Station","Default Title","PSD-TampingStation","2025-04-08",1,163.63,-24.54,0,139.09,13.91,153
"WDT Pin Pack","Default Title","PSD-removablepins","2025-04-08",2,1.82,-0.27,0,1.55,0.15,1.7
"PESADO HD - High Diffusion Shower Screen","LM - HD Shower Screen","PSD-HD-LM","2025-04-08",8,701.45,-30.03,0,671.42,14.8,686.22
"Double Spouted Portafilter","La Marzocco / E61 / Black | Black","PF02LM-BBK","2025-04-08",1,150,0,0,150,0,150
"Metallic Clump Crusher (WDT tool)","Bronze","PSDcrusher-Bronze","2025-04-08",1,40,-6,0,34,3.4,37.4
"Pesado Black Ripple Set","Barista Jug Sharp Spout","PSDjug-BK","2025-04-08",1,55.1,-8.26,0,46.84,0,46.84
"PESADO HD - High Diffusion Shower Screen","E61 - HD Shower Screen","PSD-HD-E61","2025-04-08",2,172.72,0,0,172.72,17.28,190
"Shipping Protection","Default Title","UpCart","2025-04-08",3,9.61,0,0,9.61,0,9.61
"Pesado EP Filter Basket","EP-20g","EP-20g","2025-04-08",1,27.27,-4.09,0,23.18,2.32,25.5
"Sunrise Ceramic Set (FREE)","Default Title","FREE-PSD-CeramicSet","2025-04-08",2,0,0,0,0,0,0
"Puck Diffuser Screen","58mm","PSD-puck","2025-04-08",2,52.49,-6.49,0,46,2.13,48.13
"Tamper","53.5mm / Black / Silver","PSDT-53.5-BSL","2025-04-08",1,120,0,0,120,0,120
"Hybrid Portafilter Head/Attachment","LM 6mm Hybrid","PFH02LM-HY","2025-04-08",1,109.09,0,0,109.09,10.91,120
"Depth Adjuster","Default Title","PSdepth","2025-04-08",1,46.36,-6.95,0,39.41,3.94,43.35
"Pesado He[%] - High Extraction Basket","Pesado He[%] Basket - Large","PSD-HE-LG","2025-04-08",1,86.79,0,0,86.79,0,86.79
"Pesado Spouted Portafilter Head","LM/E61","PFHLM","2025-04-09",1,88.03,0,0,88.03,9.04,97.07
"PESADO HD - High Diffusion Shower Screen","LM - HD Shower Screen","PSD-HD-LM","2025-04-09",5,506.95,-39.24,-88,379.71,23.2,402.91
"ALSA by Squeaky Thailand","Default Title","Squeaky-Alsa","2025-04-09",1,90.82,0,0,90.82,9.08,99.9
"Pesado He[%] - High Extraction Basket","Pesado He[%] Basket - X-Large","PSD-HE-XL","2025-04-09",1,86.74,0,0,86.74,0,86.74
"Pesado He[%] - High Extraction Basket","Pesado He[%] Basket - Medium","PSD-HE-ME","2025-04-09",1,87.98,0,0,87.98,0,87.98
"Hybrid Portafilter Head/Attachment","E61 5mm","PFH02MV-HY","2025-04-09",1,122.59,0,0,122.59,0,122.59
"Puck Diffuser Screen","54mm","PSD-puck-54","2025-04-09",1,25,-2.5,0,22.5,2.25,24.75
"PESADO HD - High Diffusion Shower Screen","E61 - HD Shower Screen","PSD-HD-E61","2025-04-09",8,723.19,0,0,723.19,43.2,766.39
"Pesado He[%] - High Extraction Basket","Pesado He[%] Basket - Large","PSD-HE-LG","2025-04-09",2,154.54,-7.72,0,146.82,14.68,161.5
"Sunrise Ceramic Set (FREE)","Default Title","FREE-PSD-CeramicSet","2025-04-09",2,0,0,0,0,0,0
"Shipping Protection","Default Title","UpCart","2025-04-09",4,9.78,0,0,9.78,0.46,10.24
"Puck Diffuser Screen","58mm","PSD-puck","2025-04-09",1,28.1,0,0,28.1,0,28.1
"Pesado He[%] Breville 54mm - High Extraction Basket","Default Title","PSD-HE-54","2025-04-09",2,164.36,-7.72,0,156.64,6.95,163.59
"Naked Portafilter (Hybrid)","La Marzocco 6mm / Black / Haze","PF00LM-BHZ-HY","2025-04-10",0,150,-150,0,0,0,0
"Double Spouted Portafilter","Breville 54 / Black | Silver","PF02BR54-BSL","2025-04-10",0,150,-150,0,0,0,0
"Breville 58mm Spouted Portafilter Bundle","Breville 58mm Double Spouted Black Silver","02BR58BSL-IMS17-BUNDLE","2025-04-10",0,150,-150,0,0,0,0
"Naked Portafilter (Hybrid)","Breville 54mm / Black / Black","PF00BR54-BBK-HY","2025-04-10",0,150,-150,0,0,0,0
"Hybrid LM, E61 & NS Portafilter","Nuova Simonelli / White | Dusk","PF02NS-WDK-HY","2025-04-10",0,195,-195,0,0,0,0
"Pesado Spouted Portafilter Head","LM/E61","PFHLM","2025-04-10",0,95,-95,0,0,0,0
"Hybrid Breville 54/58 Portafilter","Breville 54 / Black | Silver","PF02BR54-BSL-HY","2025-04-10",0,185,-185,0,0,0,0
"Pesado Naked Portafilter Head (HYBRID)","Breville 58mm","PFH00BR58-HY","2025-04-10",0,95,-95,0,0,0,0
"Hybrid LM, E61 & NS Portafilter","Nuova Simonelli / White | Silver","PF02NS-WSL-HY","2025-04-10",0,185,-185,0,0,0,0
"Double Spouted Portafilter","Breville 58 / Black | Silver","PF02BR58-BSL","2025-04-10",0,150,-150,0,0,0,0
"Naked Portafilter (Hybrid)","Breville 58mm / White / Iris","PF00BR58WH-Iris-HY","2025-04-10",0,160,-160,0,0,0,0
"Double Spouted Portafilter","La Marzocco / E61 / White | Silver","PF02LM-WSL","2025-04-10",0,150,-150,0,0,0,0
"Naked Portafilter (Hybrid)","Breville 58mm / White Full POM","PF00BR58-WHPOM-HY","2025-04-10",0,110,-110,0,0,0,0
"Hybrid Breville 54/58 Portafilter","Breville 58 / Black | Silver","PF02BR58-BSL-HY","2025-04-10",0,185,-185,0,0,0,0
"Hybrid Portafilter Head/Attachment","LM/E61, NS, BR58 Hybrid Attachment Only","PSDHY","2025-04-10",0,35,-35,0,0,0,0
"Sunrise 58mm Dosing Cup - Limited Edition","White","SunriseDosing-WH","2025-04-10",0,35,-35,0,0,0,0
"Hybrid Breville 54/58 Portafilter","Breville 58 / White | Haze","PF02BR58-WHZ-HY","2025-04-10",0,195,-195,0,0,0,0
"Dusk & Haze Clump Crusher (WDT tool)","Haze","PSDcrusher-Haze","2025-04-10",0,44,-44,0,0,0,0
"PESADO HD - High Diffusion Shower Screen","LM - HD Shower Screen","PSD-HD-LM","2025-04-10",8,728,-104,0,624,62.4,686.4
"Hybrid Portafilter Head/Attachment","Breville 54 Hybrid","PFH02BR54-HY","2025-04-10",0,120,-120,0,0,0,0
"Naked Portafilter (Hybrid)","La Marzocco 6mm / White / Black","PF00LM-WBK-HY","2025-04-10",0,150,-150,0,0,0,0
"Double Spouted Portafilter","Breville 54 / Black | Gold","PF02BR54-BGD","2025-04-10",0,150,-150,0,0,0,0
"Prescision Bundle - LM & E61","E61 5mm","PRE_SETMV","2025-04-10",0,270,-270,0,0,0,0
"Modular Handle - Tamper","Black / Gold","PSDTHMODBGD","2025-04-10",0,69.99,-69.99,0,0,0,0
"Double Spouted Portafilter","Breville 58 / Black | Bronze","PF02BR58-BBZ","2025-04-10",0,150,-150,0,0,0,0
"Double Spouted Portafilter","Breville 58 / White Full POM","PF02BR58-WHPOM","2025-04-10",0,110,-110,0,0,0,0
"Pesado Tamping Station","Default Title","PSD-TampingStation","2025-04-10",1,343.64,-180,0,163.64,16.36,180
"Hybrid LM, E61 & NS Portafilter","Nuova Simonelli / Black | Black","PF02NS-BBK-HY","2025-04-10",0,185,-185,0,0,0,0
"Double Spouted Portafilter","Breville 58 / White | Gold","PF02BR58-WGD","2025-04-10",0,150,-150,0,0,0,0
"Naked Portafilter (Hybrid)","Nuova Simonelli / Black / Dusk","PF00NS-BDK-HY","2025-04-10",0,150,-150,0,0,0,0
"Double Spouted Portafilter","Nuova Simonelli / Black | Dusk","PF02NS-BDK","2025-04-10",0,150,-150,0,0,0,0
"Modular Handle - Portafilter","White / Haze","PSDHMODWHZ","2025-04-10",0,79.99,-79.99,0,0,0,0
"Pesado Naked Portafilter Head (HYBRID)","Astoria (non-hybrid)","PFH00AS","2025-04-10",0,95,-95,0,0,0,0
"Hybrid LM, E61 & NS Portafilter","E61 5mm / Black | Iris","PF02MVBK-Iris-HY","2025-04-10",0,195,-195,0,0,0,0
"Double Spouted Portafilter","Breville 54 / Black | Bronze","PF02BR54-BBZ","2025-04-10",0,150,-150,0,0,0,0
"Naked Portafilter (Hybrid)","Breville 58mm / Black / Bronze","PF00BR58-BBZ-HY","2025-04-10",0,150,-150,0,0,0,0
"Hybrid LM, E61 & NS Portafilter","La Marzocco 6mm / White | Silver","PF02LM-WSL-HY","2025-04-10",0,185,-185,0,0,0,0
"Double Spouted Portafilter","Breville 54 / White Full POM","PF02BR54-WHPOM","2025-04-10",0,110,-110,0,0,0,0
"Double Spouted Portafilter","Breville 54 / White | Riga","PF02BR54WH-Riga","2025-04-10",0,160,-160,0,0,0,0
"Double Spouted Portafilter","Astoria / Black | Gold","PF02AS-BGD","2025-04-10",0,150,-150,0,0,0,0
"Naked Portafilter (Hybrid)","E61 5mm / White / Silver","PF00MV-WSL-HY","2025-04-10",0,150,-150,0,0,0,0
"Hybrid LM, E61 & NS Portafilter","Nuova Simonelli / Black | Riga","PF02NSBK-RIGA-HY","2025-04-10",0,195,-195,0,0,0,0
"Hybrid LM, E61 & NS Portafilter","Nuova Simonelli / Black | Dusk","PF02NS-BDK-HY","2025-04-10",0,195,-195,0,0,0,0
"Barista Apron","Small","ApronPSDS","2025-04-10",0,105,-105,0,0,0,0
"Naked Portafilter Astoria","Astoria / White / Riga","PF00ASWH-Riga","2025-04-10",0,160,-160,0,0,0,0
"Double Spouted Portafilter","Breville 54 / White | Iris","PF02BR54WH-Iris","2025-04-10",0,160,-160,0,0,0,0
"Double Spouted Portafilter","Breville 58 / Raya","PF02BR58Raya","2025-04-10",0,160,-160,0,0,0,0
"ALSA by Squeaky Thailand","Default Title","Squeaky-Alsa","2025-04-10",0,99.9,-99.9,0,0,0,0
"Pesado x AD Coffee - Self Leveling Spring Tamper","Default Title","PSD-ADcoffee-Tamper","2025-04-10",0,180,-180,0,0,0,0
"Modular Handle - Portafilter","White / Riga","PSDHMODWHRIGA","2025-04-10",0,79.99,-79.99,0,0,0,0
"Double Spouted Portafilter","Breville 54 / Black | Black","PF02BR54-BBK","2025-04-10",0,150,-150,0,0,0,0
"Naked Portafilter (Hybrid)","Breville 58mm / White / Riga","PF00BR58WH-Riga-HY","2025-04-10",0,160,-160,0,0,0,0
"Hybrid Breville 54/58 Portafilter","Breville 54 / White | Dusk","PF02BR54-WDK-HY","2025-04-10",0,195,-195,0,0,0,0
"Naked Portafilter (Hybrid)","Breville 54mm / Raya","PF00BR54-Raya-HY","2025-04-10",1,320,-160,0,160,0,160
"Naked Portafilter (Hybrid)","E61 5mm / White / Gold","PF00MV-WGD-HY","2025-04-10",0,150,-150,0,0,0,0
"Naked Portafilter (Hybrid)","Nuova Simonelli / White Full POM","PF00NS-WHPOM-HY","2025-04-10",0,110,-110,0,0,0,0
"Naked Portafilter (Hybrid)","La Marzocco 6mm / Black / Dusk","PF00LM-BDK-HY","2025-04-10",0,150,-150,0,0,0,0
"Modular Handle - Tamper","White / Iris","PSDTHMODWHIRIS","2025-04-10",0,69.99,-69.99,0,0,0,0
"Naked Portafilter (Hybrid)","La Marzocco 6mm / Black / Iris","PF00LMBK-Iris-HY","2025-04-10",0,160,-160,0,0,0,0
"Double Spouted Portafilter","Breville 54 / Black Full POM","PF02BR54-FullPOM","2025-04-10",0,110,-110,0,0,0,0
"Naked Portafilter (Hybrid)","Nuova Simonelli / Black / Haze","PF00NS-BHZ-HY","2025-04-10",0,150,-150,0,0,0,0
"Hybrid Breville 54/58 Portafilter","Breville 58 / White | Gold","PF02BR58-WGD-HY","2025-04-10",0,185,-185,0,0,0,0
"Modular Handle - Tamper","White / Bronze","PSDTHMODWBZ","2025-04-10",0,69.99,-69.99,0,0,0,0
"Double Spouted Portafilter","Breville 58 / Black Full POM","PF02BR58-FullPOM","2025-04-10",0,110,-110,0,0,0,0
"Modular Handle - Portafilter","White / Black","PSDHMODWBK","2025-04-10",0,79.99,-79.99,0,0,0,0
"Dosing Cup","58mm / Charcoal","PSDdosingCup-CH","2025-04-10",0,35,-35,0,0,0,0
"Naked Portafilter (Hybrid)","La Marzocco 6mm / White / Haze","PF00LM-WHZ-HY","2025-04-10",0,150,-150,0,0,0,0
"Hybrid Breville 54/58 Portafilter","Breville 54 / Black Full POM","PF02BR54-FullPOM-HY","2025-04-10",0,155,-155,0,0,0,0
"Modular Handle - Portafilter","Black / Dusk","PSDHMODBDK","2025-04-10",0,79.99,-79.99,0,0,0,0
"Double Spouted Portafilter","Nuova Simonelli / White | Haze","PF02NS-WHZ","2025-04-10",0,150,-150,0,0,0,0
"Naked Portafilter (Hybrid)","E61 5mm / Black / Silver","PF00MV-BSL-HY","2025-04-10",0,150,-150,0,0,0,0
"Naked Portafilter (Hybrid)","E61 5mm / Black / Iris","PF00MVBK-Iris-HY","2025-04-10",0,160,-160,0,0,0,0
"Puck Screen Holder Bundle","Puck Screen Holder + 58mm Puck Diffuser Screen","PSD-PuckHolderBundle-58","2025-04-10",0,57.5,-57.5,0,0,0,0
"Naked Portafilter (Hybrid)","E61 5mm / White Full POM","PF00MV-WHPOM-HY","2025-04-10",0,110,-110,0,0,0,0
"Naked Portafilter Astoria","Astoria / White / Black","PF00AS-WBK","2025-04-10",0,150,-150,0,0,0,0
"Double Spouted Portafilter","La Marzocco / E61 / Black | Iris","PF02LMBK-Iris","2025-04-10",0,160,-160,0,0,0,0
"Naked Portafilter (Hybrid)","Breville 54mm / Black / Iris","PF00BR54BK-Iris-HY","2025-04-10",0,160,-160,0,0,0,0
"Dosing Cup","58mm / Black","","2025-04-10",0,35,-35,0,0,0,0
"Clump Crusher (WDT tool)","Riga","PSDcrusherRIGA","2025-04-10",0,44,-44,0,0,0,0
"Double Spouted Portafilter","La Marzocco / E61 / Black Full POM","PF02LM-FullPOM","2025-04-10",0,110,-110,0,0,0,0
"Hybrid LM, E61 & NS Portafilter","La Marzocco 6mm / Black | Haze","PF02LM-BHZ-HY","2025-04-10",0,195,-195,0,0,0,0
"Naked Portafilter (Hybrid)","Breville 58mm / Black Full POM","PF00BR58-FullPOM-HY","2025-04-10",0,110,-110,0,0,0,0
"Pesado Starter Kit","Breville 58mm / White Full POM","02BR58-IMS17WHPOM-BUNDLE","2025-04-10",0,140,-140,0,0,0,0
"Modular Handle - Portafilter","White / Bronze","PSDHMODWBZ","2025-04-10",0,79.99,-79.99,0,0,0,0
"Naked Portafilter (Hybrid)","Nuova Simonelli / White / Dusk","PF00NS-WDK-HY","2025-04-10",0,150,-150,0,0,0,0
"Double Spouted Portafilter","La Marzocco / E61 / Black | Bronze","PF02LM-BBZ","2025-04-10",0,150,-150,0,0,0,0
"Impact Gravity Distributor - 58.4mm","Default Title","V2-PSD-distributor","2025-04-10",0,165,-165,0,0,0,0
"Double Spouted Portafilter","Astoria / White | Silver","PF02AS-WSL","2025-04-10",0,150,-150,0,0,0,0
"Double Spouted Portafilter","Breville 58 / White | Dusk","PF02BR58-WDK","2025-04-10",0,150,-150,0,0,0,0
"Naked Portafilter (Hybrid)","Breville 58mm / White / Silver","PF00BR58-WSL-HY","2025-04-10",0,150,-150,0,0,0,0
"Naked Portafilter (Hybrid)","Breville 58mm / Black / Haze","PF00BR58-BHZ-HY","2025-04-10",0,150,-150,0,0,0,0
"Double Spouted Portafilter","Nuova Simonelli / Black | Black","PF02NS-BBK","2025-04-10",0,150,-150,0,0,0,0
"Modular Handle - Tamper","Black / Silver","PSDTHMODBSL","2025-04-10",0,69.99,-69.99,0,0,0,0
"Hybrid Portafilter Head/Attachment","Breville 58 Hybrid","PFH02BR58-HY","2025-04-10",0,120,-120,0,0,0,0
"Double Spouted Portafilter","Nuova Simonelli / Black | Bronze","PF02NS-BBZ","2025-04-10",0,150,-150,0,0,0,0
"Hybrid LM, E61 & NS Portafilter","E61 5mm / Black | Riga","PF02MVBK-Riga-HY","2025-04-10",0,195,-195,0,0,0,0
"Naked Portafilter (Hybrid)","E61 5mm / Black / Gold","PF00MV-BGD-HY","2025-04-10",0,150,-150,0,0,0,0
"Hybrid Breville 54/58 Portafilter","Breville 54 / Raya","PF02BR54-Raya-HY","2025-04-10",0,195,-195,0,0,0,0
"Double Spouted Portafilter","Breville 54 / Black | Dusk","PF02BR54-BDK","2025-04-10",0,150,-150,0,0,0,0
"Double Spouted Portafilter","La Marzocco / E61 / Black | Black","PF02LM-BBK","2025-04-10",0,150,-150,0,0,0,0
"Naked Portafilter (Hybrid)","Breville 54mm / Black / Haze","PF00BR54-BHZ-HY","2025-04-10",0,150,-150,0,0,0,0
"Naked Portafilter (Hybrid)","La Marzocco 6mm / White / Dusk","PF00LM-WDK-HY","2025-04-10",0,150,-150,0,0,0,0
"Dosing Cup","54mm / White","PSDdosingCup-WH-54","2025-04-10",0,35,-35,0,0,0,0
"Double Spouted Portafilter","Astoria / White | Iris","PF02ASWH-Iris","2025-04-10",0,160,-160,0,0,0,0
"Naked Portafilter (Hybrid)","Breville 54mm / White / Dusk","PF00BR54-WDK-HY","2025-04-10",0,150,-150,0,0,0,0
"Hybrid LM, E61 & NS Portafilter","La Marzocco 6mm / White | Haze","PF02LM-WHZ-HY","2025-04-10",0,195,-195,0,0,0,0
"Hybrid LM, E61 & NS Portafilter","E61 5mm / White | Silver","PF02MV-WSL-HY","2025-04-10",0,185,-185,0,0,0,0
"Naked Portafilter (Hybrid)","Breville 54mm / Black / Riga","PF00BR54BK-Riga-HY","2025-04-10",1,320,-176,0,144,0,144
"Pesado Black Ripple Set","Barista Jug Sharp Spout","PSDjug-BK","2025-04-10",0,54,-54,0,0,0,0
"Modular Handle - Portafilter","Black / Iris","PSDHMODBKIRIS","2025-04-10",0,79.99,-79.99,0,0,0,0
"Naked Portafilter (Hybrid)","Nuova Simonelli / White / Haze","PF00NS-WHZ-HY","2025-04-10",0,150,-150,0,0,0,0
"Modular Handle - Tamper","White / Gold","PSDTHMODWGD","2025-04-10",0,69.99,-69.99,0,0,0,0
"Puck Screen Holder Bundle","Puck Screen Holder + 54mm Puck Diffuser Screen","PSD-PuckHolderBundle-54","2025-04-10",0,57.5,-57.5,0,0,0,0
"Naked Portafilter (Hybrid)","Breville 58mm / White / Dusk","PF00BR58-WDK-HY","2025-04-10",0,150,-150,0,0,0,0
"Double Spouted Portafilter","La Marzocco / E61 / White | Dusk","PF02LM-WDK","2025-04-10",0,150,-150,0,0,0,0
"Double Spouted Portafilter","Astoria / Black | Riga","PF02ASBK-Riga","2025-04-10",0,160,-160,0,0,0,0
"Naked Portafilter Astoria","Astoria / White / Silver","PF00AS-WSL","2025-04-10",0,150,-150,0,0,0,0
"Hybrid LM, E61 & NS Portafilter","E61 5mm / White | Iris","PF02MVWH-Iris-HY","2025-04-10",0,195,-195,0,0,0,0
"Hybrid Breville 54/58 Portafilter","Breville 58 / Black | Dusk","PF02BR58-BDK-HY","2025-04-10",0,195,-195,0,0,0,0
"Modular Handle - Portafilter","Black / Full POM","PSDHFullPOM","2025-04-10",0,69.99,-69.99,0,0,0,0
"Double Spouted Portafilter","La Marzocco / E61 / White | Haze","PF02LM-WHZ","2025-04-10",0,150,-150,0,0,0,0
"Hybrid LM, E61 & NS Portafilter","Nuova Simonelli / White | Haze","PF02NS-WHZ-HY","2025-04-10",0,195,-195,0,0,0,0
"Naked Portafilter Astoria","Astoria / Black / Haze","PF00AS-BHZ","2025-04-10",0,150,-150,0,0,0,0
"Double Spouted Portafilter","Breville 58 / Black | Black","PF02BR58-BBK","2025-04-10",0,150,-150,0,0,0,0
"Naked Portafilter (Hybrid)","Breville 54mm / Black / Silver","PF00BR54-BSL-HY","2025-04-10",0,150,-150,0,0,0,0
"Maximum Distribution Bundle","Default Title","DistributionBundle","2025-04-10",0,306.1,-306.1,0,0,0,0
"Double Spouted Portafilter","Astoria / Black | Black","PF02AS-BBK","2025-04-10",0,150,-150,0,0,0,0
"Hybrid LM, E61 & NS Portafilter","Nuova Simonelli / White | Black","PF02NS-WBK-HY","2025-04-10",0,185,-185,0,0,0,0
"Naked Portafilter (Hybrid)","E61 5mm / White / Riga","PF00MVWH-Riga-HY","2025-04-10",0,160,-160,0,0,0,0
"Naked Portafilter (Hybrid)","E61 5mm / Black / Bronze","PF00MV-BBZ-HY","2025-04-10",0,150,-150,0,0,0,0
"Double Spouted Portafilter","Nuova Simonelli / White | Bronze","PF02NS-WBZ","2025-04-10",0,150,-150,0,0,0,0
"Double Spouted Portafilter","Nuova Simonelli / Black | Haze","PF02NS-BHZ","2025-04-10",0,150,-150,0,0,0,0
"Modular Handle - Portafilter","White / Dusk","PSDHMODWDK","2025-04-10",0,79.99,-79.99,0,0,0,0
"Clump Crusher (WDT tool)","Iris","PSDcrusherIRIS","2025-04-10",0,44,-44,0,0,0,0
"Tamper","53.5mm / Black / Riga","PSDT-53.5-BKRiga","2025-04-10",1,130,-13,0,117,0,117
"Hybrid Breville 54/58 Portafilter","Breville 54 / Black | Gold","PF02BR54-BGD-HY","2025-04-10",0,185,-185,0,0,0,0
"Double Spouted Portafilter","Astoria / Black | Silver","PF02AS-BSL","2025-04-10",0,150,-150,0,0,0,0
"Naked Portafilter (Hybrid)","Nuova Simonelli / White / Iris","PF00NSWH-Iris-HY","2025-04-10",0,160,-160,0,0,0,0
"Full Moon Wave - Convex Tamper","White | Dusk","PSDT-WAVE-WDk","2025-04-10",0,155,-155,0,0,0,0
"Hybrid Breville 54/58 Portafilter","Breville 54 / Black | Haze","PF02BR54-BHZ-HY","2025-04-10",0,195,-195,0,0,0,0
"Modular Handle - Portafilter","Black / Bronze","PSDHMODBBZ","2025-04-10",0,79.99,-79.99,0,0,0,0
"Distribution Bundle","58mm Distribution Bundle","DISTR_B","2025-04-10",0,237.6,-237.6,0,0,0,0
"Dosing Bundle","Default Title","DOSING_B","2025-04-10",0,68.5,-68.5,0,0,0,0
"Naked Portafilter (Hybrid)","Nuova Simonelli / Black / Riga","PF00NSBK-RIGA-HY","2025-04-10",0,160,-160,0,0,0,0
"Single Dose Bean Cellar (4 pack)","Default Title","PSD-beantube","2025-04-10",0,40,-40,0,0,0,0
"Hybrid Portafilter Head/Attachment","Breville 54mm Hybrid Attachment Only","PSDHY-BR","2025-04-10",0,35,-35,0,0,0,0
"Modular Handle - Tamper","White / Black","PSDTHMODWBK","2025-04-10",0,69.99,-69.99,0,0,0,0
"Gravity Distributor Stand","Default Title","PSD-T-filter","2025-04-10",0,15,-15,0,0,0,0
"Double Spouted Portafilter","Breville 58 / Black | Haze","PF02BR54-BHZ","2025-04-10",0,150,-150,0,0,0,0
"Hybrid LM, E61 & NS Portafilter","Nuova Simonelli / Black | Haze","PF02NS-BHZ-HY","2025-04-10",0,195,-195,0,0,0,0
"Hybrid Breville 54/58 Portafilter","Breville 54 / Black | Black","PF02BR54-BBK-HY","2025-04-10",0,185,-185,0,0,0,0
"Naked Portafilter (Hybrid)","E61 5mm / Black / Black","PF00MV-BBK-HY","2025-04-10",0,150,-150,0,0,0,0
"Hybrid Breville 54/58 Portafilter","Breville 58 / Black | Bronze","PF02BR58-BBZ-HY","2025-04-10",0,185,-185,0,0,0,0
"Pesado Starter Kit","E61 5mm / White Full POM","02MV-IMS17WHPOM-BUNDLE","2025-04-10",0,140,-140,0,0,0,0
"Pesado EP Filter Basket","EP-22g","EP-22g","2025-04-10",0,30,-30,0,0,0,0
"Dusk & Haze Leva Accents","Dusk","PSDleva-dusk","2025-04-10",0,36,-36,0,0,0,0
"Double Spouted Portafilter","Nuova Simonelli / White | Riga","PF02NSWH-Riga","2025-04-10",0,160,-160,0,0,0,0
"Naked Portafilter Astoria","Astoria / White / Gold","PF00AS-WGD","2025-04-10",0,150,-150,0,0,0,0
"Espresso Shot Mirror","Default Title","PSDshot-mirror","2025-04-10",1,77.32,-44.18,0,33.14,3.31,36.45
"Pesado Spouted Portafilter Head","Breville 54mm","PFHBR54","2025-04-10",0,95,-95,0,0,0,0
"Hybrid Breville 54/58 Portafilter","Breville 54 / Black | Bronze","PF02BR54-BBZ-HY","2025-04-10",0,185,-185,0,0,0,0
"Gravity Distributor - 54mm","54 mm","PSD-distributor-54m","2025-04-10",0,150,-150,0,0,0,0
"Metallic Clump Crusher (WDT tool)","Bronze","PSDcrusher-Bronze","2025-04-10",0,44,-44,0,0,0,0
"Hybrid LM, E61 & NS Portafilter","E61 5mm / Black | Silver","PF02MV-BSL-HY","2025-04-10",0,185,-185,0,0,0,0
"Double Spouted Portafilter","Nuova Simonelli / Black | Iris","PF02NSBK-Iris","2025-04-10",0,160,-160,0,0,0,0
"Double Spouted Portafilter","Breville 54 / White | Haze","PF02BR54-WHZ","2025-04-10",0,150,-150,0,0,0,0
"Breville 54mm Precision Bundle","Default Title","PRE-BR54-SET","2025-04-10",0,270,-270,0,0,0,0
"Modular Handle - Portafilter","Black / Haze","PSDHMODBHZ","2025-04-10",0,79.99,-79.99,0,0,0,0
"Double Spouted Portafilter","Nuova Simonelli / White | Dusk","PF02NS-WDK","2025-04-10",0,150,-150,0,0,0,0
"Hybrid LM, E61 & NS Portafilter","E61 5mm / White | Gold","PF02MV-WGD-HY","2025-04-10",0,185,-185,0,0,0,0
"Double Spouted Portafilter","Breville 54 / Black | Riga","PF02BR54BK-Riga","2025-04-10",0,160,-160,0,0,0,0
"Modular Handle - Tamper","Black / Black","PSDTHMODBBK","2025-04-10",0,69.99,-69.99,0,0,0,0
"Naked Portafilter Astoria","Astoria / Black / Riga","PF00ASBK-Riga","2025-04-10",0,160,-160,0,0,0,0
"Hybrid LM, E61 & NS Portafilter","Nuova Simonelli / Black | Silver","PF02NS-BSL-HY","2025-04-10",0,185,-185,0,0,0,0
"Barista Apron","Large","ApronPSDL","2025-04-10",0,105,-105,0,0,0,0
"Pesado He[%] - High Extraction Basket","Pesado He[%] Basket - X-Large","PSD-HE-XL","2025-04-10",3,326.26,-92.72,0,233.54,14.68,248.22
"Sunrise 58mm Dosing Cup - Limited Edition","Charcoal","SunriseDosing-CH","2025-04-10",0,35,-35,0,0,0,0
"Pesado Naked Portafilter Head (HYBRID)","E61 5mm","PFH00MV-HY","2025-04-10",0,95,-95,0,0,0,0
"Double Spouted Portafilter","Breville 54 / Black | Iris","PF02BR54BK-Iris","2025-04-10",0,160,-160,0,0,0,0
"Hybrid LM, E61 & NS Portafilter","La Marzocco 6mm / Black | Silver","PF02LM-BSL-HY","2025-04-10",0,185,-185,0,0,0,0
"Naked Portafilter (Hybrid)","Nuova Simonelli / White / Black","PF00NS-WBK-HY","2025-04-10",0,150,-150,0,0,0,0
"Pesado Spouted Portafilter Head","Astoria","PFHAS","2025-04-10",0,95,-95,0,0,0,0
"Dosing Cup","54mm / Black","PSDdosingCup-BK-54","2025-04-10",0,35,-35,0,0,0,0
"Double Spouted Portafilter","La Marzocco / E61 / White Full POM","PF02LM-WHPOM","2025-04-10",0,110,-110,0,0,0,0
"Hybrid LM, E61 & NS Portafilter","La Marzocco 6mm / Black | Dusk","PF02LM-BDK-HY","2025-04-10",0,195,-195,0,0,0,0
"Naked Portafilter Astoria","Astoria / White / Bronze","PF00AS-WBZ","2025-04-10",0,150,-150,0,0,0,0
"Full Moon Wave - Convex Tamper","Black | Haze","PSDT-WAVE-BHz","2025-04-10",0,155,-155,0,0,0,0
"Magnetic Dosing Ring","54mm Dosing Ring","V2-PSDring-54mm","2025-04-10",0,33.5,-33.5,0,0,0,0
"Hybrid Breville 54/58 Portafilter","Breville 58 / Raya","PF02BR58Raya-HY","2025-04-10",0,195,-195,0,0,0,0
"Breville 58mm Precision Bundle","Default Title","PRE-BR58-SET","2025-04-10",0,270,-270,0,0,0,0
"Filter Basket","23.5 (17g)","PSD23.5","2025-04-10",0,30,-30,0,0,0,0
"Naked Portafilter (Hybrid)","La Marzocco 6mm / Black Full POM","PF00LM-FullPOM-HY","2025-04-10",0,110,-110,0,0,0,0
"Naked Portafilter Astoria","Astoria / Black / Gold","PF00AS-BGD","2025-04-10",0,150,-150,0,0,0,0
"Naked Portafilter Astoria","Astoria / White / Haze","PF00AS-WHZ","2025-04-10",0,150,-150,0,0,0,0
"Hybrid Breville 54/58 Portafilter","Breville 58 / Black | Iris","PF02BR58BK-Iris-HY","2025-04-10",0,195,-195,0,0,0,0
"Hybrid Breville 54/58 Portafilter","Breville 54 / White Full POM","PF02BR54-WHPOM-HY","2025-04-10",0,155,-155,0,0,0,0
"Filter Basket","22.5 (16g)","PSD22.5","2025-04-10",0,30,-30,0,0,0,0
"Hybrid LM, E61 & NS Portafilter","E61 5mm / Black | Gold","PF02MV-BGD-HY","2025-04-10",0,185,-185,0,0,0,0
"Full Moon Wave - Convex Tamper","White | Riga","PSDT-WAVE-WHRiga","2025-04-10",0,155,-155,0,0,0,0
"Full Moon Wave - Convex Tamper","White | Iris","PSDT-WAVE-WHIris","2025-04-10",0,155,-155,0,0,0,0
"Full Moon Wave - Convex Tamper","Black | Gold","PSDT-WAVE-BGD","2025-04-10",0,145,-145,0,0,0,0
"Competition Shower Screen","E61","PSDE61","2025-04-10",0,35,-35,0,0,0,0
"Hybrid Breville 54/58 Portafilter","Breville 58 / White Full POM","PF02BR58-WHPOM-HY","2025-04-10",0,155,-155,0,0,0,0
"Hybrid Breville 54/58 Portafilter","Breville 54 / Black | Riga","PF02BR54BK-Riga-HY","2025-04-10",0,195,-195,0,0,0,0
"Double Spouted Portafilter","Astoria / Raya","PF02ASRaya","2025-04-10",0,160,-160,0,0,0,0
"Hybrid LM, E61 & NS Portafilter","E61 5mm / White | Riga","PF02MVWH-Riga-HY","2025-04-10",0,195,-195,0,0,0,0
"Milk Jug (Round spout)","Default Title","PSDjugWH","2025-04-10",0,54,-54,0,0,0,0
"Pesado He[%] - High Extraction Basket","Pesado He[%] Basket - Medium","PSD-HE-ME","2025-04-10",1,172.81,-85,0,87.81,0,87.81
"Double Spouted Portafilter","La Marzocco / E61 / White | Gold","PF02LM-WGD","2025-04-10",0,150,-150,0,0,0,0
"Naked Portafilter (Hybrid)","E61 5mm / White / Bronze","PF00MV-WBZ-HY","2025-04-10",0,150,-150,0,0,0,0
"Naked Portafilter (Hybrid)","La Marzocco 6mm / White / Riga","PF00LMWH-Riga-HY","2025-04-10",0,160,-160,0,0,0,0
"Hybrid Breville 54/58 Portafilter","Breville 58 / White | Black","PF02BR58-WBK-HY","2025-04-10",0,185,-185,0,0,0,0
"Hybrid Breville 54/58 Portafilter","Breville 54 / White | Iris","PF02BR54WH-Iris-HY","2025-04-10",0,195,-195,0,0,0,0
"Competition Shower Screen","Breville 54mm","PSDBreville","2025-04-10",0,35,-35,0,0,0,0
"Hybrid Portafilter Head/Attachment","E61 5mm","PFH02MV-HY","2025-04-10",0,120,-120,0,0,0,0
"Naked Portafilter (Hybrid)","Breville 54mm / White / Bronze","PF00BR54-WBZ-HY","2025-04-10",0,150,-150,0,0,0,0
"Naked Portafilter (Hybrid)","La Marzocco 6mm / Raya","PF00LMRaya-HY","2025-04-10",0,160,-160,0,0,0,0
"Naked Portafilter (Hybrid)","Breville 54mm / White / Gold","PF00BR54-WGD-HY","2025-04-10",0,150,-150,0,0,0,0
"Double Spouted Portafilter","La Marzocco / E61 / Black | Riga","PF02LMBK-Riga","2025-04-10",0,160,-160,0,0,0,0
"Naked Portafilter Astoria","Astoria / Black / Black","PF00AS-BBK","2025-04-10",0,150,-150,0,0,0,0
"Stand for (WDT) Clump Crusher","Default Title","PSDcrusher-Stand","2025-04-10",0,28.6,-28.6,0,0,0,0
"Hybrid Breville 54/58 Portafilter","Breville 58 / White | Riga","PF02BR58WH-Riga-HY","2025-04-10",0,195,-195,0,0,0,0
"Modular Handle - Tamper","Black / Riga","PSDTHMODBKRIGA","2025-04-10",0,69.99,-69.99,0,0,0,0
"Double Spouted Portafilter","Astoria / White | Gold","PF02AS-WGD","2025-04-10",0,150,-150,0,0,0,0
"Naked Portafilter (Hybrid)","Breville 54mm / White / Black","PF00BR54-WBK-HY","2025-04-10",0,150,-150,0,0,0,0
"Hybrid LM, E61 & NS Portafilter","La Marzocco 6mm / White | Dusk","PF02LM-WDK-HY","2025-04-10",0,195,-195,0,0,0,0
"Naked Portafilter (Hybrid)","Breville 58mm / White / Gold","PF00BR58-WGD-HY","2025-04-10",0,150,-150,0,0,0,0
"Metallic Leva Accents","Bronze","PSDleva-bronze","2025-04-10",0,36,-36,0,0,0,0
"Hybrid LM, E61 & NS Portafilter","Nuova Simonelli / Black | Gold","PF02NS-BGD-HY","2025-04-10",0,185,-185,0,0,0,0
"Pesado Starter Kit","LM La Marzocco 6mm / Black Full POM","02LM-IMS17BKPOM-BUNDLE","2025-04-10",0,140,-140,0,0,0,0
"Hybrid LM, E61 & NS Portafilter","E61 5mm / Black | Black","PF02MV-BBK-HY","2025-04-10",0,185,-185,0,0,0,0
"Pesado EP Filter Basket","EP-Breville54-18g","EP-BR-18g","2025-04-10",0,30,-30,0,0,0,0
"Sunrise Ceramic Set (FREE)","Default Title","FREE-PSD-CeramicSet","2025-04-10",4,0,0,0,0,0,0
"Hybrid LM, E61 & NS Portafilter","La Marzocco 6mm / Black | Iris","PF02LMBK-Iris-HY","2025-04-10",0,195,-195,0,0,0,0
"Double Spouted Portafilter","La Marzocco / E61 / Black | Gold","PF02LM-BGD","2025-04-10",0,150,-150,0,0,0,0
"Naked Portafilter (Hybrid)","La Marzocco 6mm / Black / Bronze","PF00LM-BBZ-HY","2025-04-10",0,150,-150,0,0,0,0
"Naked Portafilter (Hybrid)","Breville 54mm / Black / Bronze","PF00BR54-BBZ-HY","2025-04-10",0,150,-150,0,0,0,0
"Modular Handle - Portafilter","White / Gold","PSDHMODWGD","2025-04-10",0,79.99,-79.99,0,0,0,0
"Naked Portafilter (Hybrid)","Nuova Simonelli / White / Bronze","PF00NS-WBZ-HY","2025-04-10",0,150,-150,0,0,0,0
"Naked Portafilter Astoria","Astoria / Black / Silver","PF00AS-BSL","2025-04-10",0,150,-150,0,0,0,0
"Full Moon Wave - Convex Tamper","White | Black","PSDT-WAVE-WBK","2025-04-10",0,145,-145,0,0,0,0
"Naked Portafilter Astoria","Astoria / Black / Iris","PF00ASBK-Iris","2025-04-10",0,160,-160,0,0,0,0
"Double Spouted Portafilter","Nuova Simonelli / White | Silver","PF02NS-WSL","2025-04-10",0,150,-150,0,0,0,0
"Hybrid LM, E61 & NS Portafilter","Nuova Simonelli / White | Riga","PF02NSWH-Riga-HY","2025-04-10",0,195,-195,0,0,0,0
"Double Spouted Portafilter","Breville 58 / White | Iris","PF02BR58WH-Iris","2025-04-10",0,160,-160,0,0,0,0
"Double Spouted Portafilter","Astoria / Black | Iris","PF02ASBK-Iris","2025-04-10",0,160,-160,0,0,0,0
"Naked Portafilter (Hybrid)","Breville 54mm / White / Riga","PF00BR54WH-Riga-HY","2025-04-10",0,160,-160,0,0,0,0
"Double Spouted Portafilter","Breville 58 / White | Riga","PF02BR58WH-Riga","2025-04-10",0,160,-160,0,0,0,0
"Full Moon Wave - Convex Tamper","White | Bronze","PSDT-WAVE-WBZ","2025-04-10",0,145,-145,0,0,0,0
"Pesado Naked Portafilter Head (HYBRID)","NS","PFH00NS-HY","2025-04-10",0,95,-95,0,0,0,0
"Double Spouted Portafilter","Astoria / White | Riga","PF02ASWH-Riga","2025-04-10",0,160,-160,0,0,0,0
"Naked Portafilter Astoria","Astoria / White / Dusk","PF00AS-WDK","2025-04-10",0,150,-150,0,0,0,0
"Prescision Bundle - LM & E61","La Marzocco 6mm","PRE_SET","2025-04-10",0,270,-270,0,0,0,0
"Full Moon Wave - Convex Tamper","Black | Bronze","PSDT-WAVE-BBZ","2025-04-10",0,145,-145,0,0,0,0
"Double Spouted Portafilter","Astoria / Black | Bronze","PF02AS-BBZ","2025-04-10",0,150,-150,0,0,0,0
"PESADO HD - High Diffusion Shower Screen","E61 - HD Shower Screen","PSD-HD-E61","2025-04-10",2,354.08,-95,-86.36,172.72,17.28,190
"Modular Handle - Portafilter","Black / Riga","PSDHMODBKRIGA","2025-04-10",0,79.99,-79.99,0,0,0,0
"Hybrid LM, E61 & NS Portafilter","E61 5mm / Raya","PF02MVRaya-HY","2025-04-10",0,195,-195,0,0,0,0
"Hybrid LM, E61 & NS Portafilter","Nuova Simonelli / Black | Bronze","PF02NS-BBZ-HY","2025-04-10",0,185,-185,0,0,0,0
"Hybrid Breville 54/58 Portafilter","Breville 54 / Black | Iris","PF02BR54BK-Iris-HY","2025-04-10",0,195,-195,0,0,0,0
"Double Spouted Portafilter","Breville 58 / Black | Gold","PF02BR58-BGD","2025-04-10",0,150,-150,0,0,0,0
"Modular Handle - Portafilter","Black / Silver","PSDHMODBSL","2025-04-10",0,79.99,-79.99,0,0,0,0
"Naked Portafilter (Hybrid)","Breville 58mm / Black / Gold","PF00BR58-BGD-HY","2025-04-10",0,150,-150,0,0,0,0
"Hybrid LM, E61 & NS Portafilter","Nuova Simonelli / White | Gold","PF02NS-WGD-HY","2025-04-10",0,185,-185,0,0,0,0
"Metallic Leva Accents","Silver","PSDleva-silver","2025-04-10",0,36,-36,0,0,0,0
"Naked Portafilter (Hybrid)","Breville 58mm / Raya","PF00BR58Raya-HY","2025-04-10",0,160,-160,0,0,0,0
"Double Spouted Portafilter","Astoria / Black Full POM","PF02AS-FullPOM","2025-04-10",0,110,-110,0,0,0,0
"Naked Portafilter (Hybrid)","La Marzocco 6mm / Black / Riga","PF00LMBK-Riga-HY","2025-04-10",0,160,-160,0,0,0,0
"Naked Portafilter (Hybrid)","La Marzocco 6mm / White Full POM","PF00LM-WHPOM-HY","2025-04-10",0,110,-110,0,0,0,0
"Modular Handle - Tamper","White / Silver","PSDTHMODWSL","2025-04-10",0,69.99,-69.99,0,0,0,0
"Hybrid Breville 54/58 Portafilter","Breville 58 / Black | Black","PF02BR58-BBK-HY","2025-04-10",0,185,-185,0,0,0,0
"Naked Portafilter (Hybrid)","Breville 54mm / Black / Gold","PF00BR54-BGD-HY","2025-04-10",0,150,-150,0,0,0,0
"Pesado Black Ripple Set","58mm Dosing Cup","PSDdosingCup-BK","2025-04-10",0,35,-35,0,0,0,0
"Double Spouted Portafilter","Breville 54 / White | Gold","PF02BR54-WGD","2025-04-10",0,150,-150,0,0,0,0
"Modular Handle - Tamper","White / Riga","PSDTHMODWHRIGA","2025-04-10",0,69.99,-69.99,0,0,0,0
"Double Spouted Portafilter","Nuova Simonelli / Black Full POM","PF02NS-FullPOM","2025-04-10",0,110,-110,0,0,0,0
"Hybrid Breville 54/58 Portafilter","Breville 58 / Black | Riga","PF02BR58BK-Riga-HY","2025-04-10",0,195,-195,0,0,0,0
"Naked Portafilter (Hybrid)","Breville 54mm / White / Iris","PF00BR54WH-Iris-HY","2025-04-10",0,160,-160,0,0,0,0
"Double Spouted Portafilter","La Marzocco / E61 / Black | Silver","PF02LM-BSL","2025-04-10",0,150,-150,0,0,0,0
"Hybrid Breville 54/58 Portafilter","Breville 58 / White | Bronze","PF02BR58-WBZ-HY","2025-04-10",0,185,-185,0,0,0,0
"Hybrid Breville 54/58 Portafilter","Breville 58 / White | Iris","PF02BR58WH-Iris-HY","2025-04-10",0,195,-195,0,0,0,0
"Double Spouted Portafilter","Astoria / Black | Haze","PF02AS-BHZ","2025-04-10",0,150,-150,0,0,0,0
"Hybrid LM, E61 & NS Portafilter","La Marzocco 6mm / Black | Bronze","PF02LM-BBZ-HY","2025-04-10",0,185,-185,0,0,0,0
"Hybrid Breville 54/58 Portafilter","Breville 54 / White | Riga","PF02BR54WH-Riga-HY","2025-04-10",0,195,-195,0,0,0,0
"Pesado Spouted Portafilter Head","Breville 58mm","PFHBR58","2025-04-10",0,95,-95,0,0,0,0
"Hybrid Breville 54/58 Portafilter","Breville 54 / White | Bronze","PF02BR54-WBZ-HY","2025-04-10",0,185,-185,0,0,0,0
"Hybrid LM, E61 & NS Portafilter","E61 5mm / Black Full POM","PF02MV-FullPOM-HY","2025-04-10",0,155,-155,0,0,0,0
"Naked Portafilter (Hybrid)","Breville 54mm / White Full POM","PF00BR54-WHPOM-HY","2025-04-10",0,110,-110,0,0,0,0
"Modular Handle - Portafilter","White / Iris","PSDHMODWHIRIS","2025-04-10",0,79.99,-79.99,0,0,0,0
"Double Spouted Portafilter","Nuova Simonelli / Raya","PF02NSRaya","2025-04-10",0,160,-160,0,0,0,0
"Naked Portafilter (Hybrid)","Nuova Simonelli / Black / Iris","PF00NSBK-Iris-HY","2025-04-10",0,160,-160,0,0,0,0
"Magnetic Dosing Ring","58mm Dosing Ring","V2-PSDring-58mm","2025-04-10",0,33.5,-33.5,0,0,0,0
"Pesado Naked Portafilter Head (HYBRID)","Breville 54mm","PFH00BR54-HY","2025-04-10",0,95,-95,0,0,0,0
"Hybrid Breville 54/58 Portafilter","Breville 54 / Black | Dusk","PF02BR54-BDK-HY","2025-04-10",0,195,-195,0,0,0,0
"Double Spouted Portafilter","Astoria / White Full POM","","2025-04-10",0,110,-110,0,0,0,0
"Pesado Black Ripple Set","Black Ripple Set","PSDBlackRippleSet","2025-04-10",0,89,-89,0,0,0,0
"Hybrid Breville 54/58 Portafilter","Breville 58 / Black Full POM","PF02BR58-FullPOM-HY","2025-04-10",0,155,-155,0,0,0,0
"Puck Diffuser Screen","54mm","PSD-puck-54","2025-04-10",0,27.5,-27.5,0,0,0,0
"Dusk & Haze Clump Crusher (WDT tool)","Dusk","PSDcrusher-Dusk","2025-04-10",0,44,-44,0,0,0,0
"Double Spouted Portafilter","Breville 54 / White | Black","PF02BR54-WBK","2025-04-10",0,150,-150,0,0,0,0
"Double Spouted Portafilter","La Marzocco / E61 / White | Riga","PF02LMWH-Riga","2025-04-10",0,160,-160,0,0,0,0
"Hybrid LM, E61 & NS Portafilter","E61 5mm / Black | Haze","PF02MV-BHZ-HY","2025-04-10",0,195,-195,0,0,0,0
"Naked Portafilter (Hybrid)","Breville 58mm / Black / Riga","PF00BR58BK-Riga-HY","2025-04-10",0,160,-160,0,0,0,0
"Full Moon Wave - Convex Tamper","Black | Black","PSDT-WAVE-BBK","2025-04-10",0,145,-145,0,0,0,0
"Naked Portafilter (Hybrid)","E61 5mm / Black / Riga","PF00MVBK-Riga-HY","2025-04-10",0,160,-160,0,0,0,0
"Double Spouted Portafilter","Nuova Simonelli / White | Gold","PF02NS-WGD","2025-04-10",0,150,-150,0,0,0,0
"Hybrid Portafilter Head/Attachment","LM 6mm Hybrid","PFH02LM-HY","2025-04-10",0,120,-120,0,0,0,0
"Hybrid LM, E61 & NS Portafilter","E61 5mm / Black | Bronze","PF02MV-BBZ-HY","2025-04-10",0,185,-185,0,0,0,0
"Double Spouted Portafilter","Breville 54 / White | Dusk","PF02BR54-WDK","2025-04-10",0,150,-150,0,0,0,0
"Naked Portafilter Astoria","Astoria / Black / Bronze","PF00AS-BBZ","2025-04-10",0,150,-150,0,0,0,0
"Hybrid Breville 54/58 Portafilter","Breville 58 / Black | Gold","PF02BR58-BGD-HY","2025-04-10",0,185,-185,0,0,0,0
"Naked Portafilter (Hybrid)","Nuova Simonelli / Raya","PF00NSRaya-HY","2025-04-10",0,160,-160,0,0,0,0
"Double Spouted Portafilter","Breville 58 / Black | Dusk","PF02BR58-BDK","2025-04-10",0,150,-150,0,0,0,0
"Naked Portafilter Astoria","Astoria / Black Full POM","PF00AS-FullPOM","2025-04-10",0,110,-110,0,0,0,0
"Metallic Leva Accents","Gold","PSDleva-gold","2025-04-10",0,36,-36,0,0,0,0
"Hybrid LM, E61 & NS Portafilter","La Marzocco 6mm / Raya","PF02LMRaya-HY","2025-04-10",0,195,-195,0,0,0,0
"Hybrid Breville 54/58 Portafilter","Breville 58 / Black | Haze","PF02BR58-BHZ-HY","2025-04-10",0,195,-195,0,0,0,0
"Hybrid LM, E61 & NS Portafilter","Nuova Simonelli / White | Iris","PF02NSWH-Iris-HY","2025-04-10",0,195,-195,0,0,0,0
"Naked Portafilter (Hybrid)","Breville 54mm / Black Full POM","PF00BR54-FullPOM-HY","2025-04-10",0,110,-110,0,0,0,0
"Metallic Clump Crusher (WDT tool)","Gold","PSDcrusher-Gold","2025-04-10",0,44,-44,0,0,0,0
"Double Spouted Portafilter","La Marzocco / E61 / White | Bronze","PF02LM-WBZ","2025-04-10",0,150,-150,0,0,0,0
"Hybrid LM, E61 & NS Portafilter","La Marzocco 6mm / White | Black","PF02LM-WBK-HY","2025-04-10",0,185,-185,0,0,0,0
"Naked Portafilter (Hybrid)","Breville 58mm / Black / Iris","PF00BR58BK-Iris-HY","2025-04-10",0,160,-160,0,0,0,0
"Double Spouted Portafilter","La Marzocco / E61 / White | Black","PF02LM-WBK","2025-04-10",0,150,-150,0,0,0,0
"Double Spouted Portafilter","Astoria / White | Dusk","PF02AS-WDK","2025-04-10",0,150,-150,0,0,0,0
"Full Moon Wave - Convex Tamper","Black | Iris","PSDT-WAVE-BKIris","2025-04-10",0,155,-155,0,0,0,0
"Naked Portafilter (Hybrid)","Nuova Simonelli / Black / Bronze","PF00NS-BBZ-HY","2025-04-10",0,150,-150,0,0,0,0
"Metallic Clump Crusher (WDT tool)","Black V2","V2-PSDcrusher-Black","2025-04-10",0,44,-44,0,0,0,0
"Hybrid LM, E61 & NS Portafilter","E61 5mm / White | Haze","PF02MV-WHZ-HY","2025-04-10",0,195,-195,0,0,0,0
"Competition Shower Screen","La Marzocco","PSDLM","2025-04-10",0,35,-35,0,0,0,0
"Naked Portafilter (Hybrid)","La Marzocco 6mm / White / Bronze","PF00LM-WBZ-HY","2025-04-10",0,150,-150,0,0,0,0
"Full Moon Wave - Convex Tamper","Black | Riga","PSDT-WAVE-BKRiga","2025-04-10",0,155,-155,0,0,0,0
"Hybrid Breville 54/58 Portafilter","Breville 54 / White | Black","PF02BR54-WBK-HY","2025-04-10",0,185,-185,0,0,0,0
"Double Spouted Portafilter","Breville 54 / Raya","PF02BR54-Raya","2025-04-10",0,160,-160,0,0,0,0
"Naked Portafilter (Hybrid)","Breville 54mm / White / Silver","PF00BR54-WSL-HY","2025-04-10",0,150,-150,0,0,0,0
"Naked Portafilter Astoria","Astoria / Black / Dusk","PF00AS-BDK","2025-04-10",0,150,-150,0,0,0,0
"Naked Portafilter (Hybrid)","La Marzocco 6mm / Black / Black","PF00LM-BBK-HY","2025-04-10",0,150,-150,0,0,0,0
"Hybrid LM, E61 & NS Portafilter","Nuova Simonelli / Black Full POM","PF02NS-FullPOM-HY","2025-04-10",0,155,-155,0,0,0,0
"El Rocio Manus S Espresso Machine","White","MANUSWH","2025-04-10",0,2100,-2100,0,0,0,0
"Pesado He[%] - High Extraction Basket","Pesado He[%] Basket - Large","PSD-HE-LG","2025-04-10",1,172.81,-85,0,87.81,0,87.81
"Pesado Starter Kit","LM La Marzocco 6mm / White Full POM","02LM-IMS17WHPOM-BUNDLE","2025-04-10",0,140,-140,0,0,0,0
"Naked Portafilter (Hybrid)","Breville 58mm / White / Black","PF00BR58-WBK-HY","2025-04-10",0,150,-150,0,0,0,0
"Hybrid LM, E61 & NS Portafilter","La Marzocco 6mm / Black | Riga","PF02LMBK-Riga-HY","2025-04-10",0,195,-195,0,0,0,0
"Double Spouted Portafilter","Astoria / White | Black","PF02AS-WBK","2025-04-10",0,150,-150,0,0,0,0
"Precision Distribution Bundle","Default Title","Prec_Dist_Bundle","2025-04-10",0,226.1,-226.1,0,0,0,0
"Breville 58mm Spouted Portafilter Bundle","Breville 58mm Double Spouted White Silver","02BR58WSL-IMS17-BUNDLE","2025-04-10",0,150,-150,0,0,0,0
"Modular Handle - Tamper","Black / Bronze","PSDTHMODBBZ","2025-04-10",0,69.99,-69.99,0,0,0,0
"Depth Adjuster","Default Title","PSdepth","2025-04-10",0,51,-51,0,0,0,0
"Double Spouted Portafilter","La Marzocco / E61 / Black | Haze","PF02LM-BHZ","2025-04-10",0,150,-150,0,0,0,0
"Naked Portafilter Astoria","Astoria / Raya","PF00AS-Raya","2025-04-10",0,160,-160,0,0,0,0
"Double Spouted Portafilter","La Marzocco / E61 / Black | Dusk","PF02LM-BDK","2025-04-10",0,150,-150,0,0,0,0
"Hybrid Breville 54/58 Portafilter","Breville 54 / White | Silver","PF02BR54-WSL-HY","2025-04-10",0,185,-185,0,0,0,0
"Naked Portafilter (Hybrid)","Nuova Simonelli / White / Riga","PF00NSWH-Riga-HY","2025-04-10",0,160,-160,0,0,0,0
"Double Spouted Portafilter","Breville 54 / Black | Haze","PF02BR54-BHZ","2025-04-10",0,150,-150,0,0,0,0
"El Rocio Manus S Espresso Machine","Black","MANUSBK","2025-04-10",0,2100,-2100,0,0,0,0
"Naked Portafilter (Hybrid)","La Marzocco 6mm / White / Gold","PF00LM-WGD-HY","2025-04-10",0,150,-150,0,0,0,0
"Naked Portafilter (Hybrid)","E61 5mm / Black / Dusk","PF00MV-BDK-HY","2025-04-10",0,150,-150,0,0,0,0
"Double Spouted Portafilter","Breville 58 / White | Haze","PF02BR58-WHZ","2025-04-10",0,150,-150,0,0,0,0
"Hybrid Breville 54/58 Portafilter","Breville 58 / White | Silver","PF02BR58-WSL-HY","2025-04-10",0,185,-185,0,0,0,0
"Full Moon Wave - Convex Tamper","Raya","PSDT-WAVE-Raya","2025-04-10",0,155,-155,0,0,0,0
"Naked Portafilter (Hybrid)","Breville 58mm / Black / Black","PF00BR58-BBK-HY","2025-04-10",0,150,-150,0,0,0,0
"Competition Shower Screen","51.5mm (fits Breville 58, Cimbali, Astoria)","PSDBreville58 (51.5mm)","2025-04-10",0,35,-35,0,0,0,0
"Full Moon Wave - Convex Tamper","Black | Silver","PSDT-WAVE-BSL","2025-04-10",0,145,-145,0,0,0,0
"Stand for (WDT) Clump Crusher 2.0","Default Title","V2-PSDcrusher-Stand","2025-04-10",0,28.6,-28.6,0,0,0,0
"Double Spouted Portafilter","Nuova Simonelli / Black | Gold","PF02NS-BGD","2025-04-10",0,150,-150,0,0,0,0
"Full Moon Wave - Convex Tamper","White | Silver","PSDT-WAVE-WSL","2025-04-10",0,145,-145,0,0,0,0
"Double Spouted Portafilter","Nuova Simonelli / White | Black","PF02NS-WBK","2025-04-10",0,150,-150,0,0,0,0
"Precision Dosing Bundle","Default Title","Prec_Dosing_Bundle","2025-04-10",0,188.5,-188.5,0,0,0,0
"Pesado He[%] Breville 54mm - High Extraction Basket","Default Title","PSD-HE-54","2025-04-10",4,414.34,-85,0,329.34,15.46,344.8
"Hybrid LM, E61 & NS Portafilter","E61 5mm / White | Black","PF02MV-WBK-HY","2025-04-10",0,185,-185,0,0,0,0
"Naked Portafilter (Hybrid)","E61 5mm / White / Iris","PF00MVWH-Iris-HY","2025-04-10",0,160,-160,0,0,0,0
"Double Spouted Portafilter","La Marzocco / E61 / Raya","PF02LMRaya","2025-04-10",0,160,-160,0,0,0,0
"Hybrid LM, E61 & NS Portafilter","E61 5mm / White | Bronze","PF02MV-WBZ-HY","2025-04-10",0,185,-185,0,0,0,0
"Full Moon Wave - Convex Tamper","Full Moow Wave Base Only","PSDTbase-Convex","2025-04-10",0,100,-100,0,0,0,0
"Hybrid LM, E61 & NS Portafilter","La Marzocco 6mm / White | Iris","PF02LMWH-Iris-HY","2025-04-10",0,195,-195,0,0,0,0
"Naked Portafilter (Hybrid)","Breville 58mm / Black / Silver","PF00BR58-BSL-HY","2025-04-10",0,150,-150,0,0,0,0
"Pesado He[%] - High Extraction Basket","Pesado He[%] Basket - Small","PSD-HE-SM","2025-04-10",0,85,-85,0,0,0,0
"Double Spouted Portafilter","Nuova Simonelli / White Full POM","PF02NS-WHPOM","2025-04-10",0,110,-110,0,0,0,0
"Pesado Single Dose Bean Cellar (4 pack) + Stand","Default Title","PSD-Beanstand-combo","2025-04-10",1,219.54,-125.45,0,94.09,9.41,103.5
"Naked Portafilter (Hybrid)","Breville 58mm / Black / Dusk","PF00BR58-BDK-HY","2025-04-10",0,150,-150,0,0,0,0
"Double Spouted Portafilter","Breville 54 / White | Silver","PF02BR54-WSL","2025-04-10",0,150,-150,0,0,0,0
"Hybrid LM, E61 & NS Portafilter","Nuova Simonelli / White Full POM","PF02NS-WHPOM-HY","2025-04-10",0,155,-155,0,0,0,0
"Full Moon Wave - Convex Tamper","Black | Dusk","PSDT-WAVE-BDk","2025-04-10",0,155,-155,0,0,0,0
"Naked Portafilter (Hybrid)","E61 5mm / Black / Haze","PF00MV-BHZ-HY","2025-04-10",0,150,-150,0,0,0,0
"Hybrid LM, E61 & NS Portafilter","La Marzocco 6mm / Black Full POM","PF02LM-FullPOM-HY","2025-04-10",0,155,-155,0,0,0,0
"Naked Portafilter (Hybrid)","Breville 54mm / Black / Dusk","PF00BR54-BDK-HY","2025-04-10",0,150,-150,0,0,0,0
"Double Spouted Portafilter","Breville 58 / White | Silver","PF02BR58-WSL","2025-04-10",0,150,-150,0,0,0,0
"Pesado Naked Portafilter Head (HYBRID)","La Marzocco 6mm","PFH00LM-HY","2025-04-10",0,95,-95,0,0,0,0
"Pesado Spouted Portafilter Head","NS","PFHNS","2025-04-10",0,95,-95,0,0,0,0
"Naked Portafilter (Hybrid)","Nuova Simonelli / Black / Black","PF00NS-BBK-HY","2025-04-10",0,150,-150,0,0,0,0
"Naked Portafilter (Hybrid)","Nuova Simonelli / White / Gold","PF00NS-WGD-HY","2025-04-10",0,150,-150,0,0,0,0
"Modular Handle - Tamper","Black / Haze","PSDTHMODBHZ","2025-04-10",0,69.99,-69.99,0,0,0,0
"Double Spouted Portafilter","Astoria / Black | Dusk","PF02AS-BDK","2025-04-10",0,150,-150,0,0,0,0
"Naked Portafilter (Hybrid)","Breville 54mm / White / Haze","PF00BR54-WHZ-HY","2025-04-10",0,150,-150,0,0,0,0
"Pesado EP Filter Basket","EP-18g","EP-18g","2025-04-10",0,30,-30,0,0,0,0
"Double Spouted Portafilter","Breville 58 / White | Bronze","PF02BR58-WBZ","2025-04-10",0,150,-150,0,0,0,0
"Metallic Clump Crusher (WDT tool)","Silver","PSDcrusher-Silver","2025-04-10",0,44,-44,0,0,0,0
"Naked Portafilter (Hybrid)","E61 5mm / Black Full POM","PF00MV-FullPOM-HY","2025-04-10",0,110,-110,0,0,0,0
"Naked Portafilter (Hybrid)","Nuova Simonelli / Black / Silver","PF00NS-BSL-HY","2025-04-10",0,150,-150,0,0,0,0
"Naked Portafilter (Hybrid)","Breville 58mm / White / Haze","PF00BR58-WHZ-HY","2025-04-10",0,150,-150,0,0,0,0
"Hybrid LM, E61 & NS Portafilter","La Marzocco 6mm / White Full POM","PF02LM-WHPOM-HY","2025-04-10",0,155,-155,0,0,0,0
"Double Spouted Portafilter","Breville 54 / White | Bronze","PF02BR54-WBZ","2025-04-10",0,150,-150,0,0,0,0
"Modular Handle - Tamper","Black / Dusk","PSDTHMODBDK","2025-04-10",0,69.99,-69.99,0,0,0,0
"Naked Portafilter (Hybrid)","La Marzocco 6mm / White / Silver","PF00LM-WSL-HY","2025-04-10",0,150,-150,0,0,0,0
"Hybrid LM, E61 & NS Portafilter","E61 5mm / Black | Dusk","PF02MV-BDK-HY","2025-04-10",0,195,-195,0,0,0,0
"Modular Handle - Portafilter","Black / Black","PSDHMODBBK","2025-04-10",0,79.99,-79.99,0,0,0,0
"Naked Portafilter (Hybrid)","La Marzocco 6mm / Black / Gold","PF00LM-BGD-HY","2025-04-10",0,150,-150,0,0,0,0
"Naked Portafilter (Hybrid)","E61 5mm / White / Dusk","PF00MV-WDK-HY","2025-04-10",0,150,-150,0,0,0,0
"Metallic Leva Accents","Black","V2-PSDleva-black","2025-04-10",0,36,-36,0,0,0,0
"Hybrid Breville 54/58 Portafilter","Breville 54 / White | Haze","PF02BR54-WHZ-HY","2025-04-10",0,195,-195,0,0,0,0
"Modular Handle - Portafilter","Black / Gold","PSDHMODBGD","2025-04-10",0,79.99,-79.99,0,0,0,0
"Hybrid LM, E61 & NS Portafilter","E61 5mm / White Full POM","PF02MV-WHPOM-HY","2025-04-10",0,155,-155,0,0,0,0
"Modular Handle - Tamper","White / Haze","PSDTHMODWHZ","2025-04-10",0,69.99,-69.99,0,0,0,0
"Dosing Cup","58mm / White","PSDdosingCup-WH","2025-04-10",0,35,-35,0,0,0,0
"Double Spouted Portafilter","Nuova Simonelli / Black | Riga","PF02NSBK-Riga","2025-04-10",0,160,-160,0,0,0,0
"Pesado Starter Kit","E61 5mm / Black Full POM","02MV-IMS17BKPOM-BUNDLE","2025-04-10",0,140,-140,0,0,0,0
"Naked Portafilter (Hybrid)","E61 5mm / White / Black","PF00MV-WBK-HY","2025-04-10",0,150,-150,0,0,0,0
"Sunrise Ceramic Set","Default Title","PSD-CeramicSet","2025-04-10",1,30.57,-18.89,0,11.68,0,11.68
"Competition Shower Screen","Nuova Simonelli","PSDNS","2025-04-10",0,35,-35,0,0,0,0
"Naked Portafilter (Hybrid)","La Marzocco 6mm / Black / Silver","PF00LM-BSL-HY","2025-04-10",0,150,-150,0,0,0,0
"Naked Portafilter (Hybrid)","Nuova Simonelli / Black Full POM","PF00NS-FullPOM-HY","2025-04-10",0,110,-110,0,0,0,0
"Naked Portafilter (Hybrid)","Nuova Simonelli / White / Silver","PF00NS-WSL-HY","2025-04-10",0,150,-150,0,0,0,0
"Hybrid LM, E61 & NS Portafilter","La Marzocco 6mm / White | Gold","PF02LM-WGD-HY","2025-04-10",0,185,-185,0,0,0,0
"Double Spouted Portafilter","Nuova Simonelli / White | Iris","PF02NSWH-Iris","2025-04-10",0,160,-160,0,0,0,0
"Modular Handle - Tamper","White / Dusk","PSDTHMODWDK","2025-04-10",0,69.99,-69.99,0,0,0,0
"Modular Handle - Portafilter","White / Silver","PSDHMODWSL","2025-04-10",0,79.99,-79.99,0,0,0,0
"Dusk & Haze Leva Accents","Haze","PSDleva-haze","2025-04-10",0,36,-36,0,0,0,0
"Full Moon Wave - Convex Tamper","White | Gold","PSDT-WAVE-WGD","2025-04-10",0,145,-145,0,0,0,0
"Clump Crusher (WDT tool)","Raya","PSDcrusherRAYA","2025-04-10",0,44,-44,0,0,0,0
"Pesado EP Filter Basket","EP-Breville54-20g","EP-BR-20g","2025-04-10",0,30,-30,0,0,0,0
"Naked Portafilter (Hybrid)","Breville 58mm / White / Bronze","PF00BR58-WBZ-HY","2025-04-10",0,150,-150,0,0,0,0
"Hybrid Portafilter Head/Attachment","NS Hybrid","PFH02NS-HY","2025-04-10",0,120,-120,0,0,0,0
"Competition Shower Screen","KB90 (LM)","PSDLMKB90","2025-04-10",0,35,-35,0,0,0,0
"Double Spouted Portafilter","La Marzocco / E61 / White | Iris","PF02LMWH-Iris","2025-04-10",0,160,-160,0,0,0,0
"Modular Handle - Tamper","Black / Iris","PSDTHMODBKIRIS","2025-04-10",0,69.99,-69.99,0,0,0,0
"Naked Portafilter (Hybrid)","E61 5mm / Raya","PF00MVRaya-HY","2025-04-10",0,160,-160,0,0,0,0
"Hybrid LM, E61 & NS Portafilter","E61 5mm / White | Dusk","PF02MV-WDK-HY","2025-04-10",0,195,-195,0,0,0,0
"Full Moon Wave - Convex Tamper","White | Haze","PSDT-WAVE-WHz","2025-04-10",0,155,-155,0,0,0,0
"Double Spouted Portafilter","Astoria / White | Bronze","PF02AS-WBZ","2025-04-10",0,150,-150,0,0,0,0
"Naked Portafilter (Hybrid)","E61 5mm / White / Haze","PF00MV-WHZ-HY","2025-04-10",0,150,-150,0,0,0,0
"Double Spouted Portafilter","Astoria / White | Haze","PF02AS-WHZ","2025-04-10",0,150,-150,0,0,0,0
"Shipping Protection","Default Title","UpCart","2025-04-10",2,8.11,-2.5,0,5.61,0.23,5.84
"Double Spouted Portafilter","Nuova Simonelli / Black | Silver","PF02NS-BSL","2025-04-10",0,150,-150,0,0,0,0
"Barista Bag","Default Title","PSD-bag","2025-04-10",0,180,-180,0,0,0,0
"Hybrid LM, E61 & NS Portafilter","La Marzocco 6mm / White | Riga","PF02LMWH-Riga-HY","2025-04-10",0,195,-195,0,0,0,0
"Hybrid LM, E61 & NS Portafilter","Nuova Simonelli / White | Bronze","PF02NS-WBZ-HY","2025-04-10",0,185,-185,0,0,0,0
"Naked Portafilter (Hybrid)","La Marzocco 6mm / White / Iris","PF00LMWH-Iris-HY","2025-04-10",0,160,-160,0,0,0,0
"Double Spouted Portafilter","Breville 58 / White | Black","PF02BR58-WBK","2025-04-10",0,150,-150,0,0,0,0
"Hybrid Breville 54/58 Portafilter","Breville 58 / White | Dusk","PF02BR58-WDK-HY","2025-04-10",0,195,-195,0,0,0,0
"Puck Diffuser Screen","58mm","PSD-puck","2025-04-10",2,77.5,-27.5,0,50,5,55
"Naked Portafilter (Hybrid)","Nuova Simonelli / Black / Gold","PF00NS-BGD-HY","2025-04-10",0,150,-150,0,0,0,0
"Hybrid LM, E61 & NS Portafilter","La Marzocco 6mm / Black | Black","PF02LM-BBK-HY","2025-04-10",0,185,-185,0,0,0,0
"Hybrid LM, E61 & NS Portafilter","Nuova Simonelli / Raya","PF02NSRaya-HY","2025-04-10",0,195,-195,0,0,0,0
"Hybrid LM, E61 & NS Portafilter","La Marzocco 6mm / White | Bronze","PF02LM-WBZ-HY","2025-04-10",0,185,-185,0,0,0,0
"Pesado Puck Screen Stand","Default Title","PSD-PuckHolder","2025-04-10",1,57.27,-30,0,27.27,2.73,30
"Hybrid Breville 54/58 Portafilter","Breville 54 / White | Gold","PF02BR54-WGD-HY","2025-04-10",0,185,-185,0,0,0,0
"Double Spouted Portafilter","Breville 58 / Black | Iris","PF02BR58BK-Iris","2025-04-10",0,160,-160,0,0,0,0
"Distribution Bundle","54mm Distribution Bundle","DISTR_B_54mm","2025-04-10",0,222.6,-222.6,0,0,0,0
"Naked Portafilter Astoria","Astoria / White / Iris","PF00ASWH-Iris","2025-04-10",0,160,-160,0,0,0,0
"Pesado EP Filter Basket","EP-20g","EP-20g","2025-04-10",1,57.27,-32.72,0,24.55,2.45,27
"Hybrid LM, E61 & NS Portafilter","La Marzocco 6mm / Black | Gold","PF02LM-BGD-HY","2025-04-10",0,185,-185,0,0,0,0
"Modular Handle - Portafilter","White / Full POM","WH-PSDHFullPOM","2025-04-10",0,69.99,-69.99,0,0,0,0
"Crusher Pin","Replaceable WDT pin system (0.3mm)","PSD-PinUP","2025-04-10",0,25,-25,0,0,0,0
"Hybrid LM, E61 & NS Portafilter","Nuova Simonelli / Black | Iris","PF02NSBK-Iris-HY","2025-04-10",0,195,-195,0,0,0,0
"Double Spouted Portafilter","Breville 58 / Black | Riga","PF02BR58BK-Riga","2025-04-10",0,160,-160,0,0,0,0
"Pesado Starter Kit","Breville 58mm / Black Full POM","02BR58-IMS17-BUNDLE","2025-04-10",0,140,-140,0,0,0,0
"Magnetic Dosing Ring","54mm Dosing Ring","V2-PSDring-54mm","2025-04-11",1,30.45,-3.04,0,27.41,2.74,30.15
"Pesado He[%] - High Extraction Basket","Pesado He[%] Basket - Medium","PSD-HE-ME","2025-04-11",2,164.3,-7.72,0,156.58,6.95,163.53
"Gravity Distributor Stand","Default Title","PSD-T-filter","2025-04-11",1,13.64,0,0,13.64,1.36,15
"Modular Handle - Portafilter","Black / Dusk","PSDHMODBDK","2025-04-11",1,79.99,-79.99,0,0,0,0
"Impact Gravity Distributor - 58.4mm","Default Title","V2-PSD-distributor","2025-04-11",1,150,0,0,150,15,165
"Dosing Cup","54mm / Black","PSDdosingCup-BK-54","2025-04-11",1,31.82,-3.18,0,28.64,2.86,31.5
"PESADO HD - High Diffusion Shower Screen","LM - HD Shower Screen","PSD-HD-LM","2025-04-11",2,160,-8,0,152,15.2,167.2
"Milk Jug (Sharp spout)","Default Title","PSDjug","2025-04-11",1,56.87,0,0,56.87,0,56.87
"Sunrise Ceramic Set","Default Title","PSD-CeramicSet","2025-04-11",1,15,-15,0,0,0,0
"Stand for (WDT) Clump Crusher 2.0","Default Title","V2-PSDcrusher-Stand","2025-04-11",3,78,0,0,78,7.8,85.8
"Hybrid LM, E61 & NS Portafilter","E61 5mm / Black Full POM","PF02MV-FullPOM-HY","2025-04-11",1,140.9,-21.13,0,119.77,11.98,131.75
"Pesado He[%] Breville 54mm - High Extraction Basket","Default Title","PSD-HE-54","2025-04-11",1,154.54,-7.72,-87.09,59.73,14.68,74.41
"PESADO HD - High Diffusion Shower Screen","E61 - HD Shower Screen","PSD-HD-E61","2025-04-11",8,822.03,-27.27,-97.01,697.75,41.03,738.78
"Pesado EP Filter Basket","EP-18g","EP-18g","2025-04-11",2,54.55,0,0,54.55,5.45,60
"Hybrid LM, E61 & NS Portafilter","E61 5mm / Black | Bronze","PF02MV-BBZ-HY","2025-04-11",1,168.18,0,0,168.18,16.82,185
"Depth Adjuster","Default Title","PSdepth","2025-04-11",1,46.36,0,0,46.36,4.64,51
"Sunrise Ceramic Set (FREE)","Default Title","FREE-PSD-CeramicSet","2025-04-11",2,0,0,0,0,0,0
"Metallic Clump Crusher (WDT tool)","Silver","PSDcrusher-Silver","2025-04-11",1,40,0,0,40,4,44
"Pesado He[%] - High Extraction Basket","Pesado He[%] Basket - Small","PSD-HE-SM","2025-04-12",1,77.27,-7.72,0,69.55,6.95,76.5
"Pesado EP Filter Basket","EP-18g","EP-18g","2025-04-12",1,27.27,0,0,27.27,2.73,30
"PESADO HD - High Diffusion Shower Screen","E61 - HD Shower Screen","PSD-HD-E61","2025-04-12",11,960.55,-8.63,0,951.92,85.53,1037.45
"Sunrise Ceramic Set","Default Title","PSD-CeramicSet","2025-04-12",3,40.91,0,0,40.91,4.09,45
"Shipping Protection","Default Title","UpCart","2025-04-12",1,2.27,0,0,2.27,0.23,2.5
"Sunrise Ceramic Set (FREE)","Default Title","FREE-PSD-CeramicSet","2025-04-12",2,0,0,0,0,0,0
"Puck Diffuser Screen","58mm","PSD-puck","2025-04-12",2,53.13,-2.8,0,50.33,2.5,52.83
"Pesado He[%] - High Extraction Basket","Pesado He[%] Basket - Large","PSD-HE-LG","2025-04-12",1,77.27,-7.72,0,69.55,6.95,76.5
"Dosing Bundle","Default Title","DOSING_B","2025-04-12",1,62.27,0,0,62.27,6.23,68.5
"Hybrid LM, E61 & NS Portafilter","E61 5mm / White | Gold","PF02MV-WGD-HY","2025-04-12",1,168.18,0,0,168.18,16.82,185
"Pesado He[%] - High Extraction Basket","Pesado He[%] Basket - X-Large","PSD-HE-XL","2025-04-12",1,77.27,-7.72,0,69.55,6.95,76.5
"Magnetic Dosing Ring","54mm Dosing Ring","V2-PSDring-54mm","2025-04-12",1,30.45,0,0,30.45,3.05,33.5
"Pesado He[%] - High Extraction Basket","Pesado He[%] Basket - Medium","PSD-HE-ME","2025-04-12",2,164.26,-8.67,0,155.59,7.73,163.32
"Modular Handle - Tamper","Black / Riga","PSDTHMODBKRIGA","2025-04-12",1,63.63,0,0,63.63,6.36,69.99
"PESADO HD - High Diffusion Shower Screen","LM - HD Shower Screen","PSD-HD-LM","2025-04-12",4,330.02,-8,0,322.02,23.2,345.22
"Double Spouted Portafilter","Breville 54 / Black Full POM","PF02BR54-FullPOM","2025-04-12",1,110,0,0,110,0,110
"Puck Screen Holder Bundle","Puck Screen Holder + 58mm Puck Diffuser Screen","PSD-PuckHolderBundle-58","2025-04-12",1,52.27,0,0,52.27,5.23,57.5
"Clump Crusher (WDT tool)","Riga","PSDcrusherRIGA","2025-04-12",1,40,0,0,40,4,44
"Hybrid LM, E61 & NS Portafilter","E61 5mm / Black | Riga","PF02MVBK-Riga-HY","2025-04-12",1,177.27,-17.72,0,159.55,15.95,175.5
"Wooden Leva Accents","Riga","PSDleva-Riga","2025-04-12",2,65.45,0,0,65.45,6.55,72
"Modular Handle - Portafilter","White / Iris","PSDHMODWHIRIS","2025-04-13",1,81.97,0,0,81.97,0,81.97
"Competition Shower Screen","La Marzocco","PSDLM","2025-04-13",1,31.82,0,0,31.82,3.18,35
"Pesado He[%] - High Extraction Basket","Pesado He[%] Basket - Large","PSD-HE-LG","2025-04-13",5,395.87,-24.07,0,371.8,29.36,401.16
"PESADO HD - High Diffusion Shower Screen","E61 - HD Shower Screen","PSD-HD-E61","2025-04-13",10,907.11,-32.9,0,874.21,50.96,925.17
"Hybrid LM, E61 & NS Portafilter","E61 5mm / Black | Black","PF02MV-BBK-HY","2025-04-13",1,189.58,0,0,189.58,0,189.58
"Sunrise Ceramic Set (FREE)","Default Title","FREE-PSD-CeramicSet","2025-04-13",9,0,0,0,0,0,0
"Full Moon Wave - Convex Tamper","Black | Black","PSDT-WAVE-BBK","2025-04-13",1,131.82,0,0,131.82,13.18,145
"Sunrise Ceramic Set","Default Title","PSD-CeramicSet","2025-04-13",3,40.91,0,0,40.91,4.09,45
"Shipping Protection","Default Title","UpCart","2025-04-13",1,2.27,0,0,2.27,0.23,2.5
"Barista Bag","Default Title","PSD-bag","2025-04-13",1,183.72,0,0,183.72,0,183.72
"Naked Portafilter (Hybrid)","E61 5mm / White / Iris","PF00MVWH-Iris-HY","2025-04-13",1,160,0,0,160,0,160
"Pesado Puck Screen Stand","Default Title","PSD-PuckHolder","2025-04-13",1,30.63,0,0,30.63,0,30.63
"Pesado EP Filter Basket","EP-20g","EP-20g","2025-04-13",1,27.27,0,0,27.27,2.73,30
"Puck Diffuser Screen","58mm","PSD-puck","2025-04-13",4,106.14,0,0,106.14,5,111.14
"Stand for (WDT) Clump Crusher 2.0","Default Title","V2-PSDcrusher-Stand","2025-04-13",2,55.48,0,0,55.48,2.6,58.08
"Pesado EP Filter Basket","EP-18g","EP-18g","2025-04-13",2,54.54,0,0,54.54,5.46,60
"Puck Screen Holder Bundle","Puck Screen Holder + 58mm Puck Diffuser Screen","PSD-PuckHolderBundle-58","2025-04-13",1,52.27,0,0,52.27,5.23,57.5
"Impact Gravity Distributor - 58.4mm","Default Title","V2-PSD-distributor","2025-04-13",3,486.92,0,0,486.92,15,501.92
"Prescision Bundle - LM & E61","E61 5mm","PRE_SETMV","2025-04-13",1,275.4,0,0,275.4,0,275.4
"PESADO HD - High Diffusion Shower Screen","LM - HD Shower Screen","PSD-HD-LM","2025-04-13",7,579.68,-8,0,571.68,39.2,610.88
"WDT Pin Pack","Default Title","PSD-removablepins","2025-04-13",5,4.55,0,0,4.55,0.45,5
"Pesado He[%] - High Extraction Basket","Pesado He[%] Basket - X-Large","PSD-HE-XL","2025-04-13",2,154.55,0,0,154.55,15.45,170
"Pesado Naked Portafilter Head (HYBRID)","E61 5mm","PFH00MV-HY","2025-04-13",1,86.36,-8.63,0,77.73,7.77,85.5
"Filter Basket","23.5 (17g)","PSD23.5","2025-04-13",1,27.27,0,0,27.27,2.73,30
"Wooden Leva Accents","Raya","PSDleva-Raya","2025-04-13",1,37.37,0,0,37.37,0,37.37
"Gravity Distributor Stand","Default Title","PSD-T-filter","2025-04-13",1,13.64,0,0,13.64,1.36,15
"Naked Portafilter (Hybrid)","E61 5mm / Black / Black","PF00MV-BBK-HY","2025-04-13",1,150,0,0,150,0,150
"Pesado EP Filter Basket","EP-22g","EP-22g","2025-04-13",1,27.27,0,0,27.27,2.73,30
"Pesado He[%] Breville 54mm - High Extraction Basket","Default Title","PSD-HE-54","2025-04-14",1,87.44,0,0,87.44,0,87.44
"Pesado He[%] - High Extraction Basket","Pesado He[%] Basket - Small","PSD-HE-SM","2025-04-14",1,87.73,0,0,87.73,0,87.73
"Full Moon Wave - Convex Tamper","Full Moow Wave Base Only","PSDTbase-Convex","2025-04-14",1,90.91,0,0,90.91,9.09,100
"Sunrise Ceramic Set","Default Title","PSD-CeramicSet","2025-04-14",1,13.63,-2.04,0,11.59,1.16,12.75
"Shipping Protection","Default Title","UpCart","2025-04-14",1,2.27,0,0,2.27,0.23,2.5
"Sunrise Ceramic Set (FREE)","Default Title","FREE-PSD-CeramicSet","2025-04-14",2,0,0,0,0,0,0
"PESADO HD - High Diffusion Shower Screen","E61 - HD Shower Screen","PSD-HD-E61","2025-04-14",12,1058.66,-9.68,0,1048.98,86.38,1135.36
"Gravity Distributor Stand","Default Title","PSD-T-filter","2025-04-14",1,13.63,-2.04,0,11.59,1.16,12.75
"Pesado He[%] - High Extraction Basket","Pesado He[%] Basket - X-Large","PSD-HE-XL","2025-04-14",1,77.27,-11.59,0,65.68,6.57,72.25
"Breville 58mm Precision Bundle","Default Title","PRE-BR58-SET","2025-04-14",1,245.45,0,0,245.45,24.55,270
"Pesado He[%] - High Extraction Basket","Pesado He[%] Basket - Medium","PSD-HE-ME","2025-04-14",1,87.73,-8.67,0,79.06,0,79.06
"Pesado Naked Portafilter Head (HYBRID)","Breville 58mm","PFH00BR58-HY","2025-04-14",1,95,-95,0,0,0,0
"Hybrid Portafilter Head/Attachment","LM/E61, NS, BR58 Hybrid Attachment Only","PSDHY","2025-04-14",1,31.82,0,0,31.82,3.18,35
"PESADO HD - High Diffusion Shower Screen","LM - HD Shower Screen","PSD-HD-LM","2025-04-14",2,169.78,0,0,169.78,8,177.78
"ALSA by Squeaky Thailand","Default Title","Squeaky-Alsa","2025-04-14",1,90.82,0,0,90.82,9.08,99.9
"Pesado He[%] - High Extraction Basket","Pesado He[%] Basket - Large","PSD-HE-LG","2025-04-15",3,262.41,-26.21,0,236.2,0,236.2
"Sunrise Ceramic Set (FREE)","Default Title","FREE-PSD-CeramicSet","2025-04-15",4,0,0,0,0,0,0
"Milk Jug (Sharp spout)","Default Title","PSDjug","2025-04-15",1,49.09,0,0,49.09,4.91,54
"Clump Crusher (WDT tool)","Raya","PSDcrusherRAYA","2025-04-15",1,40,0,0,40,4,44
"Shipping Protection","Default Title","UpCart","2025-04-15",4,12.19,0,0,12.19,0.46,12.65
"Barista Bag","Default Title","PSD-bag","2025-04-15",0,180,-180,0,0,0,0
"PESADO HD - High Diffusion Shower Screen","E61 - HD Shower Screen","PSD-HD-E61","2025-04-15",16,1415.89,-17.26,0,1398.63,110.58,1509.21
"Pesado He[%] Breville 54mm - High Extraction Basket","Default Title","PSD-HE-54","2025-04-15",0,85,-85,0,0,0,0
"Pesado He[%] - High Extraction Basket","Pesado He[%] Basket - Small","PSD-HE-SM","2025-04-15",1,77.27,-7.72,0,69.55,6.95,76.5
"Puck Screen Holder Bundle","Puck Screen Holder + 58mm Puck Diffuser Screen","PSD-PuckHolderBundle-58","2025-04-15",1,52.27,0,0,52.27,5.23,57.5
"Clump Crusher (WDT tool)","Riga","PSDcrusherRIGA","2025-04-15",1,40,0,0,40,4,44
"Pesado Spouted Portafilter Head","LM/E61","PFHLM","2025-04-15",1,86.36,0,0,86.36,8.64,95
"Double Spouted Portafilter","La Marzocco / E61 / White | Silver","PF02LM-WSL","2025-04-15",1,150,0,0,150,0,150
"PESADO HD - High Diffusion Shower Screen","LM - HD Shower Screen","PSD-HD-LM","2025-04-15",11,913.12,-27.28,0,885.84,64,949.84
"Porta Filter Multi-handles Bundle","54mm","","2025-04-15",0,135.2,-135.2,0,0,0,0
"Pesado He[%] - High Extraction Basket","Pesado He[%] Basket - X-Large","PSD-HE-XL","2025-04-15",1,77.27,-7.72,0,69.55,6.95,76.5
"Porta Filter Multi-handles Bundle","58mm",,"2025-04-15",0,352,-352,0,0,0,0
"Barista Apron","Large","ApronPSDL","2025-04-15",0,105,-105,0,0,0,0
,"",,"2025-04-15",1,27.27,0,0,27.27,2.73,30
"Hybrid Breville 54/58 Portafilter","Breville 54 / White Full POM","PF02BR54-WHPOM-HY","2025-04-15",0,155,-155,0,0,0,0
"Pesado He[%] - High Extraction Basket","Pesado He[%] Basket - Medium","PSD-HE-ME","2025-04-15",1,77.27,-7.72,0,69.55,6.95,76.5
"Stand for (WDT) Clump Crusher","Default Title","PSDcrusher-Stand","2025-04-15",2,52,0,0,52,5.2,57.2
"Clump Crusher (WDT tool)","Iris","PSDcrusherIRIS","2025-04-15",0,44,-44,0,0,0,0
"Single Dose Bean Cellar (4 pack)","Default Title","PSD-beantube","2025-04-15",0,40,-40,0,0,0,0
"Hybrid LM, E61 & NS Portafilter","E61 5mm / Black | Silver","PF02MV-BSL-HY","2025-04-15",1,168.17,-16.81,0,151.36,15.14,166.5
"PESADO HD - High Diffusion Shower Screen","LM - HD Shower Screen","PSD-HD-LM","2025-04-16",4,400,-24,-80,296,29.6,325.6
"WDT Pin Pack","Default Title","PSD-removablepins","2025-04-16",2,1.82,0,0,1.82,0.18,2
"Hybrid LM, E61 & NS Portafilter","E61 5mm / White | Iris","PF02MVWH-Iris-HY","2025-04-16",1,177.27,0,0,177.27,17.73,195
"Maximum Distribution Bundle","Default Title","DistributionBundle","2025-04-16",1,278.27,0,0,278.27,27.83,306.1
"Pesado He[%] - High Extraction Basket","Pesado He[%] Basket - X-Large","PSD-HE-XL","2025-04-16",3,231.81,-7.72,0,224.09,22.41,246.5
"Pesado He[%] - High Extraction Basket","Pesado He[%] Basket - Medium","PSD-HE-ME","2025-04-16",1,77.27,-11.59,0,65.68,6.57,72.25
"Sunrise Ceramic Set (FREE)","Default Title","FREE-PSD-CeramicSet","2025-04-16",2,0,0,0,0,0,0
"Puck Diffuser Screen","58mm","PSD-puck","2025-04-16",5,127.5,-31.25,0,96.25,9.62,105.87
"Magnetic Dosing Ring","58mm Dosing Ring","V2-PSDring-58mm","2025-04-16",1,33.5,-33.5,0,0,0,0
"Pesado He[%] - High Extraction Basket","Pesado He[%] Basket - Large","PSD-HE-LG","2025-04-16",1,77.27,0,0,77.27,7.73,85
"Pesado He[%] Breville 54mm - High Extraction Basket","Default Title","PSD-HE-54","2025-04-16",1,77.27,0,0,77.27,7.73,85
"Naked Portafilter (Hybrid)","E61 5mm / Black Full POM","PF00MV-FullPOM-HY","2025-04-16",1,110,0,0,110,0,110
"Modular Handle - Portafilter","Black / Black","PSDHMODBBK","2025-04-16",1,72.72,-10.9,0,61.82,6.18,68
"PESADO HD - High Diffusion Shower Screen","E61 - HD Shower Screen","PSD-HD-E61","2025-04-16",11,960.63,-30.21,0,930.42,83.35,1013.77
"Shipping Protection","Default Title","UpCart","2025-04-16",1,2.27,0,0,2.27,0.23,2.5
"Pesado Puck Screen Stand","Default Title","PSD-PuckHolder","2025-04-16",1,27.27,0,0,27.27,2.73,30
"Pesado He[%] - High Extraction Basket","Pesado He[%] Basket - X-Large","PSD-HE-XL","2025-04-17",1,77.27,0,0,77.27,7.73,85
"Magnetic Dosing Ring","54mm Dosing Ring","V2-PSDring-54mm","2025-04-17",2,60.9,0,0,60.9,6.1,67
"Filter Basket","22.5 (16g)","PSD22.5","2025-04-17",2,54.55,0,0,54.55,5.45,60
"Pesado He[%] - High Extraction Basket","Pesado He[%] Basket - Medium","PSD-HE-ME","2025-04-17",1,77.27,-11.59,0,65.68,6.57,72.25
"Naked Portafilter (Hybrid)","E61 5mm / Black / Bronze","PF00MV-BBZ-HY","2025-04-17",1,150,-22.5,0,127.5,0,127.5
"PESADO HD - High Diffusion Shower Screen","LM - HD Shower Screen","PSD-HD-LM","2025-04-17",10,980.98,-33.11,-148,799.87,62.8,862.67
"Tamper Base","58mm Base","PSDTBase","2025-04-17",1,63.64,0,0,63.64,6.36,70
"Modular Handle - Portafilter","Black / Black","PSDHMODBBK","2025-04-17",-1,0,0,-61.82,-61.82,-6.18,-68
"Pesado EP Filter Basket","EP-Breville54-20g","EP-BR-20g","2025-04-17",2,54.54,0,0,54.54,5.46,60
"Shipping Protection","Default Title","UpCart","2025-04-17",2,5.76,0,0,5.76,0.23,5.99
"Pesado He[%] Breville 54mm - High Extraction Basket","Default Title","PSD-HE-54","2025-04-17",1,77.27,0,0,77.27,7.73,85
"Pesado He[%] - High Extraction Basket","Pesado He[%] Basket - Small","PSD-HE-SM","2025-04-17",1,77.27,-7.72,0,69.55,6.95,76.5
"Puck Diffuser Screen","58mm","PSD-puck","2025-04-17",2,50,-2.5,0,47.5,4.75,52.25
"PESADO HD - High Diffusion Shower Screen","E61 - HD Shower Screen","PSD-HD-E61","2025-04-17",10,993.27,-120.9,-86.36,786.01,49.24,835.25
"Naked Portafilter (Hybrid)","Breville 54mm / Black Full POM","PF00BR54-FullPOM-HY","2025-04-17",1,110,0,0,110,0,110
"Pesado He[%] - High Extraction Basket","Pesado He[%] Basket - Large","PSD-HE-LG","2025-04-17",2,154.54,0,0,154.54,15.46,170
"Hybrid LM, E61 & NS Portafilter","La Marzocco 6mm / Black | Riga","PF02LMBK-Riga-HY","2025-04-17",1,200.37,-20.03,0,180.34,0,180.34
"Sunrise Ceramic Set (FREE)","Default Title","FREE-PSD-CeramicSet","2025-04-17",4,0,0,0,0,0,0
"Tamper Base","58mm Base Black","BKPSDTBase","2025-04-17",1,63.64,0,0,63.64,6.36,70
"Modular Handle - Portafilter","Black / Riga","PSDHMODBKRIGA","2025-04-17",1,72.72,-10.9,0,61.82,6.18,68
"Hybrid Breville 54/58 Portafilter","Breville 58 / Black | Black","PF02BR58-BBK-HY","2025-04-17",1,168.18,0,0,168.18,16.82,185
"Gravity Distributor Stand","Default Title","PSD-T-filter","2025-04-18",2,27.27,-1.36,0,25.91,2.59,28.5
"Single Dose Bean Cellar (4 pack)","Default Title","PSD-beantube","2025-04-18",3,109.08,-10.9,0,98.18,9.82,108
"Pesado He[%] - High Extraction Basket","Pesado He[%] Basket - X-Large","PSD-HE-XL","2025-04-18",2,154.54,-7.72,0,146.82,14.68,161.5
"Breville 58mm Precision Bundle","Default Title","PRE-BR58-SET","2025-04-18",2,490.9,-73.62,0,417.28,41.72,459
"Pesado He[%] - High Extraction Basket","Pesado He[%] Basket - Medium","PSD-HE-ME","2025-04-18",1,77.27,0,0,77.27,7.73,85
"Hybrid Portafilter Head/Attachment","E61 5mm","PFH02MV-HY","2025-04-18",1,109.09,0,0,109.09,10.91,120
"Breville 58mm Spouted Portafilter Bundle","Breville 58mm Double Spouted Black Silver","02BR58BSL-IMS17-BUNDLE","2025-04-18",1,136.36,-20.45,0,115.91,11.59,127.5
"Pesado x AD Coffee - Self Leveling Spring Tamper","Default Title","PSD-ADcoffee-Tamper","2025-04-18",1,163.63,-16.36,0,147.27,14.73,162
"PESADO HD - High Diffusion Shower Screen","LM - HD Shower Screen","PSD-HD-LM","2025-04-18",7,569.88,0,0,569.88,48,617.88
"Puck Screen Holder Bundle","Puck Screen Holder + 58mm Puck Diffuser Screen","PSD-PuckHolderBundle-58","2025-04-18",3,156.81,-23.5,0,133.31,13.33,146.64
"Hybrid LM, E61 & NS Portafilter","E61 5mm / Black | Riga","PF02MVBK-Riga-HY","2025-04-18",1,177.27,-17.72,0,159.55,15.95,175.5
"Impact Gravity Distributor - 58.4mm","Default Title","V2-PSD-distributor","2025-04-18",2,300,-15,0,285,28.5,313.5
"Pesado Black Ripple Set","Barista Jug Sharp Spout","PSDjug-BK","2025-04-18",1,49.08,-4.9,0,44.18,4.42,48.6
"Pesado He[%] - High Extraction Basket","Pesado He[%] Basket - Small","PSD-HE-SM","2025-04-18",1,86.92,0,0,86.92,0,86.92
"Puck Diffuser Screen","58mm","PSD-puck","2025-04-18",2,53.12,0,0,53.12,2.5,55.62
"Sunrise Ceramic Set","Default Title","PSD-CeramicSet","2025-04-18",1,13.64,0,0,13.64,1.36,15
"Shipping Protection","Default Title","UpCart","2025-04-18",3,6.81,0,0,6.81,0.69,7.5
"Sunrise Ceramic Set (FREE)","Default Title","FREE-PSD-CeramicSet","2025-04-18",7,0,0,0,0,0,0
"Prescision Bundle - LM & E61","La Marzocco 6mm","PRE_SET","2025-04-18",2,490.9,-73.62,0,417.28,41.72,459
"PESADO HD - High Diffusion Shower Screen","E61 - HD Shower Screen","PSD-HD-E61","2025-04-18",11,949.97,-8.63,0,941.34,94.16,1035.5
"Magnetic Dosing Ring","58mm Dosing Ring","V2-PSDring-58mm","2025-04-18",3,91.35,-3.04,0,88.31,8.84,97.15
"Pesado He[%] - High Extraction Basket","Pesado He[%] Basket - Large","PSD-HE-LG","2025-04-18",1,77.27,0,0,77.27,7.73,85
"Puck Screen Holder Bundle","Puck Screen Holder + 58mm Puck Diffuser Screen","PSD-PuckHolderBundle-58","2025-04-19",1,52.27,-7.83,0,44.44,4.44,48.88
"Double Spouted Portafilter","La Marzocco / E61 / White Full POM","PF02LM-WHPOM","2025-04-19",1,113.03,0,0,113.03,0,113.03
"PESADO HD - High Diffusion Shower Screen","LM - HD Shower Screen","PSD-HD-LM","2025-04-19",13,1062.04,-8,0,1054.04,87.2,1141.24
"Modular Handle - Tamper","White / Iris","PSDTHMODWHIRIS","2025-04-19",1,71.49,0,0,71.49,0,71.49
"Pesado He[%] - High Extraction Basket","Pesado He[%] Basket - X-Large","PSD-HE-XL","2025-04-19",1,77.27,-7.72,0,69.55,6.95,76.5
"Hybrid Breville 54/58 Portafilter","Breville 54 / White Full POM","PF02BR54-WHPOM-HY","2025-04-19",1,140.91,0,0,140.91,14.09,155
"Milk Jug (Round spout)","Default Title","PSDjugWH","2025-04-19",1,55.2,0,0,55.2,0,55.2
"Pesado He[%] - High Extraction Basket","Pesado He[%] Basket - Medium","PSD-HE-ME","2025-04-19",3,243.05,-13.28,0,229.77,15.46,245.23
"Dosing Cup","54mm / White","PSDdosingCup-WH-54","2025-04-19",1,31.81,-7.95,0,23.86,2.39,26.25
"Espresso Shot Mirror","Default Title","PSDshot-mirror","2025-04-19",3,115.03,0,0,115.03,7.36,122.39
"Gravity Distributor - 54mm","54 mm","PSD-distributor-54m","2025-04-19",1,153.01,0,0,153.01,0,153.01
"Pesado EP Filter Basket","EP-22g","EP-22g","2025-04-19",1,27.27,0,0,27.27,2.73,30
"Puck Diffuser Screen","54mm","PSD-puck-54","2025-04-19",1,25,0,0,25,2.5,27.5
"Tamper Base","54mm Base","PSDTBR54base","2025-04-19",1,71.49,0,0,71.49,0,71.49
"Puck Diffuser Screen","58mm","PSD-puck","2025-04-19",4,112.42,-4.56,0,107.86,2.5,110.36
"Pesado He[%] - High Extraction Basket","Pesado He[%] Basket - Large","PSD-HE-LG","2025-04-19",1,87.48,0,0,87.48,0,87.48
"Pesado Starter Kit","LM La Marzocco 6mm / Black Full POM","02LM-IMS17BKPOM-BUNDLE","2025-04-19",2,254.54,-38.18,0,216.36,21.64,238
"Sunrise Ceramic Set (FREE)","Default Title","FREE-PSD-CeramicSet","2025-04-19",7,0,0,0,0,0,0
"Sunrise Ceramic Set","Default Title","PSD-CeramicSet","2025-04-19",1,15.77,-3.94,0,11.83,0,11.83
"Shipping Protection","Default Title","UpCart","2025-04-19",4,10.79,-0.41,0,10.38,0.46,10.84
"Pesado EP Filter Basket","EP-20g","EP-20g","2025-04-19",1,30.67,0,0,30.67,0,30.67
"PESADO HD - High Diffusion Shower Screen","E61 - HD Shower Screen","PSD-HD-E61","2025-04-19",5,445.01,-14.94,0,430.07,34.56,464.63
"Pesado He[%] Breville 54mm - High Extraction Basket","Default Title","PSD-HE-54","2025-04-19",2,164.23,0,0,164.23,7.73,171.96
"Naked Portafilter (Hybrid)","Breville 54mm / White / Iris","PF00BR54WH-Iris-HY","2025-04-19",1,163.46,0,0,163.46,0,163.46
"Puck Diffuser Screen","58mm","PSD-puck","2025-04-20",1,25,0,0,25,2.5,27.5
"Sunrise Ceramic Set (FREE)","Default Title","FREE-PSD-CeramicSet","2025-04-20",5,0,0,0,0,0,0
"Pesado He[%] - High Extraction Basket","Pesado He[%] Basket - Large","PSD-HE-LG","2025-04-20",1,77.27,-7.72,0,69.55,6.95,76.5
"Pesado He[%] - High Extraction Basket","Pesado He[%] Basket - Small","PSD-HE-SM","2025-04-20",2,173.5,-26.02,0,147.48,0,147.48
"Pesado EP Filter Basket","EP-18g","EP-18g","2025-04-20",1,27.26,-6.81,0,20.45,2.05,22.5
"Hybrid LM, E61 & NS Portafilter","La Marzocco 6mm / White | Gold","PF02LM-WGD-HY","2025-04-20",1,168.18,0,0,168.18,16.82,185
"Shipping Protection","Default Title","UpCart","2025-04-20",3,8.38,0,0,8.38,0.46,8.84
"Crusher Pin","Replaceable WDT pin system (0.3mm)","PSD-PinUP","2025-04-20",1,26.88,0,0,26.88,0,26.88
"Pesado EP Filter Basket","EP-20g","EP-20g","2025-04-20",1,27.27,0,0,27.27,2.73,30
"PESADO HD - High Diffusion Shower Screen","E61 - HD Shower Screen","PSD-HD-E61","2025-04-20",8,702.45,-8.63,0,693.82,59.6,753.42
"Hybrid Portafilter Head/Attachment","LM/E61, NS, BR58 Hybrid Attachment Only","PSDHY","2025-04-20",1,31.82,0,0,31.82,3.18,35
"Prescision Bundle - LM & E61","E61 5mm","PRE_SETMV","2025-04-20",1,245.45,-36.81,0,208.64,20.86,229.5
"PESADO HD - High Diffusion Shower Screen","LM - HD Shower Screen","PSD-HD-LM","2025-04-20",4,320,0,0,320,32,352
"Impact Gravity Distributor - 58.4mm","Default Title","V2-PSD-distributor","2025-04-20",2,318.96,0,0,318.96,15,333.96
"Tamper","58.5mm With Depth Adjuster / Black / Dusk","PSDTMDABDk","2025-04-20",1,170,0,0,170,0,170
"Naked Portafilter (Hybrid)","E61 5mm / Black / Black","PF00MV-BBK-HY","2025-04-20",1,150,0,0,150,0,150
"Breville 54mm Precision Bundle","Default Title","PRE-BR54-SET","2025-04-20",1,245.45,-36.81,0,208.64,20.86,229.5
"Milk Jug (Round spout)","Default Title","PSDjugWH","2025-04-20",1,55.68,0,0,55.68,0,55.68
"Milk Jug (Sharp spout)","Default Title","PSDjug","2025-04-21",4,206.18,-16.2,0,189.98,9.82,199.8
"Shipping Protection","Default Title","UpCart","2025-04-21",2,4.54,0,0,4.54,0.46,5
"Pesado EP Filter Basket","EP-Breville54-20g","EP-BR-20g","2025-04-21",1,27.27,0,0,27.27,2.73,30
"Crusher Pin","Replaceable WDT pin system (0.3mm)","PSD-PinUP","2025-04-21",2,45.45,0,0,45.45,4.55,50
"Stand for (WDT) Clump Crusher 2.0","Default Title","V2-PSDcrusher-Stand","2025-04-21",1,26,0,0,26,2.6,28.6
"Pesado Starter Kit","E61 5mm / Black Full POM","02MV-IMS17BKPOM-BUNDLE","2025-04-21",1,127.27,-19.09,0,108.18,10.82,119
"Pesado He[%] - High Extraction Basket","Pesado He[%] Basket - Small","PSD-HE-SM","2025-04-21",1,87.42,0,0,87.42,0,87.42
"Pesado He[%] Breville 54mm - High Extraction Basket","Default Title","PSD-HE-54","2025-04-21",1,77.27,0,0,77.27,7.73,85
"Puck Diffuser Screen","58mm","PSD-puck","2025-04-21",2,49.99,-3.74,0,46.25,4.63,50.88
"PESADO HD - High Diffusion Shower Screen","E61 - HD Shower Screen","PSD-HD-E61","2025-04-21",11,971.86,-37.82,0,934.04,76.89,1010.93
"Magnetic Dosing Ring","58mm Dosing Ring","V2-PSDring-58mm","2025-04-21",2,65.02,-5.19,0,59.83,3.05,62.88
"Full Moon Wave - Convex Tamper","Black | Riga","PSDT-WAVE-BKRiga","2025-04-21",1,140.91,0,0,140.91,14.09,155
"Naked Portafilter (Hybrid)","Breville 54mm / Black Full POM","PF00BR54-FullPOM-HY","2025-04-21",1,110,0,0,110,0,110
"Pesado He[%] - High Extraction Basket","Pesado He[%] Basket - Large","PSD-HE-LG","2025-04-21",1,77.27,0,0,77.27,7.73,85
"Sunrise Ceramic Set (FREE)","Default Title","FREE-PSD-CeramicSet","2025-04-21",7,0,0,0,0,0,0
"Hybrid Breville 54/58 Portafilter","Breville 58 / Black | Black","PF02BR58-BBK-HY","2025-04-21",1,168.18,0,0,168.18,16.82,185
"Pesado He[%] - High Extraction Basket","Pesado He[%] Basket - X-Large","PSD-HE-XL","2025-04-21",1,77.27,0,0,77.27,7.73,85
"Breville 58mm Precision Bundle","Default Title","PRE-BR58-SET","2025-04-21",1,245.45,-36.81,0,208.64,20.86,229.5
"Pesado He[%] - High Extraction Basket","Pesado He[%] Basket - Medium","PSD-HE-ME","2025-04-21",4,344.12,-51.62,0,292.5,0,292.5
"Hybrid LM, E61 & NS Portafilter","E61 5mm / Black | Silver","PF02MV-BSL-HY","2025-04-21",1,189.06,-28.36,0,160.7,0,160.7
"Espresso Shot Mirror","Default Title","PSDshot-mirror","2025-04-21",1,41.4,-6.21,0,35.19,0,35.19
"Puck Screen Holder Bundle","Puck Screen Holder + 58mm Puck Diffuser Screen","PSD-PuckHolderBundle-58","2025-04-21",1,52.27,-7.83,0,44.44,4.44,48.88
"Naked Portafilter (Hybrid)","E61 5mm / Black / Silver","PF00MV-BSL-HY","2025-04-21",1,153.21,-22.98,0,130.23,0,130.23
"Pesado x AD Coffee - Self Leveling Spring Tamper","Default Title","PSD-ADcoffee-Tamper","2025-04-21",1,163.64,0,0,163.64,16.36,180
"Pesado Tamping Station","Default Title","PSD-TampingStation","2025-04-21",1,163.64,0,0,163.64,16.36,180
"Prescision Bundle - LM & E61","E61 5mm","PRE_SETMV","2025-04-21",2,490.9,-73.62,0,417.28,41.72,459
"PESADO HD - High Diffusion Shower Screen","LM - HD Shower Screen","PSD-HD-LM","2025-04-21",7,586.99,-38.4,0,548.59,30.8,579.39
"Dosing Cup","54mm / White","PSDdosingCup-WH-54","2025-04-21",1,31.82,0,0,31.82,3.18,35
"Pesado He[%] - High Extraction Basket","Pesado He[%] Basket - Small","PSD-HE-SM","2025-04-22",1,87.66,0,0,87.66,0,87.66
"Stand for (WDT) Clump Crusher 2.0","Default Title","V2-PSDcrusher-Stand","2025-04-22",1,29.25,0,0,29.25,0,29.25
"Double Spouted Portafilter","La Marzocco / E61 / Black | Dusk","PF02LM-BDK","2025-04-22",1,153.03,0,0,153.03,0,153.03
"Pesado EP Filter Basket","EP-20g","EP-20g","2025-04-22",2,54.54,0,0,54.54,5.46,60
"Shipping Protection","Default Title","UpCart","2025-04-22",4,9.78,0,0,9.78,0.69,10.47
"Pesado EP Filter Basket","EP-Breville54-20g","EP-BR-20g","2025-04-22",-1,0,0,-27.27,-27.27,-2.73,-30
"Sunrise Ceramic Set (FREE)","Default Title","FREE-PSD-CeramicSet","2025-04-22",5,0,0,0,0,0,0
"Dusk & Haze Clump Crusher (WDT tool)","Dusk","PSDcrusher-Dusk","2025-04-22",2,89.86,0,0,89.86,0,89.86
"Magnetic Dosing Ring","58mm Dosing Ring","V2-PSDring-58mm","2025-04-22",1,30.45,0,0,30.45,3.05,33.5
"Pesado He[%] - High Extraction Basket","Pesado He[%] Basket - Large","PSD-HE-LG","2025-04-22",1,87.66,0,0,87.66,0,87.66
"Metallic Clump Crusher (WDT tool)","Black V2","V2-PSDcrusher-Black","2025-04-22",1,40,0,0,40,4,44
"Espresso Shot Mirror","Default Title","PSDshot-mirror","2025-04-22",1,36.82,0,0,36.82,3.68,40.5
"PESADO HD - High Diffusion Shower Screen","E61 - HD Shower Screen","PSD-HD-E61","2025-04-22",11,1425.62,-44.24,-422.38,959,84.23,1043.23
"Magnetic Dosing Ring","54mm Dosing Ring","V2-PSDring-54mm","2025-04-22",1,34.49,-34.49,0,0,0,0
,"",,"2025-04-22",1,0,0,0,0,0,0
"Stand for (WDT) Clump Crusher","Default Title","PSDcrusher-Stand","2025-04-22",1,26,0,0,26,2.6,28.6
"Pesado He[%] - High Extraction Basket","Pesado He[%] Basket - Medium","PSD-HE-ME","2025-04-22",3,251.07,0,0,251.07,7.73,258.8
"Hybrid Portafilter Head/Attachment","E61 5mm","PFH02MV-HY","2025-04-22",1,109.09,0,0,109.09,10.91,120
"Naked Portafilter (Hybrid)","Breville 58mm / Black / Bronze","PF00BR58-BBZ-HY","2025-04-22",1,153.92,0,0,153.92,0,153.92
"PESADO HD - High Diffusion Shower Screen","LM - HD Shower Screen","PSD-HD-LM","2025-04-22",-2,400,0,-569.79,-169.79,-8,-177.79
"Puck Diffuser Screen","58mm","PSD-puck","2025-04-22",3,74.99,-3.74,0,71.25,7.13,78.38
"Double Spouted Portafilter","La Marzocco / E61 / Black Full POM","PF02LM-FullPOM","2025-04-22",1,110,0,0,110,0,110
"Impact Gravity Distributor - 58.4mm","Default Title","V2-PSD-distributor","2025-04-22",2,300,-22.5,0,277.5,27.75,305.25
"Pesado He[%] - High Extraction Basket","Pesado He[%] Basket - Large","PSD-HE-LG","2025-04-23",1,77.27,0,0,77.27,7.73,85
"Metallic Clump Crusher (WDT tool)","Black V2","V2-PSDcrusher-Black","2025-04-23",1,40,0,0,40,4,44
"Sunrise Ceramic Set (FREE)","Default Title","FREE-PSD-CeramicSet","2025-04-23",5,0,0,0,0,0,0
"Pesado EP Filter Basket","EP-Breville54-18g","EP-BR-18g","2025-04-23",1,27.27,-4.09,0,23.18,2.32,25.5
"Modular Handle - Tamper","White / Riga","PSDTHMODWHRIGA","2025-04-23",1,63.63,0,0,63.63,6.36,69.99
"Clump Crusher (WDT tool)","Raya","PSDcrusherRAYA","2025-04-23",0,40,0,-40,0,0,0
"Shipping Protection","Default Title","UpCart","2025-04-23",2,7.63,0,0,7.63,0,7.63
"Pesado He[%] - High Extraction Basket","Pesado He[%] Basket - Small","PSD-HE-SM","2025-04-23",-1,0,0,-69.55,-69.55,-6.95,-76.5
"Stand for (WDT) Clump Crusher 2.0","Default Title","V2-PSDcrusher-Stand","2025-04-23",1,26,0,0,26,2.6,28.6
"Pesado EP Filter Basket","EP-18g","EP-18g","2025-04-23",1,27.27,0,0,27.27,2.73,30
"Double Spouted Portafilter","La Marzocco / E61 / Black | Bronze","PF02LM-BBZ","2025-04-23",1,154.53,0,0,154.53,0,154.53
"Naked Portafilter (Hybrid)","E61 5mm / Black / Riga","PF00MVBK-Riga-HY","2025-04-23",1,160,-16,0,144,0,144
"Clump Crusher (WDT tool)","Riga","PSDcrusherRIGA","2025-04-23",1,40,0,0,40,4,44
"Pesado Black Ripple Set","Barista Jug Sharp Spout","PSDjug-BK","2025-04-23",1,49.09,-7.36,0,41.73,4.17,45.9
"Impact Gravity Distributor - 58.4mm","Default Title","V2-PSD-distributor","2025-04-23",1,168.31,-25.25,0,143.06,0,143.06
"PESADO HD - High Diffusion Shower Screen","E61 - HD Shower Screen","PSD-HD-E61","2025-04-23",7,702.18,0,-73.41,628.77,53.14,681.91
"PESADO HD - High Diffusion Shower Screen","LM - HD Shower Screen","PSD-HD-LM","2025-04-23",5,502.96,0,-72,430.96,24.8,455.76
"Tamper Base","58mm Base","PSDTBase","2025-04-23",1,63.64,0,0,63.64,6.36,70
"Pesado He[%] - High Extraction Basket","Pesado He[%] Basket - Medium","PSD-HE-ME","2025-04-23",2,174.11,-13.07,0,161.04,0,161.04
"Puck Diffuser Screen","58mm","PSD-puck","2025-04-23",4,106.14,-8.42,0,97.72,5,102.72
"Maximum Distribution Bundle","Default Title","DistributionBundle","2025-04-23",1,278.27,-41.73,0,236.54,23.65,260.19
"Espresso Shot Mirror","Default Title","PSDshot-mirror","2025-04-23",1,42.56,0,0,42.56,0,42.56
"Gravity Distributor Stand","Default Title","PSD-T-filter","2025-04-23",1,15.91,0,0,15.91,0,15.91
"PESADO HD - High Diffusion Shower Screen","LM - HD Shower Screen","PSD-HD-LM","2025-04-24",9,749.52,-12,0,737.52,46.8,784.32
"Pesado Spouted Portafilter Head","LM/E61","PFHLM","2025-04-24",1,97.41,0,0,97.41,0,97.41
"Naked Portafilter (Hybrid)","E61 5mm / Black / Silver","PF00MV-BSL-HY","2025-04-24",1,150,0,0,150,0,150
"PESADO HD - High Diffusion Shower Screen","E61 - HD Shower Screen","PSD-HD-E61","2025-04-24",15,1427.06,-23.39,-86.36,1317.31,94.17,1411.48
"Impact Gravity Distributor - 58.4mm","Default Title","V2-PSD-distributor","2025-04-24",1,150,0,0,150,15,165
"Naked Portafilter (Hybrid)","Breville 54mm / Black / Silver","PF00BR54-BSL-HY","2025-04-24",1,150,-22.5,0,127.5,0,127.5
"Puck Diffuser Screen","58mm","PSD-puck","2025-04-24",1,25,-2.5,0,22.5,2.25,24.75
"Hybrid LM, E61 & NS Portafilter","E61 5mm / Black | Silver","PF02MV-BSL-HY","2025-04-24",1,168.18,0,0,168.18,16.82,185
"Espresso Shot Mirror","Default Title","PSDshot-mirror","2025-04-24",1,36.82,0,0,36.82,3.68,40.5
"Distribution Bundle","58mm Distribution Bundle","DISTR_B","2025-04-24",1,216,0,0,216,21.6,237.6
"Sunrise 58mm Dosing Cup - Limited Edition","Charcoal","SunriseDosing-CH","2025-04-24",1,35.96,-5.39,0,30.57,0,30.57
"Pesado He[%] - High Extraction Basket","Pesado He[%] Basket - X-Large","PSD-HE-XL","2025-04-24",3,231.82,0,0,231.82,23.18,255
"Sunrise Ceramic Set (FREE)","Default Title","FREE-PSD-CeramicSet","2025-04-24",6,0,0,0,0,0,0
"Hybrid LM, E61 & NS Portafilter","E61 5mm / Black | Black","PF02MV-BBK-HY","2025-04-24",1,168.17,-16.81,0,151.36,15.14,166.5
"Puck Diffuser Screen","54mm","PSD-puck-54","2025-04-24",1,24.99,-3.74,0,21.25,2.13,23.38
"Pesado x AD Coffee - Self Leveling Spring Tamper","Default Title","PSD-ADcoffee-Tamper","2025-04-24",1,163.64,0,0,163.64,16.36,180
"Pesado He[%] - High Extraction Basket","Pesado He[%] Basket - Large","PSD-HE-LG","2025-04-24",2,154.54,-7.72,0,146.82,14.68,161.5
"Pesado He[%] - High Extraction Basket","Pesado He[%] Basket - Small","PSD-HE-SM","2025-04-24",1,77.27,0,0,77.27,7.73,85
"Full Moon Wave - Convex Tamper","Black | Silver","PSDT-WAVE-BSL","2025-04-24",1,131.82,0,0,131.82,13.18,145
"Pesado EP Filter Basket","EP-18g","EP-18g","2025-04-24",1,27.27,0,0,27.27,2.73,30
"Pesado EP Filter Basket","EP-20g","EP-20g","2025-04-24",1,27.27,0,0,27.27,2.73,30
"Shipping Protection","Default Title","UpCart","2025-04-24",2,5.13,0,0,5.13,0.23,5.36
"Pesado EP Filter Basket","EP-Breville54-20g","EP-BR-20g","2025-04-24",1,27.27,-4.09,0,23.18,2.32,25.5
"PESADO HD - High Diffusion Shower Screen","E61 - HD Shower Screen","PSD-HD-E61","2025-04-25",9,802.05,-36.26,0,765.79,58.31,824.1
"Pesado Naked Portafilter Head (HYBRID)","E61 5mm","PFH00MV-HY","2025-04-25",1,86.36,0,0,86.36,8.64,95
"Pesado He[%] - High Extraction Basket","Pesado He[%] Basket - Medium","PSD-HE-ME","2025-04-25",1,77.27,0,0,77.27,7.73,85
"Hybrid Breville 54/58 Portafilter","Breville 54 / White Full POM","PF02BR54-WHPOM-HY","2025-04-25",1,140.9,-21.13,0,119.77,11.98,131.75
"Espresso Shot Mirror","Default Title","PSDshot-mirror","2025-04-25",1,36.82,0,0,36.82,3.68,40.5
"Naked Portafilter (Hybrid)","E61 5mm / Black / Black","PF00MV-BBK-HY","2025-04-25",1,150,-22.5,0,127.5,0,127.5
"Clump Crusher (WDT tool)","Riga","PSDcrusherRIGA","2025-04-25",1,40,0,0,40,4,44
"Puck Screen Holder Bundle","Puck Screen Holder + 58mm Puck Diffuser Screen","PSD-PuckHolderBundle-58","2025-04-25",2,104.54,0,0,104.54,10.46,115
"Pesado Black Ripple Set","Barista Jug Sharp Spout","PSDjug-BK","2025-04-25",1,49.09,0,0,49.09,4.91,54
"WDT Pin Pack","Default Title","PSD-removablepins","2025-04-25",3,2.73,0,0,2.73,0.27,3
"PESADO HD - High Diffusion Shower Screen","LM - HD Shower Screen","PSD-HD-LM","2025-04-25",7,560,0,0,560,56,616
"Puck Diffuser Screen","58mm","PSD-puck","2025-04-25",1,25,-2.5,0,22.5,2.25,24.75
"Clump Crusher (WDT tool)","Raya","PSDcrusherRAYA","2025-04-25",1,40,-6,0,34,3.4,37.4
"Shipping Protection","Default Title","UpCart","2025-04-25",3,8.01,0,0,8.01,0.46,8.47
"Pesado He[%] Breville 54mm - High Extraction Basket","Default Title","PSD-HE-54","2025-04-25",1,77.27,0,0,77.27,7.73,85
"Stand for (WDT) Clump Crusher 2.0","Default Title","V2-PSDcrusher-Stand","2025-04-25",1,26,-3.9,0,22.1,2.21,24.31
"Magnetic Dosing Ring","58mm Dosing Ring","V2-PSDring-58mm","2025-04-25",1,30.45,-4.56,0,25.89,2.59,28.48
"Pesado He[%] - High Extraction Basket","Pesado He[%] Basket - Large","PSD-HE-LG","2025-04-25",2,154.54,0,0,154.54,15.46,170
"Sunrise Ceramic Set (FREE)","Default Title","FREE-PSD-CeramicSet","2025-04-25",3,0,0,0,0,0,0
"PESADO HD - High Diffusion Shower Screen","E61 - HD Shower Screen","PSD-HD-E61","2025-04-26",4,345.44,0,0,345.44,34.56,380
"Stand for (WDT) Clump Crusher","Default Title","PSDcrusher-Stand","2025-04-26",1,29.83,0,0,29.83,0,29.83
"PESADO HD - High Diffusion Shower Screen","LM - HD Shower Screen","PSD-HD-LM","2025-04-26",3,270.04,-13.47,0,256.57,0,256.57
"WDT Pin Pack","Default Title","PSD-removablepins","2025-04-26",2,3.72,0,0,3.72,0,3.72
"Pesado He[%] - High Extraction Basket","Pesado He[%] Basket - Large","PSD-HE-LG","2025-04-26",1,86.7,-13.01,0,73.69,0,73.69
"Metallic Clump Crusher (WDT tool)","Black V2","V2-PSDcrusher-Black","2025-04-26",1,45.67,0,0,45.67,0,45.67
"Pesado Black Ripple Set","Black Ripple Set","PSDBlackRippleSet","2025-04-27",1,80.91,0,0,80.91,8.09,89
"Puck Screen Holder Bundle","Puck Screen Holder + 58mm Puck Diffuser Screen","PSD-PuckHolderBundle-58","2025-04-27",1,52.27,0,0,52.27,5.23,57.5
"PESADO HD - High Diffusion Shower Screen","LM - HD Shower Screen","PSD-HD-LM","2025-04-27",6,480,0,0,480,48,528
"PESADO HD - High Diffusion Shower Screen","E61 - HD Shower Screen","PSD-HD-E61","2025-04-27",6,518.16,-12.95,0,505.21,50.54,555.75
"Pesado He[%] - High Extraction Basket","Pesado He[%] Basket - X-Large","PSD-HE-XL","2025-04-27",1,77.27,0,0,77.27,7.73,85
"Pesado He[%] - High Extraction Basket","Pesado He[%] Basket - Medium","PSD-HE-ME","2025-04-27",1,86.93,0,0,86.93,0,86.93
"Single Dose Bean Cellar (4 pack)","Default Title","PSD-beantube","2025-04-27",1,36.36,0,0,36.36,3.64,40
"Pesado He[%] - High Extraction Basket","Pesado He[%] Basket - Large","PSD-HE-LG","2025-04-27",1,77.27,-11.59,0,65.68,6.57,72.25
"Sunrise Ceramic Set (FREE)","Default Title","FREE-PSD-CeramicSet","2025-04-27",1,0,0,0,0,0,0
"Sunrise Ceramic Set","Default Title","PSD-CeramicSet","2025-04-27",2,27.27,0,0,27.27,2.73,30
"Pesado EP Filter Basket","EP-20g","EP-20g","2025-04-27",1,27.26,-6.81,0,20.45,2.05,22.5
"Shipping Protection","Default Title","UpCart","2025-04-27",3,6.81,0,0,6.81,0.69,7.5
"Sunrise Ceramic Set (FREE)","Default Title","FREE-PSD-CeramicSet","2025-04-28",3,0,0,0,0,0,0
"Pesado EP Filter Basket","EP-Breville54-18g","EP-BR-18g","2025-04-28",1,27.27,0,0,27.27,2.73,30
"Hybrid Breville 54/58 Portafilter","Breville 58 / Black | Black","PF02BR58-BBK-HY","2025-04-28",1,189.82,-18.98,0,170.84,0,170.84
"Pesado x AD Coffee - Self Leveling Spring Tamper","Default Title","PSD-ADcoffee-Tamper","2025-04-28",0,163.64,0,-163.64,0,0,0
"Magnetic Dosing Ring","58mm Dosing Ring","V2-PSDring-58mm","2025-04-28",2,64.95,0,0,64.95,3.05,68
"Pesado He[%] - High Extraction Basket","Pesado He[%] Basket - Large","PSD-HE-LG","2025-04-28",3,241.69,0,0,241.69,15.46,257.15
"Metallic Clump Crusher (WDT tool)","Black V2","V2-PSDcrusher-Black","2025-04-28",1,40,0,0,40,4,44
"Pesado He[%] Breville 54mm - High Extraction Basket","Default Title","PSD-HE-54","2025-04-28",1,86.7,0,0,86.7,0,86.7
"Pesado He[%] - High Extraction Basket","Pesado He[%] Basket - Small","PSD-HE-SM","2025-04-28",2,164.17,-86.9,0,77.27,7.73,85
"Sunrise Ceramic Set","Default Title","PSD-CeramicSet","2025-04-28",2,27.27,-2.72,0,24.55,2.45,27
"Pesado Puck Screen Stand","Default Title","PSD-PuckHolder","2025-04-28",1,27.27,-2.72,0,24.55,2.45,27
"PESADO HD - High Diffusion Shower Screen","LM - HD Shower Screen","PSD-HD-LM","2025-04-28",9,800,-40,-80,680,68,748
"Hybrid Portafilter Head/Attachment","LM/E61, NS, BR58 Hybrid Attachment Only","PSDHY","2025-04-28",1,31.82,0,0,31.82,3.18,35
"Naked Portafilter (Hybrid)","E61 5mm / White Full POM","PF00MV-WHPOM-HY","2025-04-28",1,110,0,0,110,0,110
"Impact Gravity Distributor - 58.4mm","Default Title","V2-PSD-distributor","2025-04-28",2,300,0,0,300,30,330
"PESADO HD - High Diffusion Shower Screen","E61 - HD Shower Screen","PSD-HD-E61","2025-04-28",16,1403.31,-8.63,0,1394.68,120.08,1514.76
"Hybrid LM, E61 & NS Portafilter","E61 5mm / Black | Riga","PF02MVBK-Riga-HY","2025-04-28",1,200.05,0,0,200.05,0,200.05
"Puck Diffuser Screen","58mm","PSD-puck","2025-04-28",3,78.14,0,0,78.14,5,83.14
"Pesado EP Filter Basket","EP-22g","EP-22g","2025-04-28",1,27.27,0,0,27.27,2.73,30
"Pesado He[%] - High Extraction Basket","Pesado He[%] Basket - Medium","PSD-HE-ME","2025-04-28",5,407.81,-8.71,0,399.1,23.18,422.28
"Hybrid Portafilter Head/Attachment","E61 5mm","PFH02MV-HY","2025-04-28",1,109.09,0,0,109.09,10.91,120
"Sunrise Ceramic Set","Default Title","PSD-CeramicSet","2025-04-29",1,13.64,0,0,13.64,1.36,15
"Milk Jug (Sharp spout)","Default Title","PSDjug","2025-04-29",1,49.09,0,0,49.09,4.91,54
"Crusher Pin","Replaceable WDT pin system (0.3mm)","PSD-PinUP","2025-04-29",1,22.73,0,0,22.73,2.27,25
"Double Spouted Portafilter","Breville 58 / Black | Riga","PF02BR58BK-Riga","2025-04-29",1,160,0,0,160,0,160
"Dosing Cup","58mm / Charcoal","PSDdosingCup-CH","2025-04-29",1,31.81,-7.95,0,23.86,2.39,26.25
"Pesado EP Filter Basket","EP-Breville54-20g","EP-BR-20g","2025-04-29",1,30,-30,0,0,0,0
"Shipping Protection","Default Title","UpCart","2025-04-29",3,7.18,0,0,7.18,0.46,7.64
"Double Spouted Portafilter","La Marzocco / E61 / Black | Dusk","PF02LM-BDK","2025-04-29",1,150,-15,0,135,0,135
"Stand for (WDT) Clump Crusher 2.0","Default Title","V2-PSDcrusher-Stand","2025-04-29",1,26,0,0,26,2.6,28.6
"Pesado He[%] - High Extraction Basket","Pesado He[%] Basket - Large","PSD-HE-LG","2025-04-29",4,309.09,-7.72,0,301.37,30.13,331.5
"Metallic Clump Crusher (WDT tool)","Gold","PSDcrusher-Gold","2025-04-29",1,40,0,0,40,4,44
"Pesado EP Filter Basket","EP-Breville54-18g","EP-BR-18g","2025-04-29",2,57.27,-30,0,27.27,2.73,30
"Sunrise Ceramic Set (FREE)","Default Title","FREE-PSD-CeramicSet","2025-04-29",5,0,0,0,0,0,0
"PESADO HD - High Diffusion Shower Screen","E61 - HD Shower Screen","PSD-HD-E61","2025-04-29",15,1350.32,-103.22,0,1247.1,83.36,1330.46
"Filter Basket","23.5 (17g)","PSD23.5","2025-04-29",1,27.27,-2.72,0,24.55,2.45,27
"Hybrid LM, E61 & NS Portafilter","E61 5mm / White | Gold","PF02MV-WGD-HY","2025-04-29",1,168.17,-16.81,0,151.36,15.14,166.5
"Pesado He[%] - High Extraction Basket","Pesado He[%] Basket - Medium","PSD-HE-ME","2025-04-29",1,77.27,0,0,77.27,7.73,85
"PESADO HD - High Diffusion Shower Screen","LM - HD Shower Screen","PSD-HD-LM","2025-04-29",5,590.27,-76.54,-152.85,360.88,28.4,389.28
"Prescision Bundle - LM & E61","E61 5mm","PRE_SETMV","2025-04-29",1,245.45,0,0,245.45,24.55,270
"Pesado Tamping Station","Default Title","PSD-TampingStation","2025-04-29",1,163.64,0,0,163.64,16.36,180
"Hybrid LM, E61 & NS Portafilter","La Marzocco 6mm / White | Silver","PF02LM-WSL-HY","2025-04-29",1,168.18,-50.45,0,117.73,11.77,129.5
"Puck Diffuser Screen","58mm","PSD-puck","2025-04-29",3,75,-15,0,60,6,66
"PESADO HD - High Diffusion Shower Screen","LM - HD Shower Screen","PSD-HD-LM","2025-04-30",2,160,0,0,160,16,176
"Puck Screen Holder Bundle","Puck Screen Holder + 58mm Puck Diffuser Screen","PSD-PuckHolderBundle-58","2025-04-30",2,104.54,0,0,104.54,10.46,115
"Impact Gravity Distributor - 58.4mm","Default Title","V2-PSD-distributor","2025-04-30",2,305.31,-23.29,0,282.02,26.71,308.73
"Wooden Leva Accents","Raya","PSDleva-Raya","2025-04-30",1,32.73,0,0,32.73,3.27,36
"Pesado x AD Coffee - Self Leveling Spring Tamper","Default Title","PSD-ADcoffee-Tamper","2025-04-30",1,163.64,0,0,163.64,16.36,180
"Gravity Distributor Stand","Default Title","PSD-T-filter","2025-04-30",1,13.64,0,0,13.64,1.36,15
"Hybrid Portafilter Head/Attachment","Breville 54mm Hybrid Attachment Only","PSDHY-BR","2025-04-30",1,31.82,-3.18,0,28.64,2.86,31.5
"Sunrise Ceramic Set (FREE)","Default Title","FREE-PSD-CeramicSet","2025-04-30",2,0,0,0,0,0,0
"Hybrid LM, E61 & NS Portafilter","E61 5mm / White | Haze","PF02MV-WHZ-HY","2025-04-30",1,177.27,0,0,177.27,17.73,195
"Pesado He[%] - High Extraction Basket","Pesado He[%] Basket - Large","PSD-HE-LG","2025-04-30",1,77.27,0,0,77.27,7.73,85
"Pesado He[%] - High Extraction Basket","Pesado He[%] Basket - Small","PSD-HE-SM","2025-04-30",2,173.8,-173.8,0,0,0,0
"PESADO HD - High Diffusion Shower Screen","E61 - HD Shower Screen","PSD-HD-E61","2025-04-30",6,615.47,0,-86.36,529.11,43.2,572.31
"Hybrid LM, E61 & NS Portafilter","La Marzocco 6mm / White | Riga","PF02LMWH-Riga-HY","2025-04-30",1,184.05,-27.6,0,156.45,13.9,170.35
"Shipping Protection","Default Title","UpCart","2025-04-30",1,2.27,0,0,2.27,0.23,2.5
"Pesado He[%] - High Extraction Basket","Pesado He[%] Basket - X-Large","PSD-HE-XL","2025-05-01",1,77.27,-7.72,0,69.55,6.95,76.5
"Sunrise 58mm Dosing Cup - Limited Edition","Charcoal","SunriseDosing-CH","2025-05-01",1,31.82,0,0,31.82,3.18,35
"Pesado Naked Portafilter Head (HYBRID)","E61 5mm","PFH00MV-HY","2025-05-01",1,95,-95,0,0,0,0
"Pesado He[%] - High Extraction Basket","Pesado He[%] Basket - Medium","PSD-HE-ME","2025-05-01",2,162.27,-85,0,77.27,7.73,85
"Maximum Distribution Bundle","Default Title","DistributionBundle","2025-05-01",1,278.27,0,0,278.27,27.83,306.1
"Tamper","53.5mm / Black / Riga","PSDT-53.5-BKRiga","2025-05-01",1,130,-13,0,117,0,117
"Single Dose Bean Cellar (4 pack)","Default Title","PSD-beantube","2025-05-01",1,36.36,0,0,36.36,3.64,40
"Hybrid LM, E61 & NS Portafilter","E61 5mm / Black | Silver","PF02MV-BSL-HY","2025-05-01",1,185,-18.5,0,166.5,0,166.5
"Pesado EP Filter Basket","EP-22g","EP-22g","2025-05-01",1,30,-30,0,0,0,0
"Clump Crusher (WDT tool)","Riga","PSDcrusherRIGA","2025-05-01",1,40,-4,0,36,3.6,39.6
"Puck Screen Holder Bundle","Puck Screen Holder + 54mm Puck Diffuser Screen","PSD-PuckHolderBundle-54","2025-05-01",1,52.27,0,0,52.27,5.23,57.5
"Hybrid Portafilter Head/Attachment","LM/E61, NS, BR58 Hybrid Attachment Only","PSDHY","2025-05-01",1,31.82,0,0,31.82,3.18,35
"Pesado Tamping Station","Default Title","PSD-TampingStation","2025-05-01",1,180,-180,0,0,0,0
"PESADO HD - High Diffusion Shower Screen","LM - HD Shower Screen","PSD-HD-LM","2025-05-01",8,650.08,0,0,650.08,56,706.08
"Pesado x AD Coffee - Self Leveling Spring Tamper","Default Title","PSD-ADcoffee-Tamper","2025-05-01",1,163.64,0,0,163.64,16.36,180
"Double Spouted Portafilter","Breville 54 / Black Full POM","PF02BR54-FullPOM","2025-05-01",1,110,0,0,110,0,110
"Naked Portafilter (Hybrid)","La Marzocco 6mm / Black / Silver","PF00LM-BSL-HY","2025-05-01",1,150,0,0,150,0,150
"Shipping Protection","Default Title","UpCart","2025-05-01",2,4.54,0,0,4.54,0.46,5
"Puck Diffuser Screen","58mm","PSD-puck","2025-05-01",1,25,0,0,25,2.5,27.5
"Pesado EP Filter Basket","EP-20g","EP-20g","2025-05-01",2,57.26,-9.81,0,47.45,2.05,49.5
"Pesado Puck Screen Stand","Default Title","PSD-PuckHolder","2025-05-01",1,27.27,0,0,27.27,2.73,30
"Stand for (WDT) Clump Crusher 2.0","Default Title","V2-PSDcrusher-Stand","2025-05-01",1,26,-2.6,0,23.4,2.34,25.74
"Pesado He[%] - High Extraction Basket","Pesado He[%] Basket - Small","PSD-HE-SM","2025-05-01",1,77.27,0,0,77.27,7.73,85
"Pesado Single Dose Bean Cellar (4 pack) + Stand","Default Title","PSD-Beanstand-combo","2025-05-01",1,104.55,0,0,104.55,10.45,115
"Pesado He[%] Breville 54mm - High Extraction Basket","Default Title","PSD-HE-54","2025-05-01",1,77.27,0,0,77.27,7.73,85
"Puck Diffuser Screen","54mm","PSD-puck-54","2025-05-01",1,25,-2.5,0,22.5,2.25,24.75
"Naked Portafilter (Hybrid)","La Marzocco 6mm / Black / Black","PF00LM-BBK-HY","2025-05-01",1,150,0,0,150,0,150
"Pesado He[%] - High Extraction Basket","Pesado He[%] Basket - Large","PSD-HE-LG","2025-05-01",2,154.54,-7.72,0,146.82,14.68,161.5
"Pesado EP Filter Basket","EP-Breville54-18g","EP-BR-18g","2025-05-01",2,54.53,-6.81,0,47.72,4.78,52.5
"Hybrid LM, E61 & NS Portafilter","E61 5mm / Black | Black","PF02MV-BBK-HY","2025-05-01",1,185,-185,0,0,0,0
"Sunrise Ceramic Set (FREE)","Default Title","FREE-PSD-CeramicSet","2025-05-01",8,0,0,0,0,0,0
"PESADO HD - High Diffusion Shower Screen","E61 - HD Shower Screen","PSD-HD-E61","2025-05-01",9,777.24,-21.58,0,755.66,75.59,831.25
"Puck Diffuser Screen","58mm","PSD-puck","2025-05-02",1,25,0,0,25,2.5,27.5
"Pesado He[%] - High Extraction Basket","Pesado He[%] Basket - Small","PSD-HE-SM","2025-05-02",2,164.97,-11.59,0,153.38,6.57,159.95
"Naked Portafilter (Hybrid)","E61 5mm / Black Full POM","PF00MV-FullPOM-HY","2025-05-02",1,110,0,0,110,0,110
"Milk Jug (Sharp spout)","Default Title","PSDjug","2025-05-02",1,56.38,0,0,56.38,0,56.38
"Shipping Protection","Default Title","UpCart","2025-05-02",1,2.27,0,0,2.27,0.23,2.5
"Sunrise Ceramic Set (FREE)","Default Title","FREE-PSD-CeramicSet","2025-05-02",7,0,0,0,0,0,0
"Modular Handle - Portafilter","Black / Silver","PSDHMODBSL","2025-05-02",1,72.72,-9.09,0,63.63,6.36,69.99
"Naked Portafilter (Hybrid)","Breville 58mm / Black / Riga","PF00BR58BK-Riga-HY","2025-05-02",1,160,-160,0,0,0,0
"Magnetic Dosing Ring","58mm Dosing Ring","V2-PSDring-58mm","2025-05-02",1,30.45,0,0,30.45,3.05,33.5
"PESADO HD - High Diffusion Shower Screen","E61 - HD Shower Screen","PSD-HD-E61","2025-05-02",9,787.98,-39.31,0,748.67,65.17,813.84
"Pesado He[%] - High Extraction Basket","Pesado He[%] Basket - Large","PSD-HE-LG","2025-05-02",3,231.82,0,0,231.82,23.18,255
"Maximum Distribution Bundle","Default Title","DistributionBundle","2025-05-02",1,278.27,0,0,278.27,27.83,306.1
"Single Dose Bean Cellar (4 pack)","Default Title","PSD-beantube","2025-05-02",1,36.36,-5.45,0,30.91,3.09,34
,"",,"2025-05-02",1,0,0,0,0,0,0
"Pesado He[%] - High Extraction Basket","Pesado He[%] Basket - Medium","PSD-HE-ME","2025-05-02",-1,0,0,-77.27,-77.27,-7.73,-85
"Hybrid LM, E61 & NS Portafilter","E61 5mm / Black | Iris","PF02MVBK-Iris-HY","2025-05-02",1,177.27,-35.45,0,141.82,14.18,156
"Double Spouted Portafilter","Breville 54 / White Full POM","PF02BR54-WHPOM","2025-05-02",1,110,0,0,110,0,110
"PESADO HD - High Diffusion Shower Screen","LM - HD Shower Screen","PSD-HD-LM","2025-05-02",8,640,0,0,640,64,704
"Puck Screen Holder Bundle","Puck Screen Holder + 58mm Puck Diffuser Screen","PSD-PuckHolderBundle-58","2025-05-02",1,52.27,0,0,52.27,5.23,57.5
"Pesado x AD Coffee - Self Leveling Spring Tamper","Default Title","PSD-ADcoffee-Tamper","2025-05-02",1,163.64,0,0,163.64,16.36,180
"Sunrise Ceramic Set (FREE)","Default Title","FREE-PSD-CeramicSet","2025-05-03",2,0,0,0,0,0,0
"Puck Diffuser Screen","58mm","PSD-puck","2025-05-03",1,25,0,0,25,2.5,27.5
"Double Spouted Portafilter","La Marzocco / E61 / Black | Silver","PF02LM-BSL","2025-05-03",1,150,0,0,150,0,150
"PESADO HD - High Diffusion Shower Screen","E61 - HD Shower Screen","PSD-HD-E61","2025-05-03",9,777.24,-12.95,0,764.29,76.46,840.75
"Competition Shower Screen","Nuova Simonelli","PSDNS","2025-05-03",2,71.42,0,0,71.42,0,71.42
"Shipping Protection","Default Title","UpCart","2025-05-03",1,2.27,0,0,2.27,0.23,2.5
"Naked Portafilter (Hybrid)","E61 5mm / Raya","PF00MVRaya-HY","2025-05-03",1,160,0,0,160,0,160
"Naked Portafilter (Hybrid)","E61 5mm / Black Full POM","PF00MV-FullPOM-HY","2025-05-03",1,110,0,0,110,0,110
"Pesado EP Filter Basket","EP-18g","EP-18g","2025-05-03",1,27.27,0,0,27.27,2.73,30
"Double Spouted Portafilter","La Marzocco / E61 / White Full POM","PF02LM-WHPOM","2025-05-03",1,110,0,0,110,0,110
"PESADO HD - High Diffusion Shower Screen","LM - HD Shower Screen","PSD-HD-LM","2025-05-03",5,410.81,0,0,410.81,32,442.81
"Dosing Cup","58mm / Charcoal","PSDdosingCup-CH","2025-05-03",1,31.82,0,0,31.82,3.18,35
"Single Dose Bean Cellar (4 pack)","Default Title","PSD-beantube","2025-05-03",1,36.36,0,0,36.36,3.64,40
"Sunrise Ceramic Set (FREE)","Default Title","FREE-PSD-CeramicSet","2025-05-04",1,0,0,0,0,0,0
"Hybrid LM, E61 & NS Portafilter","E61 5mm / Black | Black","PF02MV-BBK-HY","2025-05-04",1,168.18,0,0,168.18,16.82,185
"Puck Diffuser Screen","58mm","PSD-puck","2025-05-04",2,53.27,0,0,53.27,2.5,55.77
"Pesado He[%] - High Extraction Basket","Pesado He[%] Basket - Small","PSD-HE-SM","2025-05-04",2,164.12,0,0,164.12,7.73,171.85
"PESADO HD - High Diffusion Shower Screen","E61 - HD Shower Screen","PSD-HD-E61","2025-05-04",6,528.89,-12.95,0,515.94,41.9,557.84
"Sunrise Ceramic Set","Default Title","PSD-CeramicSet","2025-05-04",4,54.55,0,0,54.55,5.45,60
"Shipping Protection","Default Title","UpCart","2025-05-04",2,4.54,0,0,4.54,0.46,5
"PESADO HD - High Diffusion Shower Screen","LM - HD Shower Screen","PSD-HD-LM","2025-05-04",9,749.74,-12,0,737.74,46.8,784.54
"Sunrise 58mm Dosing Cup - Limited Edition","Charcoal","SunriseDosing-CH","2025-05-04",1,31.82,-4.77,0,27.05,2.7,29.75
"Naked Portafilter (Hybrid)","La Marzocco 6mm / Black Full POM","PF00LM-FullPOM-HY","2025-05-04",1,110,0,0,110,0,110
"Pesado He[%] - High Extraction Basket","Pesado He[%] Basket - Medium","PSD-HE-ME","2025-05-04",1,87.55,-13.13,0,74.42,0,74.42
"Sunrise Ceramic Set","Default Title","PSD-CeramicSet","2025-05-05",1,13.64,0,0,13.64,1.36,15
"Shipping Protection","Default Title","UpCart","2025-05-05",2,5.37,0,0,5.37,0.23,5.6
"Pesado Puck Screen Stand","Default Title","PSD-PuckHolder","2025-05-05",1,27.27,-4.09,0,23.18,2.32,25.5
"Puck Diffuser Screen","58mm","PSD-puck","2025-05-05",2,50,0,0,50,5,55
"Pesado He[%] Breville 54mm - High Extraction Basket","Default Title","PSD-HE-54","2025-05-05",1,77.27,-11.59,0,65.68,6.57,72.25
"Pesado Single Dose Bean Cellar (4 pack) + Stand","Default Title","PSD-Beanstand-combo","2025-05-05",1,104.54,-15.68,0,88.86,8.89,97.75
"Pesado He[%] - High Extraction Basket","Pesado He[%] Basket - Small","PSD-HE-SM","2025-05-05",1,77.27,0,0,77.27,7.73,85
"Puck Diffuser Screen","54mm","PSD-puck-54","2025-05-05",2,49.99,-3.74,0,46.25,4.63,50.88
"Pesado He[%] - High Extraction Basket","Pesado He[%] Basket - Large","PSD-HE-LG","2025-05-05",1,77.27,0,0,77.27,7.73,85
"PESADO HD - High Diffusion Shower Screen","E61 - HD Shower Screen","PSD-HD-E61","2025-05-05",8,690.88,-38.85,0,652.03,65.22,717.25
"Sunrise Ceramic Set (FREE)","Default Title","FREE-PSD-CeramicSet","2025-05-05",7,0,0,0,0,0,0
"Breville 54mm Precision Bundle","Default Title","PRE-BR54-SET","2025-05-05",1,245.45,0,0,245.45,24.55,270
"Milk Jug (Round spout)","Default Title","PSDjugWH","2025-05-05",1,55.85,-8.38,0,47.47,0,47.47
"Pesado He[%] - High Extraction Basket","Pesado He[%] Basket - Medium","PSD-HE-ME","2025-05-05",1,86.88,-13.03,0,73.85,0,73.85
"Espresso Shot Mirror","Default Title","PSDshot-mirror","2025-05-05",2,78.7,-11.79,0,66.91,3.13,70.04
"Puck Screen Holder Bundle","Puck Screen Holder + 58mm Puck Diffuser Screen","PSD-PuckHolderBundle-58","2025-05-05",1,52.27,0,0,52.27,5.23,57.5
"Prescision Bundle - LM & E61","E61 5mm","PRE_SETMV","2025-05-05",1,245.45,0,0,245.45,24.55,270
"PESADO HD - High Diffusion Shower Screen","LM - HD Shower Screen","PSD-HD-LM","2025-05-05",16,1289.98,-13.5,0,1276.48,120,1396.48
"Dosing Cup","58mm / Charcoal","PSDdosingCup-CH","2025-05-05",1,31.81,-7.95,0,23.86,2.39,26.25
"Distribution Bundle","58mm Distribution Bundle","DISTR_B","2025-05-06",1,216,0,0,216,21.6,237.6
"Gravity Distributor Stand","Default Title","PSD-T-filter","2025-05-06",1,14.05,0,0,14.05,1.41,15.46
"Pesado Naked Portafilter Head (HYBRID)","E61 5mm","PFH00MV-HY","2025-05-06",1,86.36,0,0,86.36,8.64,95
"Sunrise 58mm Dosing Cup - Limited Edition","Charcoal","SunriseDosing-CH","2025-05-06",1,36.67,0,0,36.67,0,36.67
,"",,"2025-05-06",1,0,0,0,0,0,0
"Pesado He[%] - High Extraction Basket","Pesado He[%] Basket - Medium","PSD-HE-ME","2025-05-06",2,164.69,0,0,164.69,7.73,172.42
"Breville 58mm Spouted Portafilter Bundle","Breville 58mm Double Spouted Black Silver","02BR58BSL-IMS17-BUNDLE","2025-05-06",1,136.36,0,0,136.36,13.64,150
"PESADO HD - High Diffusion Shower Screen","LM - HD Shower Screen","PSD-HD-LM","2025-05-06",17,1450.92,-24,-80,1346.92,125.6,1472.52
"WDT Pin Pack","Default Title","PSD-removablepins","2025-05-06",5,4.55,0,0,4.55,0.45,5
"Impact Gravity Distributor - 58.4mm","Default Title","V2-PSD-distributor","2025-05-06",2,319.68,-22.5,0,297.18,12.75,309.93
"Tamper","58.5mm / Black / Black","PSDTMBBk","2025-05-06",1,122.54,-6.13,0,116.41,0,116.41
"Stand for (WDT) Clump Crusher 2.0","Default Title","V2-PSDcrusher-Stand","2025-05-06",1,26,0,0,26,2.6,28.6
"Puck Diffuser Screen","58mm","PSD-puck","2025-05-06",3,81.38,0,0,81.38,5.15,86.53
"Pesado He[%] - High Extraction Basket","Pesado He[%] Basket - Small","PSD-HE-SM","2025-05-06",2,157.34,0,0,157.34,15.75,173.09
"Double Spouted Portafilter","Nuova Simonelli / White Full POM","PF02NS-WHPOM","2025-05-06",2,220,0,0,220,0,220
"PESADO HD - High Diffusion Shower Screen","MV - HD Shower Screen","PSD-HD-MV","2025-05-06",12,970.69,0,0,970.69,88,1058.69
"Sunrise Ceramic Set","Default Title","PSD-CeramicSet","2025-05-06",2,29.29,-2.04,0,27.25,1.16,28.41
"Milk Jug (Sharp spout)","Default Title","PSDjug","2025-05-06",1,49.09,0,0,49.09,4.91,54
"Shipping Protection","Default Title","UpCart","2025-05-06",9,21.04,-0.14,0,20.9,1.84,22.74
"Sunrise Ceramic Set (FREE)","Default Title","FREE-PSD-CeramicSet","2025-05-06",7,0,0,0,0,0,0
"PESADO HD - High Diffusion Shower Screen","E61 - HD Shower Screen","PSD-HD-E61","2025-05-06",15,1306.01,-38.85,0,1267.16,117.05,1384.21
"Pesado He[%] - High Extraction Basket","Pesado He[%] Basket - Large","PSD-HE-LG","2025-05-06",3,231.82,0,0,231.82,23.18,255
"Wooden Leva Accents","Riga","PSDleva-Riga","2025-05-07",1,32.73,0,0,32.73,3.27,36
"Tamper","58.5mm / Black / Black","PSDTMBBk","2025-05-07",1,120,0,0,120,0,120
"PESADO HD - High Diffusion Shower Screen","LM - HD Shower Screen","PSD-HD-LM","2025-05-07",6,480,0,0,480,48,528
"Pesado He[%] - High Extraction Basket","Pesado He[%] Basket - X-Large","PSD-HE-XL","2025-05-07",2,154.54,0,0,154.54,15.46,170
,"",,"2025-05-07",1,9.09,0,0,9.09,0.91,10
"Hybrid Breville 54/58 Portafilter","Breville 54 / White Full POM","PF02BR54-WHPOM-HY","2025-05-07",1,159.23,0,0,159.23,0,159.23
"Pesado He[%] - High Extraction Basket","Pesado He[%] Basket - Medium","PSD-HE-ME","2025-05-07",3,242.06,-11.59,0,230.47,14.3,244.77
"Pesado EP Filter Basket","EP-22g","EP-22g","2025-05-07",1,27.27,0,0,27.27,2.73,30
"Espresso Shot Mirror","Default Title","PSDshot-mirror","2025-05-07",1,36.82,0,0,36.82,3.68,40.5
"Magnetic Dosing Ring","58mm Dosing Ring","V2-PSDring-58mm","2025-05-07",1,30.45,0,0,30.45,3.05,33.5
"Metallic Clump Crusher (WDT tool)","Black V2","V2-PSDcrusher-Black","2025-05-07",1,40,0,0,40,4,44
"Pesado He[%] - High Extraction Basket","Pesado He[%] Basket - Large","PSD-HE-LG","2025-05-07",2,154.54,0,0,154.54,15.46,170
"Sunrise Ceramic Set (FREE)","Default Title","FREE-PSD-CeramicSet","2025-05-07",3,0,0,0,0,0,0
"Puck Diffuser Screen","58mm","PSD-puck","2025-05-07",2,50,0,0,50,5,55
"PESADO HD - High Diffusion Shower Screen","E61 - HD Shower Screen","PSD-HD-E61","2025-05-07",6,615.15,0,-98.19,516.96,51.84,568.8
"Milk Jug (Sharp spout)","Default Title","PSDjug","2025-05-07",1,49.09,0,0,49.09,4.91,54
"Shipping Protection","Default Title","UpCart","2025-05-07",2,4.54,0,0,4.54,0.46,5
"Modular Handle - Portafilter","White / Full POM","WH-PSDHFullPOM","2025-05-07",2,127.25,0,0,127.25,12.73,139.98
"Stand for (WDT) Clump Crusher 2.0","Default Title","V2-PSDcrusher-Stand","2025-05-07",1,26,0,0,26,2.6,28.6
"Pesado He[%] Breville 54mm - High Extraction Basket","Default Title","PSD-HE-54","2025-05-07",1,88.12,0,0,88.12,0,88.12
"PESADO HD - High Diffusion Shower Screen","MV - HD Shower Screen","PSD-HD-MV","2025-05-07",9,890.66,-33.6,-170.69,686.37,70,756.37
"PESADO HD - High Diffusion Shower Screen","LM - HD Shower Screen","PSD-HD-LM","2025-05-08",9,800,-60,-80,660,66,726
"PESADO HD - High Diffusion Shower Screen","E61 - HD Shower Screen","PSD-HD-E61","2025-05-08",13,1209.06,-116.58,-86.36,1006.12,100.63,1106.75
"Impact Gravity Distributor - 58.4mm","Default Title","V2-PSD-distributor","2025-05-08",1,150,-22.5,0,127.5,12.75,140.25
"Gravity Distributor - 54mm","54 mm","PSD-distributor-54m","2025-05-08",1,136.36,0,0,136.36,13.64,150
"Breville 58mm Precision Bundle","Default Title","PRE-BR58-SET","2025-05-08",1,245.45,0,0,245.45,24.55,270
"Pesado He[%] - High Extraction Basket","Pesado He[%] Basket - X-Large","PSD-HE-XL","2025-05-08",4,340,-340,0,0,0,0
"Barista Apron","Large","ApronPSDL","2025-05-08",1,108.13,0,0,108.13,0,108.13
"Pesado He[%] - High Extraction Basket","Pesado He[%] Basket - Medium","PSD-HE-ME","2025-05-08",5,386.36,-46.36,0,340,34,374
"Sunrise Ceramic Set (FREE)","Default Title","FREE-PSD-CeramicSet","2025-05-08",2,0,0,0,0,0,0
"Puck Diffuser Screen","54mm","PSD-puck-54","2025-05-08",1,25,0,0,25,2.5,27.5
"Pesado He[%] - High Extraction Basket","Pesado He[%] Basket - Large","PSD-HE-LG","2025-05-08",3,260.17,0,0,260.17,0,260.17
"Pesado He[%] - High Extraction Basket","Pesado He[%] Basket - Small","PSD-HE-SM","2025-05-08",4,309.09,-46.36,0,262.73,26.27,289
"Pesado EP Filter Basket","EP-18g","EP-18g","2025-05-08",9,253.35,-40.72,0,212.63,15.96,228.59
"PESADO HD - High Diffusion Shower Screen","MV - HD Shower Screen","PSD-HD-MV","2025-05-08",3,240,-36,0,204,20.4,224.4
"Sunrise Ceramic Set","Default Title","PSD-CeramicSet","2025-05-08",7,95.45,-14.31,0,81.14,8.11,89.25
"Hybrid LM, E61 & NS Portafilter","E61 5mm / Black | Dusk","PF02MV-BDK-HY","2025-05-08",1,199.2,-29.88,0,169.32,0,169.32
"Pesado EP Filter Basket","EP-20g","EP-20g","2025-05-08",4,117,-17.55,0,99.45,4.64,104.09
"Shipping Protection","Default Title","UpCart","2025-05-08",1,2.27,0,0,2.27,0.23,2.5
,"",,"2025-05-09",1,0,0,0,0,0,0
"Pesado He[%] - High Extraction Basket","Pesado He[%] Basket - X-Large","PSD-HE-XL","2025-05-09",1,77.27,0,0,77.27,7.73,85
"Pesado He[%] - High Extraction Basket","Pesado He[%] Basket - Medium","PSD-HE-ME","2025-05-09",1,86.81,-8.68,0,78.13,0,78.13
"PESADO HD - High Diffusion Shower Screen","E61 - HD Shower Screen","PSD-HD-E61","2025-05-09",12,1060.16,0,0,1060.16,86.4,1146.56
"Distribution Bundle","58mm Distribution Bundle","DISTR_B","2025-05-09",1,216,0,0,216,21.6,237.6
"Gravity Distributor Stand","Default Title","PSD-T-filter","2025-05-09",1,13.63,-1.36,0,12.27,1.23,13.5
"Puck Diffuser Screen","58mm","PSD-puck","2025-05-09",1,25,0,0,25,2.5,27.5
"Tamper","58.5mm / Raya","PSDTWRaya","2025-05-09",1,130,0,0,130,0,130
"Impact Gravity Distributor - 58.4mm","Default Title","V2-PSD-distributor","2025-05-09",1,169.33,-16.93,0,152.4,0,152.4
"PESADO HD - High Diffusion Shower Screen","LM - HD Shower Screen","PSD-HD-LM","2025-05-09",6,490.02,-9,0,481.02,40,521.02
"WDT Pin Pack","Default Title","PSD-removablepins","2025-05-09",5,4.55,0,0,4.55,0.45,5
"Wooden Leva Accents","Iris","PSDleva-Iris","2025-05-09",1,32.73,0,0,32.73,3.27,36
"Shipping Protection","Default Title","UpCart","2025-05-09",3,7.54,0,0,7.54,0.46,8
"Pesado x AD Coffee - Self Leveling Spring Tamper","Default Title","PSD-ADcoffee-Tamper","2025-05-09",1,184.33,-18.43,0,165.9,0,165.9
"PESADO HD - High Diffusion Shower Screen","MV - HD Shower Screen","PSD-HD-MV","2025-05-09",2,169.89,-25.48,0,144.41,6.8,151.21
"Pesado He[%] - High Extraction Basket","Pesado He[%] Basket - Large","PSD-HE-LG","2025-05-09",1,77.27,0,0,77.27,7.73,85
"Modular Handle - Portafilter","Black / Riga","PSDHMODBKRIGA","2025-05-09",1,72.71,-7.26,0,65.45,6.55,72
"Sunrise Ceramic Set (FREE)","Default Title","FREE-PSD-CeramicSet","2025-05-09",3,0,0,0,0,0,0
"Hybrid LM, E61 & NS Portafilter","E61 5mm / Black | Black","PF02MV-BBK-HY","2025-05-09",1,168.18,0,0,168.18,16.82,185
"Hybrid Breville 54/58 Portafilter","Breville 58 / Black | Black","PF02BR58-BBK-HY","2025-05-09",-1,0,0,-170.84,-170.84,0,-170.84
"Pesado He[%] - High Extraction Basket","Pesado He[%] Basket - Small","PSD-HE-SM","2025-05-10",1,77.27,0,0,77.27,7.73,85
"PESADO HD - High Diffusion Shower Screen","MV - HD Shower Screen","PSD-HD-MV","2025-05-10",2,160,0,0,160,16,176
"Pesado EP Filter Basket","EP-20g","EP-20g","2025-05-10",1,27.27,0,0,27.27,2.73,30
"Pesado EP Filter Basket","EP-Breville54-20g","EP-BR-20g","2025-05-10",1,27.27,0,0,27.27,2.73,30
"Sunrise Ceramic Set (FREE)","Default Title","FREE-PSD-CeramicSet","2025-05-10",2,0,0,0,0,0,0
"Magnetic Dosing Ring","58mm Dosing Ring","V2-PSDring-58mm","2025-05-10",1,35.24,-3.52,0,31.72,0,31.72
"Pesado He[%] - High Extraction Basket","Pesado He[%] Basket - Medium","PSD-HE-ME","2025-05-10",1,77.27,0,0,77.27,7.73,85
"PESADO HD - High Diffusion Shower Screen","E61 - HD Shower Screen","PSD-HD-E61","2025-05-10",4,356.51,-9.74,0,346.77,25.92,372.69
"Naked Portafilter (Hybrid)","La Marzocco 6mm / White / Iris","PF00LMWH-Iris-HY","2025-05-10",1,160,0,0,160,0,160
"Puck Diffuser Screen","58mm","PSD-puck","2025-05-10",2,54.02,-2.9,0,51.12,2.5,53.62
"PESADO HD - High Diffusion Shower Screen","LM - HD Shower Screen","PSD-HD-LM","2025-05-10",7,560,0,0,560,56,616
"Magnetic Dosing Ring","58mm Dosing Ring","V2-PSDring-58mm","2025-05-11",1,30.45,0,0,30.45,3.05,33.5
"Pesado He[%] - High Extraction Basket","Pesado He[%] Basket - Large","PSD-HE-LG","2025-05-11",2,164,0,0,164,7.73,171.73
"Pesado x AD Coffee - Self Leveling Spring Tamper","Default Title","PSD-ADcoffee-Tamper","2025-05-11",2,368.26,0,0,368.26,0,368.26
"Sunrise Ceramic Set (FREE)","Default Title","FREE-PSD-CeramicSet","2025-05-11",7,0,0,0,0,0,0
"Milk Jug (Sharp spout)","Default Title","PSDjug","2025-05-11",1,49.09,0,0,49.09,4.91,54
"Pesado Puck Screen Stand","Default Title","PSD-PuckHolder","2025-05-11",1,27.27,-2.72,0,24.55,2.45,27
"Pesado EP Filter Basket","EP-20g","EP-20g","2025-05-11",2,58.39,0,0,58.39,2.73,61.12
"Shipping Protection","Default Title","UpCart","2025-05-11",3,6.81,0,0,6.81,0.69,7.5
"Naked Portafilter (Hybrid)","E61 5mm / White / Haze","PF00MV-WHZ-HY","2025-05-11",1,153.27,0,0,153.27,0,153.27
"PESADO HD - High Diffusion Shower Screen","MV - HD Shower Screen","PSD-HD-MV","2025-05-11",1,80,0,0,80,8,88
"PESADO HD - High Diffusion Shower Screen","E61 - HD Shower Screen","PSD-HD-E61","2025-05-11",7,637.62,-8.63,0,628.99,33.69,662.68
"Clump Crusher (WDT tool)","Riga","PSDcrusherRIGA","2025-05-11",1,40,0,0,40,4,44
"PESADO HD - High Diffusion Shower Screen","LM - HD Shower Screen","PSD-HD-LM","2025-05-11",6,480,0,0,480,48,528
"Pesado Tamping Station","Default Title","PSD-TampingStation","2025-05-11",1,163.64,0,0,163.64,16.36,180
"Naked Portafilter (Hybrid)","E61 5mm / Black / Riga","PF00MVBK-Riga-HY","2025-05-11",1,163.3,0,0,163.3,0,163.3
"ALSA by Squeaky Thailand","Default Title","Squeaky-Alsa","2025-05-11",1,101.97,0,0,101.97,0,101.97
"Filter Basket","23.5 (17g)","PSD23.5","2025-05-11",1,27.27,0,0,27.27,2.73,30
"Pesado He[%] - High Extraction Basket","Pesado He[%] Basket - X-Large","PSD-HE-XL","2025-05-11",1,77.27,-7.72,0,69.55,6.95,76.5
"Pesado He[%] - High Extraction Basket","Pesado He[%] Basket - Medium","PSD-HE-ME","2025-05-11",1,87.55,0,0,87.55,0,87.55
"Metallic Clump Crusher (WDT tool)","Silver","PSDcrusher-Silver","2025-05-11",1,40,0,0,40,4,44
"Pesado EP Filter Basket","EP-22g","EP-22g","2025-05-11",1,27.26,-6.81,0,20.45,2.05,22.5
"Modular Handle - Portafilter","Black / Bronze","PSDHMODBBZ","2025-05-11",1,72.72,0,0,72.72,7.27,79.99
"Puck Diffuser Screen","58mm","PSD-puck","2025-05-11",2,50,-2.5,0,47.5,4.75,52.25
"Dosing Bundle","Default Title","DOSING_B","2025-05-11",1,62.27,-6.22,0,56.05,5.6,61.65
"Pesado x AD Coffee - Self Leveling Spring Tamper","Default Title","PSD-ADcoffee-Tamper","2025-05-12",2,327.27,-24.54,0,302.73,30.27,333
"Sunrise Ceramic Set (FREE)","Default Title","FREE-PSD-CeramicSet","2025-05-12",7,0,0,0,0,0,0
"Naked Portafilter (Hybrid)","Breville 58mm / White / Iris","PF00BR58WH-Iris-HY","2025-05-12",1,160,0,0,160,0,160
"Magnetic Dosing Ring","58mm Dosing Ring","V2-PSDring-58mm","2025-05-12",2,60.9,-4.56,0,56.34,5.64,61.98
"Pesado He[%] - High Extraction Basket","Pesado He[%] Basket - Large","PSD-HE-LG","2025-05-12",3,231.81,0,0,231.81,23.19,255
"Metallic Clump Crusher (WDT tool)","Black V2","V2-PSDcrusher-Black","2025-05-12",1,40,-6,0,34,3.4,37.4
"Pesado EP Filter Basket","EP-18g","EP-18g","2025-05-12",1,27.26,-6.81,0,20.45,2.05,22.5
"PESADO HD - High Diffusion Shower Screen","MV - HD Shower Screen","PSD-HD-MV","2025-05-12",2,160,-12,0,148,14.8,162.8
"Clump Crusher (WDT tool)","Raya","PSDcrusherRAYA","2025-05-12",1,40,0,0,40,4,44
"Milk Jug (Sharp spout)","Default Title","PSDjug","2025-05-12",1,49.09,-7.36,0,41.73,4.17,45.9
"Wooden Leva Accents","Iris","PSDleva-Iris","2025-05-12",1,36.87,0,0,36.87,0,36.87
"Pesado Puck Screen Stand","Default Title","PSD-PuckHolder","2025-05-12",1,27.27,-4.09,0,23.18,2.32,25.5
"Shipping Protection","Default Title","UpCart","2025-05-12",2,4.54,-0.22,0,4.32,0.43,4.75
"Pesado Tamping Station","Default Title","PSD-TampingStation","2025-05-12",1,163.63,-24.54,0,139.09,13.91,153
"PESADO HD - High Diffusion Shower Screen","LM - HD Shower Screen","PSD-HD-LM","2025-05-12",1,240,0,-160,80,8,88
"PESADO HD - High Diffusion Shower Screen","E61 - HD Shower Screen","PSD-HD-E61","2025-05-12",11,961.31,-21.58,0,939.73,84.23,1023.96
"Double Spouted Portafilter","La Marzocco / E61 / Black | Iris","PF02LMBK-Iris","2025-05-12",1,160,0,0,160,0,160
"Puck Screen Holder Bundle","Puck Screen Holder + 58mm Puck Diffuser Screen","PSD-PuckHolderBundle-58","2025-05-12",1,52.27,-5.22,0,47.05,4.7,51.75
"Impact Gravity Distributor - 58.4mm","Default Title","V2-PSD-distributor","2025-05-12",1,150,-22.5,0,127.5,12.75,140.25
"Espresso Shot Mirror","Default Title","PSDshot-mirror","2025-05-12",2,77.31,-46.01,0,31.3,3.13,34.43
"Distribution Bundle","58mm Distribution Bundle","DISTR_B","2025-05-12",1,216,-21.6,0,194.4,19.44,213.84
"Puck Diffuser Screen","58mm","PSD-puck","2025-05-12",2,49.99,-3.74,0,46.25,4.63,50.88
,"",,"2025-05-12",3,9.09,0,0,9.09,0.91,10
"Stand for (WDT) Clump Crusher","Default Title","PSDcrusher-Stand","2025-05-12",1,26,0,0,26,2.6,28.6
"Milk Jug (Round spout)","Default Title","PSDjugWH","2025-05-12",1,98.19,-31.91,-41.73,24.55,2.45,27
"Pesado He[%] - High Extraction Basket","Pesado He[%] Basket - Medium","PSD-HE-ME","2025-05-12",6,497.11,-262.72,0,234.39,14.68,249.07
"Sunrise Ceramic Set","Default Title","PSD-CeramicSet","2025-05-13",1,13.63,-1.36,0,12.27,1.23,13.5
"Shipping Protection","Default Title","UpCart","2025-05-13",1,2.27,0,0,2.27,0.23,2.5
"Pesado He[%] Breville 54mm - High Extraction Basket","Default Title","PSD-HE-54","2025-05-13",1,87.27,-87.27,0,0,0,0
"Pesado EP Filter Basket","EP-18g","EP-18g","2025-05-13",1,27.27,0,0,27.27,2.73,30
"PESADO HD - High Diffusion Shower Screen","MV - HD Shower Screen","PSD-HD-MV","2025-05-13",4,320,0,0,320,32,352
"Puck Diffuser Screen","54mm","PSD-puck-54","2025-05-13",1,25,0,0,25,2.5,27.5
"Pesado He[%] - High Extraction Basket","Pesado He[%] Basket - Large","PSD-HE-LG","2025-05-13",1,77.27,0,0,77.27,7.73,85
"Tamper","58.5mm / Black / Gold","PSDTMBGd","2025-05-13",1,120,-12,0,108,0,108
"Sunrise Ceramic Set (FREE)","Default Title","FREE-PSD-CeramicSet","2025-05-13",3,0,0,0,0,0,0
"Modular Handle - Portafilter","Black / Silver","PSDHMODBSL","2025-05-13",1,72.71,-13.62,0,59.09,5.91,65
"Naked Portafilter (Hybrid)","Breville 58mm / Black / Gold","PF00BR58-BGD-HY","2025-05-13",1,150,-15,0,135,0,135
"Pesado He[%] - High Extraction Basket","Pesado He[%] Basket - X-Large","PSD-HE-XL","2025-05-13",2,164.24,-20.77,0,143.47,6.95,150.42
"Pesado He[%] - High Extraction Basket","Pesado He[%] Basket - Medium","PSD-HE-ME","2025-05-13",1,77.27,0,0,77.27,7.73,85
"PESADO HD - High Diffusion Shower Screen","E61 - HD Shower Screen","PSD-HD-E61","2025-05-13",3,259.08,-8.63,0,250.45,25.05,275.5
"Puck Screen Holder Bundle","Puck Screen Holder + 58mm Puck Diffuser Screen","PSD-PuckHolderBundle-58","2025-05-13",1,52.27,0,0,52.27,5.23,57.5
"Puck Diffuser Screen","58mm","PSD-puck","2025-05-13",1,25,0,0,25,2.5,27.5
"PESADO HD - High Diffusion Shower Screen","LM - HD Shower Screen","PSD-HD-LM","2025-05-13",5,499.72,-42.96,-80,376.76,22.4,399.16
"Filter Basket","23.5 (17g)","PSD23.5","2025-05-14",1,27.27,0,0,27.27,2.73,30
,"",,"2025-05-14",1,0,0,0,0,0,0
"Hybrid Portafilter Head/Attachment","E61 5mm","PFH02MV-HY","2025-05-14",1,122.62,-12.25,0,110.37,0,110.37
"PESADO HD - High Diffusion Shower Screen","E61 - HD Shower Screen","PSD-HD-E61","2025-05-14",11,975.89,-12.95,0,962.94,67.81,1030.75
"Filter Basket","22.5 (16g)","PSD22.5","2025-05-14",1,27.27,0,0,27.27,2.73,30
"PESADO HD - High Diffusion Shower Screen","LM - HD Shower Screen","PSD-HD-LM","2025-05-14",6,480,0,0,480,48,528
"Puck Diffuser Screen","58mm","PSD-puck","2025-05-14",2,50,0,0,50,5,55
"Naked Portafilter (Hybrid)","Breville 54mm / Black / Black","PF00BR54-BBK-HY","2025-05-14",1,150,0,0,150,0,150
"Impact Gravity Distributor - 58.4mm","Default Title","V2-PSD-distributor","2025-05-14",1,150,-22.5,0,127.5,12.75,140.25
"PESADO HD - High Diffusion Shower Screen","MV - HD Shower Screen","PSD-HD-MV","2025-05-14",1,80,0,0,80,8,88
"Competition Shower Screen","Nuova Simonelli","PSDNS","2025-05-14",6,214.5,0,0,214.5,0,214.5
"Milk Jug (Sharp spout)","Default Title","PSDjug","2025-05-14",2,98.18,0,0,98.18,9.82,108
"Sunrise Ceramic Set","Default Title","PSD-CeramicSet","2025-05-14",1,13.64,-3.41,0,10.23,1.02,11.25
"Shipping Protection","Default Title","UpCart","2025-05-14",3,6.81,0,0,6.81,0.69,7.5
"Sunrise Ceramic Set (FREE)","Default Title","FREE-PSD-CeramicSet","2025-05-14",5,0,0,0,0,0,0
"Magnetic Dosing Ring","58mm Dosing Ring","V2-PSDring-58mm","2025-05-14",1,30.45,0,0,30.45,3.05,33.5
"Competition Shower Screen","La Marzocco","PSDLM","2025-05-14",1,31.82,0,0,31.82,3.18,35
"PESADO HD - High Diffusion Shower Screen","E61 - HD Shower Screen","PSD-HD-E61","2025-05-15",-1,0,0,-86.36,-86.36,-8.64,-95
"WDT Pin Pack","Default Title","PSD-removablepins","2025-05-15",2,1.82,0,0,1.82,0.18,2
"Naked Portafilter (Hybrid)","Breville 58mm / Black / Bronze","PF00BR58-BBZ-HY","2025-05-15",1,150,0,0,150,0,150
"PESADO HD - High Diffusion Shower Screen","LM - HD Shower Screen","PSD-HD-LM","2025-05-15",7,570.81,0,0,570.81,48,618.81
"Barista Apron","Small","ApronPSDS","2025-05-15",1,107.37,0,0,107.37,0,107.37
"Pesado He[%] - High Extraction Basket","Pesado He[%] Basket - X-Large","PSD-HE-XL","2025-05-15",1,77.27,0,0,77.27,7.73,85
"Barista Apron","Large","ApronPSDL","2025-05-15",-1,0,0,-108.13,-108.13,0,-108.13
"Puck Diffuser Screen","58mm","PSD-puck","2025-05-15",4,99.99,-3.74,0,96.25,9.63,105.88
"Puck Diffuser Screen","54mm","PSD-puck-54","2025-05-15",1,25,0,0,25,2.5,27.5
"Precision Distribution Bundle","Default Title","Prec_Dist_Bundle","2025-05-15",2,411.09,0,0,411.09,41.11,452.2
"Pesado x AD Coffee - Self Leveling Spring Tamper","Default Title","PSD-ADcoffee-Tamper","2025-05-15",1,163.63,-32.72,0,130.91,13.09,144
"Pesado He[%] - High Extraction Basket","Pesado He[%] Basket - Large","PSD-HE-LG","2025-05-15",2,162.27,-85,0,77.27,7.73,85
"Naked Portafilter (Hybrid)","Breville 54mm / Black Full POM","PF00BR54-FullPOM-HY","2025-05-15",1,110,0,0,110,0,110
"Pesado EP Filter Basket","EP-Breville54-18g","EP-BR-18g","2025-05-15",1,27.27,0,0,27.27,2.73,30
"Sunrise Ceramic Set (FREE)","Default Title","FREE-PSD-CeramicSet","2025-05-15",2,0,0,0,0,0,0
"Sunrise Ceramic Set","Default Title","PSD-CeramicSet","2025-05-15",2,27.27,-2.04,0,25.23,2.52,27.75
"Competition Shower Screen","Nuova Simonelli","PSDNS","2025-05-15",1,31.82,-4.77,0,27.05,2.7,29.75
"Pesado EP Filter Basket","EP-20g","EP-20g","2025-05-15",1,27.26,-6.81,0,20.45,2.05,22.5
"Pesado Puck Screen Stand","Default Title","PSD-PuckHolder","2025-05-15",1,27.27,0,0,27.27,2.73,30
"Shipping Protection","Default Title","UpCart","2025-05-15",3,6.81,0,0,6.81,0.69,7.5
"Metallic Clump Crusher (WDT tool)","Bronze","PSDcrusher-Bronze","2025-05-15",1,40,0,0,40,4,44
"Pesado He[%] - High Extraction Basket","Pesado He[%] Basket - Small","PSD-HE-SM","2025-05-15",1,77.27,0,0,77.27,7.73,85
"Stand for (WDT) Clump Crusher 2.0","Default Title","V2-PSDcrusher-Stand","2025-05-15",1,26,0,0,26,2.6,28.6
"Pesado EP Filter Basket","EP-18g","EP-18g","2025-05-15",1,27.27,-4.09,0,23.18,2.32,25.5
"PESADO HD - High Diffusion Shower Screen","MV - HD Shower Screen","PSD-HD-MV","2025-05-15",3,240,0,0,240,24,264
"Metallic Clump Crusher (WDT tool)","Black V2","V2-PSDcrusher-Black","2025-05-16",2,89.9,0,0,89.9,0,89.9
"Pesado He[%] - High Extraction Basket","Pesado He[%] Basket - Large","PSD-HE-LG","2025-05-16",1,77.27,-7.72,0,69.55,6.95,76.5
"Magnetic Dosing Ring","58mm Dosing Ring","V2-PSDring-58mm","2025-05-16",2,68.4,0,0,68.4,0,68.4
"Sunrise Ceramic Set (FREE)","Default Title","FREE-PSD-CeramicSet","2025-05-16",1,0,0,0,0,0,0
"Puck Diffuser Screen","58mm","PSD-puck","2025-05-16",1,28.21,0,0,28.21,0,28.21
"PESADO HD - High Diffusion Shower Screen","E61 - HD Shower Screen","PSD-HD-E61","2025-05-16",1,172.72,0,-86.36,86.36,8.64,95
"Crusher Pin","Replaceable WDT pin system (0.3mm)","PSD-PinUP","2025-05-16",1,22.73,0,0,22.73,2.27,25
"PESADO HD - High Diffusion Shower Screen","MV - HD Shower Screen","PSD-HD-MV","2025-05-16",4,320,-44,0,276,27.6,303.6
"Naked Portafilter (Hybrid)","E61 5mm / Black / Silver","PF00MV-BSL-HY","2025-05-16",1,150,-37.5,0,112.5,0,112.5
"ALSA by Squeaky Thailand","Default Title","Squeaky-Alsa","2025-05-16",-1,0,0,-90.82,-90.82,-9.08,-99.9
"PESADO HD - High Diffusion Shower Screen","LM - HD Shower Screen","PSD-HD-LM","2025-05-16",-1,0,0,-68,-68,-6.8,-74.8
"Pesado He[%] - High Extraction Basket","Pesado He[%] Basket - Medium","PSD-HE-ME","2025-05-16",4,337.57,-19.31,0,318.26,5.8,324.06
"Dosing Cup","58mm / Charcoal","PSDdosingCup-CH","2025-05-16",2,71.5,0,0,71.5,0,71.5
"Pesado He[%] - High Extraction Basket","Pesado He[%] Basket - X-Large","PSD-HE-XL","2025-05-16",1,77.27,-11.59,0,65.68,6.57,72.25
,"",,"2025-05-16",1,68,0,0,68,6.8,74.8
"PESADO HD - High Diffusion Shower Screen","LM - HD Shower Screen","PSD-HD-LM","2025-05-19",-2,0,0,-160,-160,-16,-176
,"",,"2025-05-19",1,80,0,0,80,8,88
"Pesado Black Ripple Set","Barista Jug Sharp Spout","PSDjug-BK","2025-05-20",-1,0,0,-46.84,-46.84,0,-46.84
"PESADO HD - High Diffusion Shower Screen","LM - HD Shower Screen","PSD-HD-LM","2025-05-20",-2,0,0,-160,-160,-16,-176
,"",,"2025-05-20",1,80,0,0,80,8,88
"Shipping Protection","Default Title","UpCart","2025-05-22",-1,0,0,-2.27,-2.27,-0.23,-2.5
"Milk Jug (Sharp spout)","Default Title","PSDjug","2025-05-22",-1,0,0,-49.09,-49.09,-4.91,-54
"PESADO HD - High Diffusion Shower Screen","E61 - HD Shower Screen","PSD-HD-E61","2025-05-22",-1,0,0,-86.36,-86.36,-8.64,-95
,"",,"2025-05-22",1,80,0,0,80,8,88
"PESADO HD - High Diffusion Shower Screen","LM - HD Shower Screen","PSD-HD-LM","2025-05-22",-3,0,0,-240,-240,-24,-264
,"",,"2025-05-26",5,0,0,0,0,0,0
"PESADO HD - High Diffusion Shower Screen","E61 - HD Shower Screen","PSD-HD-E61","2025-05-26",-1,0,0,-86.36,-86.36,-8.64,-95
"PESADO HD - High Diffusion Shower Screen","E61 - HD Shower Screen","PSD-HD-E61","2025-05-27",-1,0,0,-77.73,-77.73,-7.77,-85.5
"Sunrise 58mm Dosing Cup - Limited Edition","Charcoal","SunriseDosing-CH","2025-05-28",-1,0,0,-36.67,-36.67,0,-36.67
,"",,"2025-06-02",1,77.27,-11.59,0,65.68,6.57,72.25
"Pesado He[%] - High Extraction Basket","Pesado He[%] Basket - Large","PSD-HE-LG","2025-06-02",-2,0,0,-154.55,-154.55,-15.45,-170
"PESADO HD - High Diffusion Shower Screen","E61 - HD Shower Screen","PSD-HD-E61","2025-06-02",-1,0,0,-86.36,-86.36,-8.64,-95
"Pesado He[%] - High Extraction Basket","Pesado He[%] Basket - X-Large","PSD-HE-XL","2025-06-03",-1,0,0,-77.27,-77.27,-7.73,-85
"PESADO HD - High Diffusion Shower Screen","MV - HD Shower Screen","PSD-HD-MV","2025-06-05",-1,0,0,-80,-80,-8,-88
"PESADO HD - High Diffusion Shower Screen","LM - HD Shower Screen","PSD-HD-LM","2025-06-06",-1,0,0,-80,-80,-8,-88
"PESADO HD - High Diffusion Shower Screen","E61 - HD Shower Screen","PSD-HD-E61","2025-06-09",-1,0,0,-73.41,-73.41,-7.34,-80.75
"PESADO HD - High Diffusion Shower Screen","E61 - HD Shower Screen","PSD-HD-E61","2025-06-12",-2,0,0,-159.77,-159.77,-15.98,-175.75
"PESADO HD - High Diffusion Shower Screen","E61 - HD Shower Screen","PSD-HD-E61","2025-06-13",-2,0,0,-172.73,-172.73,-17.27,-190
"PESADO HD - High Diffusion Shower Screen","LM - HD Shower Screen","PSD-HD-LM","2025-06-17",-3,0,0,-240,-240,-24,-264
"PESADO HD - High Diffusion Shower Screen","E61 - HD Shower Screen","PSD-HD-E61","2025-06-23",-1,0,0,-86.36,-86.36,-8.64,-95
"PESADO HD - High Diffusion Shower Screen","LM - HD Shower Screen","PSD-HD-LM","2025-06-26",-1,0,0,-80,-80,-8,-88
"Filter Basket","22.5 (16g)","PSD22.5","2025-07-18",-1,0,0,-27.27,-27.27,-2.73,-30
"PESADO HD - High Diffusion Shower Screen","E61 - HD Shower Screen","PSD-HD-E61","2025-08-04",-2,0,0,-164.09,-164.09,-16.41,-180.5
